# Original Kimchily Chili Island mesh
mtllib ChiliIsland.mtl
o Wax_leaf
usemtl Mint
v -0.634702 0.9691 0
v -0.672255 0.916487 0.037938
v -0.67727 0.914148 0
v -0.634702 0.9691 0
v -0.656345 0.923906 0.067965
v -0.672255 0.916487 0.037938
v -0.634702 0.9691 0
v -0.633616 0.934504 0.083642
v -0.656345 0.923906 0.067965
v -0.634702 0.9691 0
v -0.608899 0.94603 0.083642
v -0.633616 0.934504 0.083642
v -0.634702 0.9691 0
v -0.58617 0.956629 0.067965
v -0.608899 0.94603 0.083642
v -0.634702 0.9691 0
v -0.570259 0.964048 0.037938
v -0.58617 0.956629 0.067965
v -0.634702 0.9691 0
v -0.565244 0.966387 0
v -0.570259 0.964048 0.037938
v -0.634702 0.9691 0
v -0.571323 0.963552 -0.037146
v -0.565244 0.966387 0
v -0.634702 0.9691 0
v -0.586498 0.956476 -0.06733
v -0.571323 0.963552 -0.037146
v -0.634702 0.9691 0
v -0.608688 0.946129 -0.085069
v -0.586498 0.956476 -0.06733
v -0.634702 0.9691 0
v -0.633827 0.934406 -0.085069
v -0.608688 0.946129 -0.085069
v -0.634702 0.9691 0
v -0.656017 0.924059 -0.06733
v -0.633827 0.934406 -0.085069
v -0.634702 0.9691 0
v -0.671191 0.916983 -0.037146
v -0.656017 0.924059 -0.06733
v -0.634702 0.9691 0
v -0.67727 0.914148 0
v -0.671191 0.916983 -0.037146
v -0.67727 0.914148 0
v -0.672255 0.916487 0.037938
v -0.680156 0.810932 0.072841
v -0.67727 0.914148 0
v -0.680156 0.810932 0.072841
v -0.688782 0.80691 0
v -0.672255 0.916487 0.037938
v -0.656345 0.923906 0.067965
v -0.64926 0.825339 0.129822
v -0.672255 0.916487 0.037938
v -0.64926 0.825339 0.129822
v -0.680156 0.810932 0.072841
v -0.656345 0.923906 0.067965
v -0.633616 0.934504 0.083642
v -0.605565 0.845715 0.157873
v -0.656345 0.923906 0.067965
v -0.605565 0.845715 0.157873
v -0.64926 0.825339 0.129822
v -0.633616 0.934504 0.083642
v -0.608899 0.94603 0.083642
v -0.558912 0.867469 0.157873
v -0.633616 0.934504 0.083642
v -0.558912 0.867469 0.157873
v -0.605565 0.845715 0.157873
v -0.608899 0.94603 0.083642
v -0.58617 0.956629 0.067965
v -0.515217 0.887845 0.129822
v -0.608899 0.94603 0.083642
v -0.515217 0.887845 0.129822
v -0.558912 0.867469 0.157873
v -0.58617 0.956629 0.067965
v -0.570259 0.964048 0.037938
v -0.484322 0.902251 0.072841
v -0.58617 0.956629 0.067965
v -0.484322 0.902251 0.072841
v -0.515217 0.887845 0.129822
v -0.570259 0.964048 0.037938
v -0.565244 0.966387 0
v -0.475696 0.906274 0
v -0.570259 0.964048 0.037938
v -0.475696 0.906274 0
v -0.484322 0.902251 0.072841
v -0.565244 0.966387 0
v -0.571323 0.963552 -0.037146
v -0.488172 0.900456 -0.069976
v -0.565244 0.966387 0
v -0.488172 0.900456 -0.069976
v -0.475696 0.906274 0
v -0.571323 0.963552 -0.037146
v -0.586498 0.956476 -0.06733
v -0.516403 0.887292 -0.127525
v -0.571323 0.963552 -0.037146
v -0.516403 0.887292 -0.127525
v -0.488172 0.900456 -0.069976
v -0.586498 0.956476 -0.06733
v -0.608688 0.946129 -0.085069
v -0.558149 0.867825 -0.163034
v -0.586498 0.956476 -0.06733
v -0.558149 0.867825 -0.163034
v -0.516403 0.887292 -0.127525
v -0.608688 0.946129 -0.085069
v -0.633827 0.934406 -0.085069
v -0.606328 0.845359 -0.163034
v -0.608688 0.946129 -0.085069
v -0.606328 0.845359 -0.163034
v -0.558149 0.867825 -0.163034
v -0.633827 0.934406 -0.085069
v -0.656017 0.924059 -0.06733
v -0.648074 0.825892 -0.127525
v -0.633827 0.934406 -0.085069
v -0.648074 0.825892 -0.127525
v -0.606328 0.845359 -0.163034
v -0.656017 0.924059 -0.06733
v -0.671191 0.916983 -0.037146
v -0.676305 0.812728 -0.069976
v -0.656017 0.924059 -0.06733
v -0.676305 0.812728 -0.069976
v -0.648074 0.825892 -0.127525
v -0.671191 0.916983 -0.037146
v -0.67727 0.914148 0
v -0.688782 0.80691 0
v -0.671191 0.916983 -0.037146
v -0.688782 0.80691 0
v -0.676305 0.812728 -0.069976
v -0.688782 0.80691 0
v -0.680156 0.810932 0.072841
v -0.657235 0.662954 0.100999
v -0.688782 0.80691 0
v -0.657235 0.662954 0.100999
v -0.66811 0.657883 0
v -0.680156 0.810932 0.072841
v -0.64926 0.825339 0.129822
v -0.61402 0.683106 0.17928
v -0.680156 0.810932 0.072841
v -0.61402 0.683106 0.17928
v -0.657235 0.662954 0.100999
v -0.64926 0.825339 0.129822
v -0.605565 0.845715 0.157873
v -0.553375 0.711385 0.215956
v -0.64926 0.825339 0.129822
v -0.553375 0.711385 0.215956
v -0.61402 0.683106 0.17928
v -0.605565 0.845715 0.157873
v -0.558912 0.867469 0.157873
v -0.489557 0.741144 0.215956
v -0.605565 0.845715 0.157873
v -0.489557 0.741144 0.215956
v -0.553375 0.711385 0.215956
v -0.558912 0.867469 0.157873
v -0.515217 0.887845 0.129822
v -0.428912 0.769423 0.17928
v -0.558912 0.867469 0.157873
v -0.428912 0.769423 0.17928
v -0.489557 0.741144 0.215956
v -0.515217 0.887845 0.129822
v -0.484322 0.902251 0.072841
v -0.385697 0.789574 0.100999
v -0.515217 0.887845 0.129822
v -0.385697 0.789574 0.100999
v -0.428912 0.769423 0.17928
v -0.484322 0.902251 0.072841
v -0.475696 0.906274 0
v -0.374822 0.794645 0
v -0.484322 0.902251 0.072841
v -0.374822 0.794645 0
v -0.385697 0.789574 0.100999
v -0.475696 0.906274 0
v -0.488172 0.900456 -0.069976
v -0.392992 0.786173 -0.095572
v -0.475696 0.906274 0
v -0.392992 0.786173 -0.095572
v -0.374822 0.794645 0
v -0.488172 0.900456 -0.069976
v -0.516403 0.887292 -0.127525
v -0.431158 0.768375 -0.174928
v -0.488172 0.900456 -0.069976
v -0.431158 0.768375 -0.174928
v -0.392992 0.786173 -0.095572
v -0.516403 0.887292 -0.127525
v -0.558149 0.867825 -0.163034
v -0.488112 0.741817 -0.225734
v -0.516403 0.887292 -0.127525
v -0.488112 0.741817 -0.225734
v -0.431158 0.768375 -0.174928
v -0.558149 0.867825 -0.163034
v -0.606328 0.845359 -0.163034
v -0.55482 0.710711 -0.225734
v -0.558149 0.867825 -0.163034
v -0.55482 0.710711 -0.225734
v -0.488112 0.741817 -0.225734
v -0.606328 0.845359 -0.163034
v -0.648074 0.825892 -0.127525
v -0.611773 0.684153 -0.174928
v -0.606328 0.845359 -0.163034
v -0.611773 0.684153 -0.174928
v -0.55482 0.710711 -0.225734
v -0.648074 0.825892 -0.127525
v -0.676305 0.812728 -0.069976
v -0.64994 0.666356 -0.095572
v -0.648074 0.825892 -0.127525
v -0.64994 0.666356 -0.095572
v -0.611773 0.684153 -0.174928
v -0.676305 0.812728 -0.069976
v -0.688782 0.80691 0
v -0.66811 0.657883 0
v -0.676305 0.812728 -0.069976
v -0.66811 0.657883 0
v -0.64994 0.666356 -0.095572
v -0.66811 0.657883 0
v -0.657235 0.662954 0.100999
v -0.605246 0.487266 0.119291
v -0.66811 0.657883 0
v -0.605246 0.487266 0.119291
v -0.617278 0.481655 0
v -0.657235 0.662954 0.100999
v -0.61402 0.683106 0.17928
v -0.553923 0.511198 0.211205
v -0.657235 0.662954 0.100999
v -0.553923 0.511198 0.211205
v -0.605246 0.487266 0.119291
v -0.61402 0.683106 0.17928
v -0.553375 0.711385 0.215956
v -0.48225 0.54462 0.252863
v -0.61402 0.683106 0.17928
v -0.48225 0.54462 0.252863
v -0.553923 0.511198 0.211205
v -0.553375 0.711385 0.215956
v -0.489557 0.741144 0.215956
v -0.407526 0.579464 0.252863
v -0.553375 0.711385 0.215956
v -0.407526 0.579464 0.252863
v -0.48225 0.54462 0.252863
v -0.489557 0.741144 0.215956
v -0.428912 0.769423 0.17928
v -0.335852 0.612886 0.211205
v -0.489557 0.741144 0.215956
v -0.335852 0.612886 0.211205
v -0.407526 0.579464 0.252863
v -0.428912 0.769423 0.17928
v -0.385697 0.789574 0.100999
v -0.284529 0.636818 0.119291
v -0.428912 0.769423 0.17928
v -0.284529 0.636818 0.119291
v -0.335852 0.612886 0.211205
v -0.385697 0.789574 0.100999
v -0.374822 0.794645 0
v -0.272498 0.642429 0
v -0.385697 0.789574 0.100999
v -0.272498 0.642429 0
v -0.284529 0.636818 0.119291
v -0.374822 0.794645 0
v -0.392992 0.786173 -0.095572
v -0.29461 0.632118 -0.111792
v -0.374822 0.794645 0
v -0.29461 0.632118 -0.111792
v -0.272498 0.642429 0
v -0.392992 0.786173 -0.095572
v -0.431158 0.768375 -0.174928
v -0.338957 0.611438 -0.205192
v -0.392992 0.786173 -0.095572
v -0.338957 0.611438 -0.205192
v -0.29461 0.632118 -0.111792
v -0.431158 0.768375 -0.174928
v -0.488112 0.741817 -0.225734
v -0.405529 0.580395 -0.266376
v -0.431158 0.768375 -0.174928
v -0.405529 0.580395 -0.266376
v -0.338957 0.611438 -0.205192
v -0.488112 0.741817 -0.225734
v -0.55482 0.710711 -0.225734
v -0.484246 0.543689 -0.266376
v -0.488112 0.741817 -0.225734
v -0.484246 0.543689 -0.266376
v -0.405529 0.580395 -0.266376
v -0.55482 0.710711 -0.225734
v -0.611773 0.684153 -0.174928
v -0.550819 0.512645 -0.205192
v -0.55482 0.710711 -0.225734
v -0.550819 0.512645 -0.205192
v -0.484246 0.543689 -0.266376
v -0.611773 0.684153 -0.174928
v -0.64994 0.666356 -0.095572
v -0.595165 0.491966 -0.111792
v -0.611773 0.684153 -0.174928
v -0.595165 0.491966 -0.111792
v -0.550819 0.512645 -0.205192
v -0.64994 0.666356 -0.095572
v -0.66811 0.657883 0
v -0.617278 0.481655 0
v -0.64994 0.666356 -0.095572
v -0.617278 0.481655 0
v -0.595165 0.491966 -0.111792
v -0.617278 0.481655 0
v -0.605246 0.487266 0.119291
v -0.528884 0.301248 0.125633
v -0.617278 0.481655 0
v -0.528884 0.301248 0.125633
v -0.541262 0.295476 0
v -0.605246 0.487266 0.119291
v -0.553923 0.511198 0.211205
v -0.474731 0.3265 0.222237
v -0.605246 0.487266 0.119291
v -0.474731 0.3265 0.222237
v -0.528884 0.301248 0.125633
v -0.553923 0.511198 0.211205
v -0.48225 0.54462 0.252863
v -0.399231 0.361706 0.26551
v -0.553923 0.511198 0.211205
v -0.399231 0.361706 0.26551
v -0.474731 0.3265 0.222237
v -0.48225 0.54462 0.252863
v -0.407526 0.579464 0.252863
v -0.320769 0.398294 0.26551
v -0.48225 0.54462 0.252863
v -0.320769 0.398294 0.26551
v -0.399231 0.361706 0.26551
v -0.407526 0.579464 0.252863
v -0.335852 0.612886 0.211205
v -0.245269 0.4335 0.222237
v -0.407526 0.579464 0.252863
v -0.245269 0.4335 0.222237
v -0.320769 0.398294 0.26551
v -0.335852 0.612886 0.211205
v -0.284529 0.636818 0.119291
v -0.191117 0.458752 0.125633
v -0.335852 0.612886 0.211205
v -0.191117 0.458752 0.125633
v -0.245269 0.4335 0.222237
v -0.284529 0.636818 0.119291
v -0.272498 0.642429 0
v -0.178739 0.464524 0
v -0.284529 0.636818 0.119291
v -0.178739 0.464524 0
v -0.191117 0.458752 0.125633
v -0.272498 0.642429 0
v -0.29461 0.632118 -0.111792
v -0.202262 0.453555 -0.117342
v -0.272498 0.642429 0
v -0.202262 0.453555 -0.117342
v -0.178739 0.464524 0
v -0.29461 0.632118 -0.111792
v -0.338957 0.611438 -0.205192
v -0.248702 0.431899 -0.215589
v -0.29461 0.632118 -0.111792
v -0.248702 0.431899 -0.215589
v -0.202262 0.453555 -0.117342
v -0.338957 0.611438 -0.205192
v -0.405529 0.580395 -0.266376
v -0.318562 0.399323 -0.28045
v -0.338957 0.611438 -0.205192
v -0.318562 0.399323 -0.28045
v -0.248702 0.431899 -0.215589
v -0.405529 0.580395 -0.266376
v -0.484246 0.543689 -0.266376
v -0.401438 0.360677 -0.28045
v -0.405529 0.580395 -0.266376
v -0.401438 0.360677 -0.28045
v -0.318562 0.399323 -0.28045
v -0.484246 0.543689 -0.266376
v -0.550819 0.512645 -0.205192
v -0.471299 0.328101 -0.215588
v -0.484246 0.543689 -0.266376
v -0.471299 0.328101 -0.215588
v -0.401438 0.360677 -0.28045
v -0.550819 0.512645 -0.205192
v -0.595165 0.491966 -0.111792
v -0.517739 0.306445 -0.117342
v -0.550819 0.512645 -0.205192
v -0.517739 0.306445 -0.117342
v -0.471299 0.328101 -0.215588
v -0.595165 0.491966 -0.111792
v -0.617278 0.481655 0
v -0.541262 0.295476 0
v -0.595165 0.491966 -0.111792
v -0.541262 0.295476 0
v -0.517739 0.306445 -0.117342
v -0.541262 0.295476 0
v -0.528884 0.301248 0.125633
v -0.435471 0.123182 0.119291
v -0.541262 0.295476 0
v -0.435471 0.123182 0.119291
v -0.447503 0.117571 0
v -0.528884 0.301248 0.125633
v -0.474731 0.3265 0.222237
v -0.384148 0.147114 0.211205
v -0.528884 0.301248 0.125633
v -0.384148 0.147114 0.211205
v -0.435471 0.123182 0.119291
v -0.474731 0.3265 0.222237
v -0.399231 0.361706 0.26551
v -0.312475 0.180536 0.252863
v -0.474731 0.3265 0.222237
v -0.312475 0.180536 0.252863
v -0.384148 0.147114 0.211205
v -0.399231 0.361706 0.26551
v -0.320769 0.398294 0.26551
v -0.237751 0.21538 0.252863
v -0.399231 0.361706 0.26551
v -0.237751 0.21538 0.252863
v -0.312475 0.180536 0.252863
v -0.320769 0.398294 0.26551
v -0.245269 0.4335 0.222237
v -0.166077 0.248802 0.211205
v -0.320769 0.398294 0.26551
v -0.166077 0.248802 0.211205
v -0.237751 0.21538 0.252863
v -0.245269 0.4335 0.222237
v -0.191117 0.458752 0.125633
v -0.114754 0.272734 0.119291
v -0.245269 0.4335 0.222237
v -0.114754 0.272734 0.119291
v -0.166077 0.248802 0.211205
v -0.191117 0.458752 0.125633
v -0.178739 0.464524 0
v -0.102723 0.278345 0
v -0.191117 0.458752 0.125633
v -0.102723 0.278345 0
v -0.114754 0.272734 0.119291
v -0.178739 0.464524 0
v -0.202262 0.453555 -0.117342
v -0.124835 0.268034 -0.111792
v -0.178739 0.464524 0
v -0.124835 0.268034 -0.111792
v -0.102723 0.278345 0
v -0.202262 0.453555 -0.117342
v -0.248702 0.431899 -0.215589
v -0.169182 0.247355 -0.205192
v -0.202262 0.453555 -0.117342
v -0.169182 0.247355 -0.205192
v -0.124835 0.268034 -0.111792
v -0.248702 0.431899 -0.215589
v -0.318562 0.399323 -0.28045
v -0.235754 0.216311 -0.266376
v -0.248702 0.431899 -0.215589
v -0.235754 0.216311 -0.266376
v -0.169182 0.247355 -0.205192
v -0.318562 0.399323 -0.28045
v -0.401438 0.360677 -0.28045
v -0.314471 0.179605 -0.266376
v -0.318562 0.399323 -0.28045
v -0.314471 0.179605 -0.266376
v -0.235754 0.216311 -0.266376
v -0.401438 0.360677 -0.28045
v -0.471299 0.328101 -0.215588
v -0.381044 0.148562 -0.205192
v -0.401438 0.360677 -0.28045
v -0.381044 0.148562 -0.205192
v -0.314471 0.179605 -0.266376
v -0.471299 0.328101 -0.215588
v -0.517739 0.306445 -0.117342
v -0.42539 0.127883 -0.111792
v -0.471299 0.328101 -0.215588
v -0.42539 0.127883 -0.111792
v -0.381044 0.148562 -0.205192
v -0.517739 0.306445 -0.117342
v -0.541262 0.295476 0
v -0.447503 0.117571 0
v -0.517739 0.306445 -0.117342
v -0.447503 0.117571 0
v -0.42539 0.127883 -0.111792
v -0.447503 0.117571 0
v -0.435471 0.123182 0.119291
v -0.334303 -0.029574 0.100999
v -0.447503 0.117571 0
v -0.334303 -0.029574 0.100999
v -0.345178 -0.034645 0
v -0.435471 0.123182 0.119291
v -0.384148 0.147114 0.211205
v -0.291089 -0.009423 0.17928
v -0.435471 0.123182 0.119291
v -0.291089 -0.009423 0.17928
v -0.334303 -0.029574 0.100999
v -0.384148 0.147114 0.211205
v -0.312475 0.180536 0.252863
v -0.230443 0.018856 0.215956
v -0.384148 0.147114 0.211205
v -0.230443 0.018856 0.215956
v -0.291089 -0.009423 0.17928
v -0.312475 0.180536 0.252863
v -0.237751 0.21538 0.252863
v -0.166626 0.048615 0.215956
v -0.312475 0.180536 0.252863
v -0.166626 0.048615 0.215956
v -0.230443 0.018856 0.215956
v -0.237751 0.21538 0.252863
v -0.166077 0.248802 0.211205
v -0.10598 0.076894 0.17928
v -0.237751 0.21538 0.252863
v -0.10598 0.076894 0.17928
v -0.166626 0.048615 0.215956
v -0.166077 0.248802 0.211205
v -0.114754 0.272734 0.119291
v -0.062766 0.097046 0.100999
v -0.166077 0.248802 0.211205
v -0.062766 0.097046 0.100999
v -0.10598 0.076894 0.17928
v -0.114754 0.272734 0.119291
v -0.102723 0.278345 0
v -0.051891 0.102117 0
v -0.114754 0.272734 0.119291
v -0.051891 0.102117 0
v -0.062766 0.097046 0.100999
v -0.102723 0.278345 0
v -0.124835 0.268034 -0.111792
v -0.07006 0.093644 -0.095572
v -0.102723 0.278345 0
v -0.07006 0.093644 -0.095572
v -0.051891 0.102117 0
v -0.124835 0.268034 -0.111792
v -0.169182 0.247355 -0.205192
v -0.108227 0.075847 -0.174928
v -0.124835 0.268034 -0.111792
v -0.108227 0.075847 -0.174928
v -0.07006 0.093644 -0.095572
v -0.169182 0.247355 -0.205192
v -0.235754 0.216311 -0.266376
v -0.165181 0.049289 -0.225734
v -0.169182 0.247355 -0.205192
v -0.165181 0.049289 -0.225734
v -0.108227 0.075847 -0.174928
v -0.235754 0.216311 -0.266376
v -0.314471 0.179605 -0.266376
v -0.231888 0.018183 -0.225734
v -0.235754 0.216311 -0.266376
v -0.231888 0.018183 -0.225734
v -0.165181 0.049289 -0.225734
v -0.314471 0.179605 -0.266376
v -0.381044 0.148562 -0.205192
v -0.288842 -0.008375 -0.174928
v -0.314471 0.179605 -0.266376
v -0.288842 -0.008375 -0.174928
v -0.231888 0.018183 -0.225734
v -0.381044 0.148562 -0.205192
v -0.42539 0.127883 -0.111792
v -0.327009 -0.026173 -0.095572
v -0.381044 0.148562 -0.205192
v -0.327009 -0.026173 -0.095572
v -0.288842 -0.008375 -0.174928
v -0.42539 0.127883 -0.111792
v -0.447503 0.117571 0
v -0.345178 -0.034645 0
v -0.42539 0.127883 -0.111792
v -0.345178 -0.034645 0
v -0.327009 -0.026173 -0.095572
v -0.345178 -0.034645 0
v -0.334303 -0.029574 0.100999
v -0.235679 -0.142251 0.072841
v -0.345178 -0.034645 0
v -0.235679 -0.142251 0.072841
v -0.244305 -0.146274 0
v -0.334303 -0.029574 0.100999
v -0.291089 -0.009423 0.17928
v -0.204783 -0.127845 0.129822
v -0.334303 -0.029574 0.100999
v -0.204783 -0.127845 0.129822
v -0.235679 -0.142251 0.072841
v -0.291089 -0.009423 0.17928
v -0.230443 0.018856 0.215956
v -0.161088 -0.107469 0.157873
v -0.291089 -0.009423 0.17928
v -0.161088 -0.107469 0.157873
v -0.204783 -0.127845 0.129822
v -0.230443 0.018856 0.215956
v -0.166626 0.048615 0.215956
v -0.114435 -0.085715 0.157873
v -0.230443 0.018856 0.215956
v -0.114435 -0.085715 0.157873
v -0.161088 -0.107469 0.157873
v -0.166626 0.048615 0.215956
v -0.10598 0.076894 0.17928
v -0.07074 -0.065339 0.129822
v -0.166626 0.048615 0.215956
v -0.07074 -0.065339 0.129822
v -0.114435 -0.085715 0.157873
v -0.10598 0.076894 0.17928
v -0.062766 0.097046 0.100999
v -0.039845 -0.050932 0.072841
v -0.10598 0.076894 0.17928
v -0.039845 -0.050932 0.072841
v -0.07074 -0.065339 0.129822
v -0.062766 0.097046 0.100999
v -0.051891 0.102117 0
v -0.031219 -0.04691 0
v -0.062766 0.097046 0.100999
v -0.031219 -0.04691 0
v -0.039845 -0.050932 0.072841
v -0.051891 0.102117 0
v -0.07006 0.093644 -0.095572
v -0.043695 -0.052728 -0.069976
v -0.051891 0.102117 0
v -0.043695 -0.052728 -0.069976
v -0.031219 -0.04691 0
v -0.07006 0.093644 -0.095572
v -0.108227 0.075847 -0.174928
v -0.071926 -0.065892 -0.127525
v -0.07006 0.093644 -0.095572
v -0.071926 -0.065892 -0.127525
v -0.043695 -0.052728 -0.069976
v -0.108227 0.075847 -0.174928
v -0.165181 0.049289 -0.225734
v -0.113672 -0.085359 -0.163034
v -0.108227 0.075847 -0.174928
v -0.113672 -0.085359 -0.163034
v -0.071926 -0.065892 -0.127525
v -0.165181 0.049289 -0.225734
v -0.231888 0.018183 -0.225734
v -0.161851 -0.107825 -0.163034
v -0.165181 0.049289 -0.225734
v -0.161851 -0.107825 -0.163034
v -0.113672 -0.085359 -0.163034
v -0.231888 0.018183 -0.225734
v -0.288842 -0.008375 -0.174928
v -0.203597 -0.127292 -0.127525
v -0.231888 0.018183 -0.225734
v -0.203597 -0.127292 -0.127525
v -0.161851 -0.107825 -0.163034
v -0.288842 -0.008375 -0.174928
v -0.327009 -0.026173 -0.095572
v -0.231828 -0.140456 -0.069976
v -0.288842 -0.008375 -0.174928
v -0.231828 -0.140456 -0.069976
v -0.203597 -0.127292 -0.127525
v -0.327009 -0.026173 -0.095572
v -0.345178 -0.034645 0
v -0.244305 -0.146274 0
v -0.327009 -0.026173 -0.095572
v -0.244305 -0.146274 0
v -0.231828 -0.140456 -0.069976
v -0.244305 -0.146274 0
v -0.235679 -0.142251 0.072841
v -0.149741 -0.204048 0.037938
v -0.244305 -0.146274 0
v -0.149741 -0.204048 0.037938
v -0.154756 -0.206387 0
v -0.235679 -0.142251 0.072841
v -0.204783 -0.127845 0.129822
v -0.13383 -0.196629 0.067965
v -0.235679 -0.142251 0.072841
v -0.13383 -0.196629 0.067965
v -0.149741 -0.204048 0.037938
v -0.204783 -0.127845 0.129822
v -0.161088 -0.107469 0.157873
v -0.111102 -0.18603 0.083642
v -0.204783 -0.127845 0.129822
v -0.111102 -0.18603 0.083642
v -0.13383 -0.196629 0.067965
v -0.161088 -0.107469 0.157873
v -0.114435 -0.085715 0.157873
v -0.086384 -0.174505 0.083642
v -0.161088 -0.107469 0.157873
v -0.086384 -0.174505 0.083642
v -0.111102 -0.18603 0.083642
v -0.114435 -0.085715 0.157873
v -0.07074 -0.065339 0.129822
v -0.063656 -0.163906 0.067965
v -0.114435 -0.085715 0.157873
v -0.063656 -0.163906 0.067965
v -0.086384 -0.174505 0.083642
v -0.07074 -0.065339 0.129822
v -0.039845 -0.050932 0.072841
v -0.047745 -0.156487 0.037938
v -0.07074 -0.065339 0.129822
v -0.047745 -0.156487 0.037938
v -0.063656 -0.163906 0.067965
v -0.039845 -0.050932 0.072841
v -0.031219 -0.04691 0
v -0.04273 -0.154148 0
v -0.039845 -0.050932 0.072841
v -0.04273 -0.154148 0
v -0.047745 -0.156487 0.037938
v -0.031219 -0.04691 0
v -0.043695 -0.052728 -0.069976
v -0.048809 -0.156983 -0.037146
v -0.031219 -0.04691 0
v -0.048809 -0.156983 -0.037146
v -0.04273 -0.154148 0
v -0.043695 -0.052728 -0.069976
v -0.071926 -0.065892 -0.127525
v -0.063984 -0.164059 -0.06733
v -0.043695 -0.052728 -0.069976
v -0.063984 -0.164059 -0.06733
v -0.048809 -0.156983 -0.037146
v -0.071926 -0.065892 -0.127525
v -0.113672 -0.085359 -0.163034
v -0.086174 -0.174406 -0.085069
v -0.071926 -0.065892 -0.127525
v -0.086174 -0.174406 -0.085069
v -0.063984 -0.164059 -0.06733
v -0.113672 -0.085359 -0.163034
v -0.161851 -0.107825 -0.163034
v -0.111313 -0.186129 -0.085069
v -0.113672 -0.085359 -0.163034
v -0.111313 -0.186129 -0.085069
v -0.086174 -0.174406 -0.085069
v -0.161851 -0.107825 -0.163034
v -0.203597 -0.127292 -0.127525
v -0.133503 -0.196476 -0.06733
v -0.161851 -0.107825 -0.163034
v -0.133503 -0.196476 -0.06733
v -0.111313 -0.186129 -0.085069
v -0.203597 -0.127292 -0.127525
v -0.231828 -0.140456 -0.069976
v -0.148677 -0.203552 -0.037146
v -0.203597 -0.127292 -0.127525
v -0.148677 -0.203552 -0.037146
v -0.133503 -0.196476 -0.06733
v -0.231828 -0.140456 -0.069976
v -0.244305 -0.146274 0
v -0.154756 -0.206387 0
v -0.231828 -0.140456 -0.069976
v -0.154756 -0.206387 0
v -0.148677 -0.203552 -0.037146
v -0.154756 -0.206387 0
v -0.149741 -0.204048 0.037938
v -0.085298 -0.2091 0
v -0.149741 -0.204048 0.037938
v -0.13383 -0.196629 0.067965
v -0.085298 -0.2091 0
v -0.13383 -0.196629 0.067965
v -0.111102 -0.18603 0.083642
v -0.085298 -0.2091 0
v -0.111102 -0.18603 0.083642
v -0.086384 -0.174505 0.083642
v -0.085298 -0.2091 0
v -0.086384 -0.174505 0.083642
v -0.063656 -0.163906 0.067965
v -0.085298 -0.2091 0
v -0.063656 -0.163906 0.067965
v -0.047745 -0.156487 0.037938
v -0.085298 -0.2091 0
v -0.047745 -0.156487 0.037938
v -0.04273 -0.154148 0
v -0.085298 -0.2091 0
v -0.04273 -0.154148 0
v -0.048809 -0.156983 -0.037146
v -0.085298 -0.2091 0
v -0.048809 -0.156983 -0.037146
v -0.063984 -0.164059 -0.06733
v -0.085298 -0.2091 0
v -0.063984 -0.164059 -0.06733
v -0.086174 -0.174406 -0.085069
v -0.085298 -0.2091 0
v -0.086174 -0.174406 -0.085069
v -0.111313 -0.186129 -0.085069
v -0.085298 -0.2091 0
v -0.111313 -0.186129 -0.085069
v -0.133503 -0.196476 -0.06733
v -0.085298 -0.2091 0
v -0.133503 -0.196476 -0.06733
v -0.148677 -0.203552 -0.037146
v -0.085298 -0.2091 0
v -0.148677 -0.203552 -0.037146
v -0.154756 -0.206387 0
v -0.085298 -0.2091 0
vn -0.788796 0.611035 0.066605
vn -0.788796 0.611035 0.066605
vn -0.788796 0.611035 0.066605
vn -0.715172 0.665192 0.214589
vn -0.715172 0.665192 0.214589
vn -0.715172 0.665192 0.214589
vn -0.572555 0.754965 0.3197
vn -0.572555 0.754965 0.3197
vn -0.572555 0.754965 0.3197
vn -0.395011 0.847103 0.355503
vn -0.395011 0.847103 0.355503
vn -0.395011 0.847103 0.355503
vn -0.210306 0.923885 0.3197
vn -0.210306 0.923885 0.3197
vn -0.210306 0.923885 0.3197
vn -0.049863 0.975431 0.21459
vn -0.049863 0.975431 0.21459
vn -0.049863 0.975431 0.21459
vn 0.038948 0.997019 0.066605
vn 0.038948 0.997019 0.066605
vn 0.038948 0.997019 0.066605
vn 0.038902 0.995843 -0.082364
vn 0.038902 0.995843 -0.082364
vn 0.038902 0.995843 -0.082364
vn -0.03762 0.976955 -0.210105
vn -0.03762 0.976955 -0.210105
vn -0.03762 0.976955 -0.210105
vn -0.187632 0.932324 -0.309137
vn -0.187632 0.932324 -0.309137
vn -0.187632 0.932324 -0.309137
vn -0.395844 0.848889 -0.350278
vn -0.395844 0.848889 -0.350278
vn -0.395844 0.848889 -0.350278
vn -0.593595 0.743021 -0.309137
vn -0.593595 0.743021 -0.309137
vn -0.593595 0.743021 -0.309137
vn -0.724209 0.656793 -0.210105
vn -0.724209 0.656793 -0.210105
vn -0.724209 0.656793 -0.210105
vn -0.787866 0.610315 -0.082364
vn -0.787866 0.610315 -0.082364
vn -0.787866 0.610315 -0.082364
vn -0.985745 0.114534 0.123244
vn -0.985745 0.114534 0.123244
vn -0.985745 0.114534 0.123244
vn -0.988126 0.10607 0.111157
vn -0.988126 0.10607 0.111157
vn -0.988126 0.10607 0.111157
vn -0.885371 0.199792 0.419763
vn -0.885371 0.199792 0.419763
vn -0.885371 0.199792 0.419763
vn -0.881064 0.206636 0.425474
vn -0.881064 0.206636 0.425474
vn -0.881064 0.206636 0.425474
vn -0.637935 0.365255 0.677959
vn -0.637935 0.365255 0.677959
vn -0.637935 0.365255 0.677959
vn -0.618998 0.385083 0.684508
vn -0.618998 0.385083 0.684508
vn -0.618998 0.385083 0.684508
vn -0.264812 0.567891 0.779343
vn -0.264812 0.567891 0.779343
vn -0.264812 0.567891 0.779343
vn -0.264812 0.567891 0.779343
vn -0.264812 0.567891 0.779343
vn -0.264812 0.567891 0.779343
vn 0.12264 0.730579 0.671725
vn 0.12264 0.730579 0.671725
vn 0.12264 0.730579 0.671725
vn 0.106819 0.717926 0.687876
vn 0.106819 0.717926 0.687876
vn 0.106819 0.717926 0.687876
vn 0.41212 0.809404 0.418356
vn 0.41212 0.809404 0.418356
vn 0.41212 0.809404 0.418356
vn 0.410097 0.806321 0.426224
vn 0.410097 0.806321 0.426224
vn 0.410097 0.806321 0.426224
vn 0.553061 0.823878 0.123892
vn 0.553061 0.823878 0.123892
vn 0.553061 0.823878 0.123892
vn 0.55015 0.827676 0.110853
vn 0.55015 0.827676 0.110853
vn 0.55015 0.827676 0.110853
vn 0.55812 0.815426 -0.153569
vn 0.55812 0.815426 -0.153569
vn 0.55812 0.815426 -0.153569
vn 0.549616 0.818746 -0.166064
vn 0.549616 0.818746 -0.166064
vn 0.549616 0.818746 -0.166064
vn 0.439161 0.800236 -0.408363
vn 0.439161 0.800236 -0.408363
vn 0.439161 0.800236 -0.408363
vn 0.447359 0.798821 -0.402187
vn 0.447359 0.798821 -0.402187
vn 0.447359 0.798821 -0.402187
vn 0.165694 0.747467 -0.643303
vn 0.165694 0.747467 -0.643303
vn 0.165694 0.747467 -0.643303
vn 0.192064 0.747674 -0.635684
vn 0.192064 0.747674 -0.635684
vn 0.192064 0.747674 -0.635684
vn -0.272669 0.58474 -0.764023
vn -0.272669 0.58474 -0.764023
vn -0.272669 0.58474 -0.764023
vn -0.272669 0.58474 -0.764023
vn -0.272669 0.58474 -0.764023
vn -0.272669 0.58474 -0.764023
vn -0.678899 0.343112 -0.649131
vn -0.678899 0.343112 -0.649131
vn -0.678899 0.343112 -0.649131
vn -0.696252 0.338969 -0.632718
vn -0.696252 0.338969 -0.632718
vn -0.696252 0.338969 -0.632718
vn -0.895665 0.17296 -0.409718
vn -0.895665 0.17296 -0.409718
vn -0.895665 0.17296 -0.409718
vn -0.899296 0.173426 -0.401486
vn -0.899296 0.173426 -0.401486
vn -0.899296 0.173426 -0.401486
vn -0.982618 0.105479 -0.152762
vn -0.982618 0.105479 -0.152762
vn -0.982618 0.105479 -0.152762
vn -0.980896 0.100558 -0.166527
vn -0.980896 0.100558 -0.166527
vn -0.980896 0.100558 -0.166527
vn -0.983923 -0.12888 0.123633
vn -0.983923 -0.12888 0.123633
vn -0.983923 -0.12888 0.123633
vn -0.984191 -0.13652 0.112827
vn -0.984191 -0.13652 0.112827
vn -0.984191 -0.13652 0.112827
vn -0.873016 -0.047525 0.485371
vn -0.873016 -0.047525 0.485371
vn -0.873016 -0.047525 0.485371
vn -0.870169 -0.041353 0.491015
vn -0.870169 -0.041353 0.491015
vn -0.870169 -0.041353 0.491015
vn -0.576629 0.12507 0.807376
vn -0.576629 0.12507 0.807376
vn -0.576629 0.12507 0.807376
vn -0.560563 0.144641 0.815382
vn -0.560563 0.144641 0.815382
vn -0.560563 0.144641 0.815382
vn -0.158279 0.33943 0.927219
vn -0.158279 0.33943 0.927219
vn -0.158279 0.33943 0.927219
vn -0.158279 0.33943 0.927219
vn -0.158279 0.33943 0.927219
vn -0.158279 0.33943 0.927219
vn 0.268256 0.531158 0.803686
vn 0.268256 0.531158 0.803686
vn 0.268256 0.531158 0.803686
vn 0.25427 0.515767 0.818127
vn 0.25427 0.515767 0.818127
vn 0.25427 0.515767 0.818127
vn 0.59461 0.641555 0.484609
vn 0.59461 0.641555 0.484609
vn 0.59461 0.641555 0.484609
vn 0.593153 0.637592 0.491575
vn 0.593153 0.637592 0.491575
vn 0.593153 0.637592 0.491575
vn 0.736225 0.665294 0.123921
vn 0.736225 0.665294 0.123921
vn 0.736225 0.665294 0.123921
vn 0.733563 0.670223 0.112638
vn 0.733563 0.670223 0.112638
vn 0.733563 0.670223 0.112638
vn 0.734313 0.653053 -0.185218
vn 0.734313 0.653053 -0.185218
vn 0.734313 0.653053 -0.185218
vn 0.727467 0.65738 -0.196579
vn 0.727467 0.65738 -0.196579
vn 0.727467 0.65738 -0.196579
vn 0.629116 0.631598 -0.453097
vn 0.629116 0.631598 -0.453097
vn 0.629116 0.631598 -0.453097
vn 0.635643 0.629483 -0.446889
vn 0.635643 0.629483 -0.446889
vn 0.635643 0.629483 -0.446889
vn 0.362624 0.568861 -0.738174
vn 0.362624 0.568861 -0.738174
vn 0.362624 0.568861 -0.738174
vn 0.385444 0.566614 -0.728273
vn 0.385444 0.566614 -0.728273
vn 0.385444 0.566614 -0.728273
vn -0.168912 0.362234 -0.916655
vn -0.168912 0.362234 -0.916655
vn -0.168912 0.362234 -0.916655
vn -0.168912 0.362234 -0.916655
vn -0.168912 0.362234 -0.916655
vn -0.168912 0.362234 -0.916655
vn -0.666625 0.077219 -0.741382
vn -0.666625 0.077219 -0.741382
vn -0.666625 0.077219 -0.741382
vn -0.683391 0.076651 -0.726017
vn -0.683391 0.076651 -0.726017
vn -0.683391 0.076651 -0.726017
vn -0.887473 -0.080505 -0.453773
vn -0.887473 -0.080505 -0.453773
vn -0.887473 -0.080505 -0.453773
vn -0.891338 -0.078984 -0.446405
vn -0.891338 -0.078984 -0.446405
vn -0.891338 -0.078984 -0.446405
vn -0.973458 -0.135031 -0.184788
vn -0.973458 -0.135031 -0.184788
vn -0.973458 -0.135031 -0.184788
vn -0.970324 -0.140345 -0.196914
vn -0.970324 -0.140345 -0.196914
vn -0.970324 -0.140345 -0.196914
vn -0.955606 -0.270647 0.116484
vn -0.955606 -0.270647 0.116484
vn -0.955606 -0.270647 0.116484
vn -0.955073 -0.275485 0.109284
vn -0.955073 -0.275485 0.109284
vn -0.955073 -0.275485 0.109284
vn -0.835936 -0.197108 0.512211
vn -0.835936 -0.197108 0.512211
vn -0.835936 -0.197108 0.512211
vn -0.8344 -0.193163 0.516203
vn -0.8344 -0.193163 0.516203
vn -0.8344 -0.193163 0.516203
vn -0.508306 -0.026295 0.860775
vn -0.508306 -0.026295 0.860775
vn -0.508306 -0.026295 0.860775
vn -0.497909 -0.013025 0.867131
vn -0.497909 -0.013025 0.867131
vn -0.497909 -0.013025 0.867131
vn -0.084347 0.180882 0.979881
vn -0.084347 0.180882 0.979881
vn -0.084347 0.180882 0.979881
vn -0.084347 0.180882 0.979881
vn -0.084347 0.180882 0.979881
vn -0.084347 0.180882 0.979881
vn 0.34295 0.37916 0.859432
vn 0.34295 0.37916 0.859432
vn 0.34295 0.37916 0.859432
vn 0.333363 0.367342 0.868291
vn 0.333363 0.367342 0.868291
vn 0.333363 0.367342 0.868291
vn 0.686702 0.516097 0.511942
vn 0.686702 0.516097 0.511942
vn 0.686702 0.516097 0.511942
vn 0.685688 0.512961 0.516433
vn 0.685688 0.512961 0.516433
vn 0.685688 0.512961 0.516433
vn 0.824256 0.554088 0.116572
vn 0.824256 0.554088 0.116572
vn 0.824256 0.554088 0.116572
vn 0.822675 0.557923 0.109214
vn 0.822675 0.557923 0.109214
vn 0.822675 0.557923 0.109214
vn 0.815402 0.542107 -0.203078
vn 0.815402 0.542107 -0.203078
vn 0.815402 0.542107 -0.203078
vn 0.81127 0.545359 -0.210771
vn 0.81127 0.545359 -0.210771
vn 0.81127 0.545359 -0.210771
vn 0.722507 0.513704 -0.462701
vn 0.722507 0.513704 -0.462701
vn 0.722507 0.513704 -0.462701
vn 0.726411 0.512147 -0.458294
vn 0.726411 0.512147 -0.458294
vn 0.726411 0.512147 -0.458294
vn 0.477165 0.436197 -0.762919
vn 0.477165 0.436197 -0.762919
vn 0.477165 0.436197 -0.762919
vn 0.491363 0.434265 -0.754968
vn 0.491363 0.434265 -0.754968
vn 0.491363 0.434265 -0.754968
vn -0.092492 0.198349 -0.975758
vn -0.092492 0.198349 -0.975758
vn -0.092492 0.198349 -0.975758
vn -0.092492 0.198349 -0.975758
vn -0.092492 0.198349 -0.975758
vn -0.092492 0.198349 -0.975758
vn -0.638581 -0.092141 -0.764018
vn -0.638581 -0.092141 -0.764018
vn -0.638581 -0.092141 -0.764018
vn -0.650429 -0.091347 -0.754054
vn -0.650429 -0.091347 -0.754054
vn -0.650429 -0.091347 -0.754054
vn -0.857065 -0.226143 -0.462925
vn -0.857065 -0.226143 -0.462925
vn -0.857065 -0.226143 -0.462925
vn -0.859999 -0.224813 -0.458105
vn -0.859999 -0.224813 -0.458105
vn -0.859999 -0.224813 -0.458105
vn -0.940838 -0.271379 -0.202924
vn -0.940838 -0.271379 -0.202924
vn -0.940838 -0.271379 -0.202924
vn -0.938023 -0.275011 -0.210907
vn -0.938023 -0.275011 -0.210907
vn -0.938023 -0.275011 -0.210907
vn -0.920741 -0.37421 0.110464
vn -0.920741 -0.37421 0.110464
vn -0.920741 -0.37421 0.110464
vn -0.920395 -0.375793 0.107947
vn -0.920395 -0.375793 0.107947
vn -0.920395 -0.375793 0.107947
vn -0.793831 -0.309087 0.523734
vn -0.793831 -0.309087 0.523734
vn -0.793831 -0.309087 0.523734
vn -0.793376 -0.307785 0.525189
vn -0.793376 -0.307785 0.525189
vn -0.793376 -0.307785 0.525189
vn -0.447132 -0.141876 0.883144
vn -0.447132 -0.141876 0.883144
vn -0.447132 -0.141876 0.883144
vn -0.443587 -0.137297 0.885652
vn -0.443587 -0.137297 0.885652
vn -0.443587 -0.137297 0.885652
vn -0.026558 0.056953 0.998024
vn -0.026558 0.056953 0.998024
vn -0.026558 0.056953 0.998024
vn -0.026558 0.056953 0.998024
vn -0.026558 0.056953 0.998024
vn -0.026558 0.056953 0.998024
vn 0.394899 0.25371 0.882999
vn 0.394899 0.25371 0.882999
vn 0.394899 0.25371 0.882999
vn 0.391446 0.249286 0.885792
vn 0.391446 0.249286 0.885792
vn 0.391446 0.249286 0.885792
vn 0.746581 0.410304 0.523705
vn 0.746581 0.410304 0.523705
vn 0.746581 0.410304 0.523705
vn 0.746185 0.409092 0.525216
vn 0.746185 0.409092 0.525216
vn 0.746185 0.409092 0.525216
vn 0.879247 0.463379 0.110473
vn 0.879247 0.463379 0.110473
vn 0.879247 0.463379 0.110473
vn 0.878785 0.46485 0.107939
vn 0.878785 0.46485 0.107939
vn 0.878785 0.46485 0.107939
vn 0.86514 0.45405 -0.213004
vn 0.86514 0.45405 -0.213004
vn 0.86514 0.45405 -0.213004
vn 0.863832 0.455255 -0.215726
vn 0.863832 0.455255 -0.215726
vn 0.863832 0.455255 -0.215726
vn 0.78064 0.419271 -0.463479
vn 0.78064 0.419271 -0.463479
vn 0.78064 0.419271 -0.463479
vn 0.78188 0.418726 -0.46188
vn 0.78188 0.418726 -0.46188
vn 0.78188 0.418726 -0.46188
vn 0.553173 0.325293 -0.766932
vn 0.553173 0.325293 -0.766932
vn 0.553173 0.325293 -0.766932
vn 0.557804 0.324644 -0.763847
vn 0.557804 0.324644 -0.763847
vn 0.557804 0.324644 -0.763847
vn -0.02954 0.063348 -0.997554
vn -0.02954 0.063348 -0.997554
vn -0.02954 0.063348 -0.997554
vn -0.02954 0.063348 -0.997554
vn -0.02954 0.063348 -0.997554
vn -0.02954 0.063348 -0.997554
vn -0.603795 -0.21696 -0.767046
vn -0.603795 -0.21696 -0.767046
vn -0.603795 -0.21696 -0.767046
vn -0.608158 -0.216443 -0.763738
vn -0.608158 -0.216443 -0.763738
vn -0.608158 -0.216443 -0.763738
vn -0.82258 -0.329435 -0.463502
vn -0.82258 -0.329435 -0.463502
vn -0.82258 -0.329435 -0.463502
vn -0.823712 -0.328916 -0.461858
vn -0.823712 -0.328916 -0.461858
vn -0.823712 -0.328916 -0.461858
vn -0.904562 -0.369329 -0.212988
vn -0.904562 -0.369329 -0.212988
vn -0.904562 -0.369329 -0.212988
vn -0.903398 -0.370577 -0.215742
vn -0.903398 -0.370577 -0.215742
vn -0.903398 -0.370577 -0.215742
vn -0.878785 -0.46485 0.107939
vn -0.878785 -0.46485 0.107939
vn -0.878785 -0.46485 0.107939
vn -0.879247 -0.463379 0.110473
vn -0.879247 -0.463379 0.110473
vn -0.879247 -0.463379 0.110473
vn -0.746184 -0.409093 0.525216
vn -0.746184 -0.409093 0.525216
vn -0.746184 -0.409093 0.525216
vn -0.746581 -0.410304 0.523705
vn -0.746581 -0.410304 0.523705
vn -0.746581 -0.410304 0.523705
vn -0.391445 -0.249286 0.885792
vn -0.391445 -0.249286 0.885792
vn -0.391445 -0.249286 0.885792
vn -0.394898 -0.25371 0.882999
vn -0.394898 -0.25371 0.882999
vn -0.394898 -0.25371 0.882999
vn 0.026558 -0.056953 0.998024
vn 0.026558 -0.056953 0.998024
vn 0.026558 -0.056953 0.998024
vn 0.026558 -0.056953 0.998024
vn 0.026558 -0.056953 0.998024
vn 0.026558 -0.056953 0.998024
vn 0.443587 0.137297 0.885652
vn 0.443587 0.137297 0.885652
vn 0.443587 0.137297 0.885652
vn 0.447132 0.141876 0.883144
vn 0.447132 0.141876 0.883144
vn 0.447132 0.141876 0.883144
vn 0.793376 0.307785 0.525189
vn 0.793376 0.307785 0.525189
vn 0.793376 0.307785 0.525189
vn 0.793831 0.309087 0.523734
vn 0.793831 0.309087 0.523734
vn 0.793831 0.309087 0.523734
vn 0.920395 0.375793 0.107947
vn 0.920395 0.375793 0.107947
vn 0.920395 0.375793 0.107947
vn 0.920741 0.37421 0.110464
vn 0.920741 0.37421 0.110464
vn 0.920741 0.37421 0.110464
vn 0.903398 0.370577 -0.215742
vn 0.903398 0.370577 -0.215742
vn 0.903398 0.370577 -0.215742
vn 0.904562 0.369329 -0.212988
vn 0.904562 0.369329 -0.212988
vn 0.904562 0.369329 -0.212988
vn 0.823712 0.328916 -0.461858
vn 0.823712 0.328916 -0.461858
vn 0.823712 0.328916 -0.461858
vn 0.82258 0.329435 -0.463503
vn 0.82258 0.329435 -0.463503
vn 0.82258 0.329435 -0.463503
vn 0.608158 0.216443 -0.763738
vn 0.608158 0.216443 -0.763738
vn 0.608158 0.216443 -0.763738
vn 0.603795 0.21696 -0.767047
vn 0.603795 0.21696 -0.767047
vn 0.603795 0.21696 -0.767047
vn 0.02954 -0.063348 -0.997554
vn 0.02954 -0.063348 -0.997554
vn 0.02954 -0.063348 -0.997554
vn 0.02954 -0.063348 -0.997554
vn 0.02954 -0.063348 -0.997554
vn 0.02954 -0.063348 -0.997554
vn -0.557804 -0.324644 -0.763846
vn -0.557804 -0.324644 -0.763846
vn -0.557804 -0.324644 -0.763846
vn -0.553173 -0.325293 -0.766932
vn -0.553173 -0.325293 -0.766932
vn -0.553173 -0.325293 -0.766932
vn -0.78188 -0.418726 -0.46188
vn -0.78188 -0.418726 -0.46188
vn -0.78188 -0.418726 -0.46188
vn -0.78064 -0.419271 -0.463479
vn -0.78064 -0.419271 -0.463479
vn -0.78064 -0.419271 -0.463479
vn -0.863832 -0.455255 -0.215726
vn -0.863832 -0.455255 -0.215726
vn -0.863832 -0.455255 -0.215726
vn -0.86514 -0.45405 -0.213004
vn -0.86514 -0.45405 -0.213004
vn -0.86514 -0.45405 -0.213004
vn -0.822675 -0.557923 0.109214
vn -0.822675 -0.557923 0.109214
vn -0.822675 -0.557923 0.109214
vn -0.824256 -0.554088 0.116572
vn -0.824256 -0.554088 0.116572
vn -0.824256 -0.554088 0.116572
vn -0.685688 -0.512961 0.516433
vn -0.685688 -0.512961 0.516433
vn -0.685688 -0.512961 0.516433
vn -0.686702 -0.516097 0.511942
vn -0.686702 -0.516097 0.511942
vn -0.686702 -0.516097 0.511942
vn -0.333363 -0.367342 0.868291
vn -0.333363 -0.367342 0.868291
vn -0.333363 -0.367342 0.868291
vn -0.34295 -0.37916 0.859432
vn -0.34295 -0.37916 0.859432
vn -0.34295 -0.37916 0.859432
vn 0.084347 -0.180882 0.979881
vn 0.084347 -0.180882 0.979881
vn 0.084347 -0.180882 0.979881
vn 0.084347 -0.180882 0.979881
vn 0.084347 -0.180882 0.979881
vn 0.084347 -0.180882 0.979881
vn 0.497909 0.013025 0.867131
vn 0.497909 0.013025 0.867131
vn 0.497909 0.013025 0.867131
vn 0.508306 0.026295 0.860775
vn 0.508306 0.026295 0.860775
vn 0.508306 0.026295 0.860775
vn 0.8344 0.193163 0.516203
vn 0.8344 0.193163 0.516203
vn 0.8344 0.193163 0.516203
vn 0.835936 0.197108 0.512211
vn 0.835936 0.197108 0.512211
vn 0.835936 0.197108 0.512211
vn 0.955073 0.275485 0.109284
vn 0.955073 0.275485 0.109284
vn 0.955073 0.275485 0.109284
vn 0.955606 0.270647 0.116484
vn 0.955606 0.270647 0.116484
vn 0.955606 0.270647 0.116484
vn 0.938023 0.275011 -0.210907
vn 0.938023 0.275011 -0.210907
vn 0.938023 0.275011 -0.210907
vn 0.940838 0.271379 -0.202924
vn 0.940838 0.271379 -0.202924
vn 0.940838 0.271379 -0.202924
vn 0.859999 0.224813 -0.458105
vn 0.859999 0.224813 -0.458105
vn 0.859999 0.224813 -0.458105
vn 0.857065 0.226143 -0.462925
vn 0.857065 0.226143 -0.462925
vn 0.857065 0.226143 -0.462925
vn 0.650429 0.091347 -0.754055
vn 0.650429 0.091347 -0.754055
vn 0.650429 0.091347 -0.754055
vn 0.638581 0.092141 -0.764018
vn 0.638581 0.092141 -0.764018
vn 0.638581 0.092141 -0.764018
vn 0.092492 -0.198349 -0.975758
vn 0.092492 -0.198349 -0.975758
vn 0.092492 -0.198349 -0.975758
vn 0.092492 -0.198349 -0.975758
vn 0.092492 -0.198349 -0.975758
vn 0.092492 -0.198349 -0.975758
vn -0.491363 -0.434265 -0.754968
vn -0.491363 -0.434265 -0.754968
vn -0.491363 -0.434265 -0.754968
vn -0.477165 -0.436197 -0.762919
vn -0.477165 -0.436197 -0.762919
vn -0.477165 -0.436197 -0.762919
vn -0.726411 -0.512147 -0.458294
vn -0.726411 -0.512147 -0.458294
vn -0.726411 -0.512147 -0.458294
vn -0.722507 -0.513704 -0.462701
vn -0.722507 -0.513704 -0.462701
vn -0.722507 -0.513704 -0.462701
vn -0.81127 -0.545359 -0.210771
vn -0.81127 -0.545359 -0.210771
vn -0.81127 -0.545359 -0.210771
vn -0.815402 -0.542107 -0.203078
vn -0.815402 -0.542107 -0.203078
vn -0.815402 -0.542107 -0.203078
vn -0.733563 -0.670223 0.112638
vn -0.733563 -0.670223 0.112638
vn -0.733563 -0.670223 0.112638
vn -0.736225 -0.665294 0.123921
vn -0.736225 -0.665294 0.123921
vn -0.736225 -0.665294 0.123921
vn -0.593153 -0.637592 0.491575
vn -0.593153 -0.637592 0.491575
vn -0.593153 -0.637592 0.491575
vn -0.59461 -0.641555 0.484609
vn -0.59461 -0.641555 0.484609
vn -0.59461 -0.641555 0.484609
vn -0.25427 -0.515766 0.818127
vn -0.25427 -0.515766 0.818127
vn -0.25427 -0.515766 0.818127
vn -0.268256 -0.531157 0.803686
vn -0.268256 -0.531157 0.803686
vn -0.268256 -0.531157 0.803686
vn 0.158279 -0.33943 0.927219
vn 0.158279 -0.33943 0.927219
vn 0.158279 -0.33943 0.927219
vn 0.158279 -0.33943 0.927219
vn 0.158279 -0.33943 0.927219
vn 0.158279 -0.33943 0.927219
vn 0.560563 -0.144641 0.815382
vn 0.560563 -0.144641 0.815382
vn 0.560563 -0.144641 0.815382
vn 0.576629 -0.12507 0.807376
vn 0.576629 -0.12507 0.807376
vn 0.576629 -0.12507 0.807376
vn 0.870169 0.041353 0.491014
vn 0.870169 0.041353 0.491014
vn 0.870169 0.041353 0.491014
vn 0.873016 0.047525 0.485371
vn 0.873016 0.047525 0.485371
vn 0.873016 0.047525 0.485371
vn 0.984191 0.13652 0.112827
vn 0.984191 0.13652 0.112827
vn 0.984191 0.13652 0.112827
vn 0.983923 0.12888 0.123633
vn 0.983923 0.12888 0.123633
vn 0.983923 0.12888 0.123633
vn 0.970324 0.140345 -0.196914
vn 0.970324 0.140345 -0.196914
vn 0.970324 0.140345 -0.196914
vn 0.973458 0.135031 -0.184788
vn 0.973458 0.135031 -0.184788
vn 0.973458 0.135031 -0.184788
vn 0.891338 0.078984 -0.446405
vn 0.891338 0.078984 -0.446405
vn 0.891338 0.078984 -0.446405
vn 0.887473 0.080505 -0.453773
vn 0.887473 0.080505 -0.453773
vn 0.887473 0.080505 -0.453773
vn 0.683391 -0.076652 -0.726017
vn 0.683391 -0.076652 -0.726017
vn 0.683391 -0.076652 -0.726017
vn 0.666625 -0.077219 -0.741383
vn 0.666625 -0.077219 -0.741383
vn 0.666625 -0.077219 -0.741383
vn 0.168912 -0.362234 -0.916655
vn 0.168912 -0.362234 -0.916655
vn 0.168912 -0.362234 -0.916655
vn 0.168912 -0.362234 -0.916655
vn 0.168912 -0.362234 -0.916655
vn 0.168912 -0.362234 -0.916655
vn -0.385444 -0.566614 -0.728273
vn -0.385444 -0.566614 -0.728273
vn -0.385444 -0.566614 -0.728273
vn -0.362625 -0.568861 -0.738174
vn -0.362625 -0.568861 -0.738174
vn -0.362625 -0.568861 -0.738174
vn -0.635643 -0.629482 -0.446889
vn -0.635643 -0.629482 -0.446889
vn -0.635643 -0.629482 -0.446889
vn -0.629116 -0.631598 -0.453097
vn -0.629116 -0.631598 -0.453097
vn -0.629116 -0.631598 -0.453097
vn -0.727467 -0.65738 -0.196579
vn -0.727467 -0.65738 -0.196579
vn -0.727467 -0.65738 -0.196579
vn -0.734313 -0.653053 -0.185218
vn -0.734313 -0.653053 -0.185218
vn -0.734313 -0.653053 -0.185218
vn -0.55015 -0.827676 0.110853
vn -0.55015 -0.827676 0.110853
vn -0.55015 -0.827676 0.110853
vn -0.553061 -0.823878 0.123892
vn -0.553061 -0.823878 0.123892
vn -0.553061 -0.823878 0.123892
vn -0.410097 -0.806321 0.426224
vn -0.410097 -0.806321 0.426224
vn -0.410097 -0.806321 0.426224
vn -0.41212 -0.809404 0.418356
vn -0.41212 -0.809404 0.418356
vn -0.41212 -0.809404 0.418356
vn -0.106818 -0.717926 0.687875
vn -0.106818 -0.717926 0.687875
vn -0.106818 -0.717926 0.687875
vn -0.122639 -0.730579 0.671725
vn -0.122639 -0.730579 0.671725
vn -0.122639 -0.730579 0.671725
vn 0.264812 -0.567891 0.779342
vn 0.264812 -0.567891 0.779342
vn 0.264812 -0.567891 0.779342
vn 0.264812 -0.567891 0.779342
vn 0.264812 -0.567891 0.779342
vn 0.264812 -0.567891 0.779342
vn 0.618998 -0.385084 0.684508
vn 0.618998 -0.385084 0.684508
vn 0.618998 -0.385084 0.684508
vn 0.637935 -0.365255 0.677959
vn 0.637935 -0.365255 0.677959
vn 0.637935 -0.365255 0.677959
vn 0.881064 -0.206636 0.425474
vn 0.881064 -0.206636 0.425474
vn 0.881064 -0.206636 0.425474
vn 0.885371 -0.199793 0.419763
vn 0.885371 -0.199793 0.419763
vn 0.885371 -0.199793 0.419763
vn 0.988126 -0.10607 0.111156
vn 0.988126 -0.10607 0.111156
vn 0.988126 -0.10607 0.111156
vn 0.985745 -0.114534 0.123244
vn 0.985745 -0.114534 0.123244
vn 0.985745 -0.114534 0.123244
vn 0.980896 -0.100559 -0.166527
vn 0.980896 -0.100559 -0.166527
vn 0.980896 -0.100559 -0.166527
vn 0.982618 -0.105479 -0.152762
vn 0.982618 -0.105479 -0.152762
vn 0.982618 -0.105479 -0.152762
vn 0.899296 -0.173426 -0.401486
vn 0.899296 -0.173426 -0.401486
vn 0.899296 -0.173426 -0.401486
vn 0.895665 -0.17296 -0.409718
vn 0.895665 -0.17296 -0.409718
vn 0.895665 -0.17296 -0.409718
vn 0.696252 -0.338969 -0.632719
vn 0.696252 -0.338969 -0.632719
vn 0.696252 -0.338969 -0.632719
vn 0.678899 -0.343112 -0.649131
vn 0.678899 -0.343112 -0.649131
vn 0.678899 -0.343112 -0.649131
vn 0.272669 -0.58474 -0.764023
vn 0.272669 -0.58474 -0.764023
vn 0.272669 -0.58474 -0.764023
vn 0.272669 -0.58474 -0.764023
vn 0.272669 -0.58474 -0.764023
vn 0.272669 -0.58474 -0.764023
vn -0.192064 -0.747675 -0.635684
vn -0.192064 -0.747675 -0.635684
vn -0.192064 -0.747675 -0.635684
vn -0.165694 -0.747467 -0.643303
vn -0.165694 -0.747467 -0.643303
vn -0.165694 -0.747467 -0.643303
vn -0.447359 -0.798822 -0.402187
vn -0.447359 -0.798822 -0.402187
vn -0.447359 -0.798822 -0.402187
vn -0.43916 -0.800236 -0.408363
vn -0.43916 -0.800236 -0.408363
vn -0.43916 -0.800236 -0.408363
vn -0.549616 -0.818746 -0.166063
vn -0.549616 -0.818746 -0.166063
vn -0.549616 -0.818746 -0.166063
vn -0.55812 -0.815426 -0.153568
vn -0.55812 -0.815426 -0.153568
vn -0.55812 -0.815426 -0.153568
vn -0.038948 -0.997019 0.066605
vn -0.038948 -0.997019 0.066605
vn -0.038948 -0.997019 0.066605
vn 0.049863 -0.975431 0.214589
vn 0.049863 -0.975431 0.214589
vn 0.049863 -0.975431 0.214589
vn 0.210306 -0.923885 0.319699
vn 0.210306 -0.923885 0.319699
vn 0.210306 -0.923885 0.319699
vn 0.395011 -0.847103 0.355503
vn 0.395011 -0.847103 0.355503
vn 0.395011 -0.847103 0.355503
vn 0.572555 -0.754966 0.319699
vn 0.572555 -0.754966 0.319699
vn 0.572555 -0.754966 0.319699
vn 0.715172 -0.665192 0.214589
vn 0.715172 -0.665192 0.214589
vn 0.715172 -0.665192 0.214589
vn 0.788796 -0.611035 0.066605
vn 0.788796 -0.611035 0.066605
vn 0.788796 -0.611035 0.066605
vn 0.787866 -0.610315 -0.082364
vn 0.787866 -0.610315 -0.082364
vn 0.787866 -0.610315 -0.082364
vn 0.724209 -0.656793 -0.210105
vn 0.724209 -0.656793 -0.210105
vn 0.724209 -0.656793 -0.210105
vn 0.593594 -0.743021 -0.309137
vn 0.593594 -0.743021 -0.309137
vn 0.593594 -0.743021 -0.309137
vn 0.395844 -0.848889 -0.350278
vn 0.395844 -0.848889 -0.350278
vn 0.395844 -0.848889 -0.350278
vn 0.187632 -0.932324 -0.309137
vn 0.187632 -0.932324 -0.309137
vn 0.187632 -0.932324 -0.309137
vn 0.03762 -0.976955 -0.210105
vn 0.03762 -0.976955 -0.210105
vn 0.03762 -0.976955 -0.210105
vn -0.038902 -0.995843 -0.082364
vn -0.038902 -0.995843 -0.082364
vn -0.038902 -0.995843 -0.082364
f 1//1 3//3 2//2
f 4//4 6//6 5//5
f 7//7 9//9 8//8
f 10//10 12//12 11//11
f 13//13 15//15 14//14
f 16//16 18//18 17//17
f 19//19 21//21 20//20
f 22//22 24//24 23//23
f 25//25 27//27 26//26
f 28//28 30//30 29//29
f 31//31 33//33 32//32
f 34//34 36//36 35//35
f 37//37 39//39 38//38
f 40//40 42//42 41//41
f 43//43 45//45 44//44
f 46//46 48//48 47//47
f 49//49 51//51 50//50
f 52//52 54//54 53//53
f 55//55 57//57 56//56
f 58//58 60//60 59//59
f 61//61 63//63 62//62
f 64//64 66//66 65//65
f 67//67 69//69 68//68
f 70//70 72//72 71//71
f 73//73 75//75 74//74
f 76//76 78//78 77//77
f 79//79 81//81 80//80
f 82//82 84//84 83//83
f 85//85 87//87 86//86
f 88//88 90//90 89//89
f 91//91 93//93 92//92
f 94//94 96//96 95//95
f 97//97 99//99 98//98
f 100//100 102//102 101//101
f 103//103 105//105 104//104
f 106//106 108//108 107//107
f 109//109 111//111 110//110
f 112//112 114//114 113//113
f 115//115 117//117 116//116
f 118//118 120//120 119//119
f 121//121 123//123 122//122
f 124//124 126//126 125//125
f 127//127 129//129 128//128
f 130//130 132//132 131//131
f 133//133 135//135 134//134
f 136//136 138//138 137//137
f 139//139 141//141 140//140
f 142//142 144//144 143//143
f 145//145 147//147 146//146
f 148//148 150//150 149//149
f 151//151 153//153 152//152
f 154//154 156//156 155//155
f 157//157 159//159 158//158
f 160//160 162//162 161//161
f 163//163 165//165 164//164
f 166//166 168//168 167//167
f 169//169 171//171 170//170
f 172//172 174//174 173//173
f 175//175 177//177 176//176
f 178//178 180//180 179//179
f 181//181 183//183 182//182
f 184//184 186//186 185//185
f 187//187 189//189 188//188
f 190//190 192//192 191//191
f 193//193 195//195 194//194
f 196//196 198//198 197//197
f 199//199 201//201 200//200
f 202//202 204//204 203//203
f 205//205 207//207 206//206
f 208//208 210//210 209//209
f 211//211 213//213 212//212
f 214//214 216//216 215//215
f 217//217 219//219 218//218
f 220//220 222//222 221//221
f 223//223 225//225 224//224
f 226//226 228//228 227//227
f 229//229 231//231 230//230
f 232//232 234//234 233//233
f 235//235 237//237 236//236
f 238//238 240//240 239//239
f 241//241 243//243 242//242
f 244//244 246//246 245//245
f 247//247 249//249 248//248
f 250//250 252//252 251//251
f 253//253 255//255 254//254
f 256//256 258//258 257//257
f 259//259 261//261 260//260
f 262//262 264//264 263//263
f 265//265 267//267 266//266
f 268//268 270//270 269//269
f 271//271 273//273 272//272
f 274//274 276//276 275//275
f 277//277 279//279 278//278
f 280//280 282//282 281//281
f 283//283 285//285 284//284
f 286//286 288//288 287//287
f 289//289 291//291 290//290
f 292//292 294//294 293//293
f 295//295 297//297 296//296
f 298//298 300//300 299//299
f 301//301 303//303 302//302
f 304//304 306//306 305//305
f 307//307 309//309 308//308
f 310//310 312//312 311//311
f 313//313 315//315 314//314
f 316//316 318//318 317//317
f 319//319 321//321 320//320
f 322//322 324//324 323//323
f 325//325 327//327 326//326
f 328//328 330//330 329//329
f 331//331 333//333 332//332
f 334//334 336//336 335//335
f 337//337 339//339 338//338
f 340//340 342//342 341//341
f 343//343 345//345 344//344
f 346//346 348//348 347//347
f 349//349 351//351 350//350
f 352//352 354//354 353//353
f 355//355 357//357 356//356
f 358//358 360//360 359//359
f 361//361 363//363 362//362
f 364//364 366//366 365//365
f 367//367 369//369 368//368
f 370//370 372//372 371//371
f 373//373 375//375 374//374
f 376//376 378//378 377//377
f 379//379 381//381 380//380
f 382//382 384//384 383//383
f 385//385 387//387 386//386
f 388//388 390//390 389//389
f 391//391 393//393 392//392
f 394//394 396//396 395//395
f 397//397 399//399 398//398
f 400//400 402//402 401//401
f 403//403 405//405 404//404
f 406//406 408//408 407//407
f 409//409 411//411 410//410
f 412//412 414//414 413//413
f 415//415 417//417 416//416
f 418//418 420//420 419//419
f 421//421 423//423 422//422
f 424//424 426//426 425//425
f 427//427 429//429 428//428
f 430//430 432//432 431//431
f 433//433 435//435 434//434
f 436//436 438//438 437//437
f 439//439 441//441 440//440
f 442//442 444//444 443//443
f 445//445 447//447 446//446
f 448//448 450//450 449//449
f 451//451 453//453 452//452
f 454//454 456//456 455//455
f 457//457 459//459 458//458
f 460//460 462//462 461//461
f 463//463 465//465 464//464
f 466//466 468//468 467//467
f 469//469 471//471 470//470
f 472//472 474//474 473//473
f 475//475 477//477 476//476
f 478//478 480//480 479//479
f 481//481 483//483 482//482
f 484//484 486//486 485//485
f 487//487 489//489 488//488
f 490//490 492//492 491//491
f 493//493 495//495 494//494
f 496//496 498//498 497//497
f 499//499 501//501 500//500
f 502//502 504//504 503//503
f 505//505 507//507 506//506
f 508//508 510//510 509//509
f 511//511 513//513 512//512
f 514//514 516//516 515//515
f 517//517 519//519 518//518
f 520//520 522//522 521//521
f 523//523 525//525 524//524
f 526//526 528//528 527//527
f 529//529 531//531 530//530
f 532//532 534//534 533//533
f 535//535 537//537 536//536
f 538//538 540//540 539//539
f 541//541 543//543 542//542
f 544//544 546//546 545//545
f 547//547 549//549 548//548
f 550//550 552//552 551//551
f 553//553 555//555 554//554
f 556//556 558//558 557//557
f 559//559 561//561 560//560
f 562//562 564//564 563//563
f 565//565 567//567 566//566
f 568//568 570//570 569//569
f 571//571 573//573 572//572
f 574//574 576//576 575//575
f 577//577 579//579 578//578
f 580//580 582//582 581//581
f 583//583 585//585 584//584
f 586//586 588//588 587//587
f 589//589 591//591 590//590
f 592//592 594//594 593//593
f 595//595 597//597 596//596
f 598//598 600//600 599//599
f 601//601 603//603 602//602
f 604//604 606//606 605//605
f 607//607 609//609 608//608
f 610//610 612//612 611//611
f 613//613 615//615 614//614
f 616//616 618//618 617//617
f 619//619 621//621 620//620
f 622//622 624//624 623//623
f 625//625 627//627 626//626
f 628//628 630//630 629//629
f 631//631 633//633 632//632
f 634//634 636//636 635//635
f 637//637 639//639 638//638
f 640//640 642//642 641//641
f 643//643 645//645 644//644
f 646//646 648//648 647//647
f 649//649 651//651 650//650
f 652//652 654//654 653//653
f 655//655 657//657 656//656
f 658//658 660//660 659//659
f 661//661 663//663 662//662
f 664//664 666//666 665//665
f 667//667 669//669 668//668
f 670//670 672//672 671//671
f 673//673 675//675 674//674
f 676//676 678//678 677//677
f 679//679 681//681 680//680
f 682//682 684//684 683//683
f 685//685 687//687 686//686
f 688//688 690//690 689//689
f 691//691 693//693 692//692
f 694//694 696//696 695//695
f 697//697 699//699 698//698
f 700//700 702//702 701//701
f 703//703 705//705 704//704
f 706//706 708//708 707//707
f 709//709 711//711 710//710
f 712//712 714//714 713//713
f 715//715 717//717 716//716
f 718//718 720//720 719//719
f 721//721 723//723 722//722
f 724//724 726//726 725//725
f 727//727 729//729 728//728
f 730//730 732//732 731//731
f 733//733 735//735 734//734
f 736//736 738//738 737//737
f 739//739 741//741 740//740
f 742//742 744//744 743//743
f 745//745 747//747 746//746
f 748//748 750//750 749//749
f 751//751 753//753 752//752
f 754//754 756//756 755//755
o Wax_leaf
usemtl Pine
v -0.007097 0.970056 0.249923
v 0.017595 0.947183 0.182954
v 0.045643 0.959878 0.205802
v -0.007097 0.970056 0.249923
v -0.013005 0.933149 0.174205
v 0.017595 0.947183 0.182954
v -0.007097 0.970056 0.249923
v -0.039125 0.921006 0.180913
v -0.013005 0.933149 0.174205
v -0.007097 0.970056 0.249923
v -0.056511 0.912754 0.200236
v -0.039125 0.921006 0.180913
v -0.007097 0.970056 0.249923
v -0.062367 0.909719 0.229067
v -0.056511 0.912754 0.200236
v -0.007097 0.970056 0.249923
v -0.05415 0.91313 0.262693
v -0.062367 0.909719 0.229067
v -0.007097 0.970056 0.249923
v -0.033157 0.922475 0.293382
v -0.05415 0.91313 0.262693
v -0.007097 0.970056 0.249923
v -0.004872 0.935295 0.31484
v -0.033157 0.922475 0.293382
v -0.007097 0.970056 0.249923
v 0.025311 0.949129 0.324275
v -0.004872 0.935295 0.31484
v -0.007097 0.970056 0.249923
v 0.052385 0.96169 0.319443
v 0.025311 0.949129 0.324275
v -0.007097 0.970056 0.249923
v 0.070068 0.970084 0.29979
v 0.052385 0.96169 0.319443
v -0.007097 0.970056 0.249923
v 0.074211 0.97234 0.269926
v 0.070068 0.970084 0.29979
v -0.007097 0.970056 0.249923
v 0.065376 0.968638 0.236765
v 0.074211 0.97234 0.269926
v -0.007097 0.970056 0.249923
v 0.045643 0.959878 0.205802
v 0.065376 0.968638 0.236765
v 0.045643 0.959878 0.205802
v 0.017595 0.947183 0.182954
v 0.066753 0.868898 0.120686
v 0.045643 0.959878 0.205802
v 0.066753 0.868898 0.120686
v 0.119901 0.892937 0.165339
v 0.017595 0.947183 0.182954
v -0.013005 0.933149 0.174205
v 0.008191 0.842031 0.104634
v 0.017595 0.947183 0.182954
v 0.008191 0.842031 0.104634
v 0.066753 0.868898 0.120686
v -0.013005 0.933149 0.174205
v -0.039125 0.921006 0.180913
v -0.040674 0.819295 0.119001
v -0.013005 0.933149 0.174205
v -0.040674 0.819295 0.119001
v 0.008191 0.842031 0.104634
v -0.039125 0.921006 0.180913
v -0.056511 0.912754 0.200236
v -0.07349 0.803719 0.155474
v -0.039125 0.921006 0.180913
v -0.07349 0.803719 0.155474
v -0.040674 0.819295 0.119001
v -0.056511 0.912754 0.200236
v -0.062367 0.909719 0.229067
v -0.086096 0.797278 0.209426
v -0.056511 0.912754 0.200236
v -0.086096 0.797278 0.209426
v -0.07349 0.803719 0.155474
v -0.062367 0.909719 0.229067
v -0.05415 0.91313 0.262693
v -0.070999 0.803515 0.273786
v -0.062367 0.909719 0.229067
v -0.070999 0.803515 0.273786
v -0.086096 0.797278 0.209426
v -0.05415 0.91313 0.262693
v -0.033157 0.922475 0.293382
v -0.029987 0.821794 0.331926
v -0.05415 0.91313 0.262693
v -0.029987 0.821794 0.331926
v -0.070999 0.803515 0.273786
v -0.033157 0.922475 0.293382
v -0.004872 0.935295 0.31484
v 0.024018 0.846286 0.371547
v -0.033157 0.922475 0.293382
v 0.024018 0.846286 0.371547
v -0.029987 0.821794 0.331926
v -0.004872 0.935295 0.31484
v 0.025311 0.949129 0.324275
v 0.081072 0.872428 0.390083
v -0.004872 0.935295 0.31484
v 0.081072 0.872428 0.390083
v 0.024018 0.846286 0.371547
v 0.025311 0.949129 0.324275
v 0.052385 0.96169 0.319443
v 0.133388 0.89668 0.382502
v 0.025311 0.949129 0.324275
v 0.133388 0.89668 0.382502
v 0.081072 0.872428 0.390083
v 0.052385 0.96169 0.319443
v 0.070068 0.970084 0.29979
v 0.167277 0.912766 0.344837
v 0.052385 0.96169 0.319443
v 0.167277 0.912766 0.344837
v 0.133388 0.89668 0.382502
v 0.070068 0.970084 0.29979
v 0.074211 0.97234 0.269926
v 0.173691 0.916389 0.287145
v 0.070068 0.970084 0.29979
v 0.173691 0.916389 0.287145
v 0.167277 0.912766 0.344837
v 0.074211 0.97234 0.269926
v 0.065376 0.968638 0.236765
v 0.156353 0.909098 0.224468
v 0.074211 0.97234 0.269926
v 0.156353 0.909098 0.224468
v 0.173691 0.916389 0.287145
v 0.065376 0.968638 0.236765
v 0.045643 0.959878 0.205802
v 0.119901 0.892937 0.165339
v 0.065376 0.968638 0.236765
v 0.119901 0.892937 0.165339
v 0.156353 0.909098 0.224468
v 0.119901 0.892937 0.165339
v 0.066753 0.868898 0.120686
v 0.135478 0.742818 0.069732
v 0.119901 0.892937 0.165339
v 0.135478 0.742818 0.069732
v 0.208407 0.775786 0.132494
v 0.066753 0.868898 0.120686
v 0.008191 0.842031 0.104634
v 0.054484 0.70565 0.048281
v 0.066753 0.868898 0.120686
v 0.054484 0.70565 0.048281
v 0.135478 0.742818 0.069732
v 0.008191 0.842031 0.104634
v -0.040674 0.819295 0.119001
v -0.01188 0.674749 0.069814
v 0.008191 0.842031 0.104634
v -0.01188 0.674749 0.069814
v 0.054484 0.70565 0.048281
v -0.040674 0.819295 0.119001
v -0.07349 0.803719 0.155474
v -0.05677 0.653442 0.119705
v -0.040674 0.819295 0.119001
v -0.05677 0.653442 0.119705
v -0.01188 0.674749 0.069814
v -0.07349 0.803719 0.155474
v -0.086096 0.797278 0.209426
v -0.075724 0.643848 0.192995
v -0.07349 0.803719 0.155474
v -0.075724 0.643848 0.192995
v -0.05677 0.653442 0.119705
v -0.086096 0.797278 0.209426
v -0.070999 0.803515 0.273786
v -0.055525 0.652159 0.282015
v -0.086096 0.797278 0.209426
v -0.055525 0.652159 0.282015
v -0.075724 0.643848 0.192995
v -0.070999 0.803515 0.273786
v -0.029987 0.821794 0.331926
v 0.002105 0.677866 0.361781
v -0.070999 0.803515 0.273786
v 0.002105 0.677866 0.361781
v -0.055525 0.652159 0.282015
v -0.029987 0.821794 0.331926
v 0.024018 0.846286 0.371547
v 0.076657 0.711694 0.415012
v -0.029987 0.821794 0.331926
v 0.076657 0.711694 0.415012
v 0.002105 0.677866 0.361781
v 0.024018 0.846286 0.371547
v 0.081072 0.872428 0.390083
v 0.154795 0.747488 0.441168
v 0.024018 0.846286 0.371547
v 0.154795 0.747488 0.441168
v 0.076657 0.711694 0.415012
v 0.081072 0.872428 0.390083
v 0.133388 0.89668 0.382502
v 0.227695 0.781261 0.432491
v 0.081072 0.872428 0.390083
v 0.227695 0.781261 0.432491
v 0.154795 0.747488 0.441168
v 0.133388 0.89668 0.382502
v 0.167277 0.912766 0.344837
v 0.274618 0.803533 0.38034
v 0.133388 0.89668 0.382502
v 0.274618 0.803533 0.38034
v 0.227695 0.781261 0.432491
v 0.167277 0.912766 0.344837
v 0.173691 0.916389 0.287145
v 0.281842 0.80779 0.299966
v 0.167277 0.912766 0.344837
v 0.281842 0.80779 0.299966
v 0.274618 0.803533 0.38034
v 0.173691 0.916389 0.287145
v 0.156353 0.909098 0.224468
v 0.257398 0.797482 0.214135
v 0.173691 0.916389 0.287145
v 0.257398 0.797482 0.214135
v 0.281842 0.80779 0.299966
v 0.156353 0.909098 0.224468
v 0.119901 0.892937 0.165339
v 0.208407 0.775786 0.132494
v 0.156353 0.909098 0.224468
v 0.208407 0.775786 0.132494
v 0.257398 0.797482 0.214135
v 0.208407 0.775786 0.132494
v 0.135478 0.742818 0.069732
v 0.216932 0.581225 0.035717
v 0.208407 0.775786 0.132494
v 0.216932 0.581225 0.035717
v 0.302498 0.619894 0.110483
v 0.135478 0.742818 0.069732
v 0.054484 0.70565 0.048281
v 0.121423 0.537391 0.010986
v 0.135478 0.742818 0.069732
v 0.121423 0.537391 0.010986
v 0.216932 0.581225 0.035717
v 0.054484 0.70565 0.048281
v -0.01188 0.674749 0.069814
v 0.044083 0.50136 0.037626
v 0.054484 0.70565 0.048281
v 0.044083 0.50136 0.037626
v 0.121423 0.537391 0.010986
v -0.01188 0.674749 0.069814
v -0.05677 0.653442 0.119705
v -0.008479 0.476412 0.096044
v -0.01188 0.674749 0.069814
v -0.008479 0.476412 0.096044
v 0.044083 0.50136 0.037626
v -0.05677 0.653442 0.119705
v -0.075724 0.643848 0.192995
v -0.031971 0.464583 0.18147
v -0.05677 0.653442 0.119705
v -0.031971 0.464583 0.18147
v -0.008479 0.476412 0.096044
v -0.075724 0.643848 0.192995
v -0.055525 0.652159 0.282015
v -0.008664 0.474147 0.286448
v -0.075724 0.643848 0.192995
v -0.008664 0.474147 0.286448
v -0.031971 0.464583 0.18147
v -0.055525 0.652159 0.282015
v 0.002105 0.677866 0.361781
v 0.059975 0.504781 0.380026
v -0.055525 0.652159 0.282015
v 0.059975 0.504781 0.380026
v -0.008664 0.474147 0.286448
v 0.002105 0.677866 0.361781
v 0.076657 0.711694 0.415012
v 0.147785 0.544637 0.441619
v 0.002105 0.677866 0.361781
v 0.147785 0.544637 0.441619
v 0.059975 0.504781 0.380026
v 0.076657 0.711694 0.415012
v 0.154795 0.747488 0.441168
v 0.239347 0.586574 0.472852
v 0.076657 0.711694 0.415012
v 0.239347 0.586574 0.472852
v 0.147785 0.544637 0.441619
v 0.154795 0.747488 0.441168
v 0.227695 0.781261 0.432491
v 0.32572 0.626573 0.463979
v 0.154795 0.747488 0.441168
v 0.32572 0.626573 0.463979
v 0.239347 0.586574 0.472852
v 0.227695 0.781261 0.432491
v 0.274618 0.803533 0.38034
v 0.381091 0.652854 0.402439
v 0.227695 0.781261 0.432491
v 0.381091 0.652854 0.402439
v 0.32572 0.626573 0.463979
v 0.274618 0.803533 0.38034
v 0.281842 0.80779 0.299966
v 0.388373 0.657308 0.307222
v 0.274618 0.803533 0.38034
v 0.388373 0.657308 0.307222
v 0.381091 0.652854 0.402439
v 0.281842 0.80779 0.299966
v 0.257398 0.797482 0.214135
v 0.359199 0.644984 0.20665
v 0.281842 0.80779 0.299966
v 0.359199 0.644984 0.20665
v 0.388373 0.657308 0.307222
v 0.257398 0.797482 0.214135
v 0.208407 0.775786 0.132494
v 0.302498 0.619893 0.110483
v 0.257398 0.797482 0.214135
v 0.302498 0.619893 0.110483
v 0.359199 0.644984 0.20665
v 0.302498 0.619894 0.110483
v 0.216932 0.581225 0.035717
v 0.303055 0.399892 0.02249
v 0.302498 0.619894 0.110483
v 0.303055 0.399892 0.02249
v 0.392964 0.440518 0.10146
v 0.216932 0.581225 0.035717
v 0.121423 0.537391 0.010986
v 0.202525 0.35375 -0.003338
v 0.216932 0.581225 0.035717
v 0.202525 0.35375 -0.003338
v 0.303055 0.399892 0.02249
v 0.121423 0.537391 0.010986
v 0.044083 0.50136 0.037626
v 0.121448 0.315973 0.025153
v 0.121423 0.537391 0.010986
v 0.121448 0.315973 0.025153
v 0.202525 0.35375 -0.003338
v 0.044083 0.50136 0.037626
v -0.008479 0.476412 0.096044
v 0.066257 0.289777 0.086493
v 0.044083 0.50136 0.037626
v 0.066257 0.289777 0.086493
v 0.121448 0.315973 0.025153
v -0.008479 0.476412 0.096044
v -0.031971 0.464583 0.18147
v 0.041118 0.27714 0.176051
v -0.008479 0.476412 0.096044
v 0.041118 0.27714 0.176051
v 0.066257 0.289777 0.086493
v -0.031971 0.464583 0.18147
v -0.008664 0.474147 0.286448
v 0.065466 0.287121 0.286551
v -0.031971 0.464583 0.18147
v 0.065466 0.287121 0.286551
v 0.041118 0.27714 0.176051
v -0.008664 0.474147 0.286448
v 0.059975 0.504781 0.380026
v 0.13796 0.319482 0.384874
v -0.008664 0.474147 0.286448
v 0.13796 0.319482 0.384874
v 0.065466 0.287121 0.286551
v 0.059975 0.504781 0.380026
v 0.147785 0.544637 0.441619
v 0.23035 0.361421 0.44928
v 0.059975 0.504781 0.380026
v 0.23035 0.361421 0.44928
v 0.13796 0.319482 0.384874
v 0.147785 0.544637 0.441619
v 0.239347 0.586574 0.472852
v 0.326516 0.405464 0.482297
v 0.147785 0.544637 0.441619
v 0.326516 0.405464 0.482297
v 0.23035 0.361421 0.44928
v 0.239347 0.586574 0.472852
v 0.32572 0.626573 0.463979
v 0.417579 0.447629 0.473447
v 0.239347 0.586574 0.472852
v 0.417579 0.447629 0.473447
v 0.326516 0.405464 0.482297
v 0.32572 0.626573 0.463979
v 0.381091 0.652854 0.402439
v 0.475876 0.4753 0.408656
v 0.32572 0.626573 0.463979
v 0.475876 0.4753 0.408656
v 0.417579 0.447629 0.473447
v 0.381091 0.652854 0.402439
v 0.388373 0.657308 0.307222
v 0.483094 0.479783 0.308274
v 0.381091 0.652854 0.402439
v 0.483094 0.479783 0.308274
v 0.475876 0.4753 0.408656
v 0.388373 0.657308 0.307222
v 0.359199 0.644984 0.20665
v 0.45226 0.46675 0.202646
v 0.388373 0.657308 0.307222
v 0.45226 0.46675 0.202646
v 0.483094 0.479783 0.308274
v 0.359199 0.644984 0.20665
v 0.302498 0.619893 0.110483
v 0.392964 0.440518 0.10146
v 0.359199 0.644984 0.20665
v 0.392964 0.440518 0.10146
v 0.45226 0.46675 0.202646
v 0.392964 0.440518 0.10146
v 0.303055 0.399892 0.02249
v 0.385383 0.216551 0.031542
v 0.392964 0.440518 0.10146
v 0.385383 0.216551 0.031542
v 0.470949 0.255219 0.106308
v 0.303055 0.399892 0.02249
v 0.202525 0.35375 -0.003338
v 0.289874 0.172716 0.00681
v 0.303055 0.399892 0.02249
v 0.289874 0.172716 0.00681
v 0.385383 0.216551 0.031542
v 0.202525 0.35375 -0.003338
v 0.121448 0.315973 0.025153
v 0.212533 0.136686 0.03345
v 0.202525 0.35375 -0.003338
v 0.212533 0.136686 0.03345
v 0.289874 0.172716 0.00681
v 0.121448 0.315973 0.025153
v 0.066257 0.289777 0.086493
v 0.159972 0.111738 0.091868
v 0.121448 0.315973 0.025153
v 0.159972 0.111738 0.091868
v 0.212533 0.136686 0.03345
v 0.066257 0.289777 0.086493
v 0.041118 0.27714 0.176051
v 0.13648 0.099908 0.177295
v 0.066257 0.289777 0.086493
v 0.13648 0.099908 0.177295
v 0.159972 0.111738 0.091868
v 0.041118 0.27714 0.176051
v 0.065466 0.287121 0.286551
v 0.159787 0.109472 0.282273
v 0.041118 0.27714 0.176051
v 0.159787 0.109472 0.282273
v 0.13648 0.099908 0.177295
v 0.065466 0.287121 0.286551
v 0.13796 0.319482 0.384874
v 0.228426 0.140107 0.37585
v 0.065466 0.287121 0.286551
v 0.228426 0.140107 0.37585
v 0.159787 0.109472 0.282273
v 0.13796 0.319482 0.384874
v 0.23035 0.361421 0.44928
v 0.316236 0.179962 0.437443
v 0.13796 0.319482 0.384874
v 0.316236 0.179962 0.437443
v 0.228426 0.140107 0.37585
v 0.23035 0.361421 0.44928
v 0.326516 0.405464 0.482297
v 0.407797 0.221899 0.468677
v 0.23035 0.361421 0.44928
v 0.407797 0.221899 0.468677
v 0.316236 0.179962 0.437443
v 0.326516 0.405464 0.482297
v 0.417579 0.447629 0.473447
v 0.494171 0.261898 0.459803
v 0.326516 0.405464 0.482297
v 0.494171 0.261898 0.459803
v 0.407797 0.221899 0.468677
v 0.417579 0.447629 0.473447
v 0.475876 0.4753 0.408656
v 0.549542 0.28818 0.398263
v 0.417579 0.447629 0.473447
v 0.549542 0.28818 0.398263
v 0.494171 0.261898 0.459803
v 0.475876 0.4753 0.408656
v 0.483094 0.479783 0.308274
v 0.556824 0.292634 0.303047
v 0.475876 0.4753 0.408656
v 0.556824 0.292634 0.303047
v 0.549542 0.28818 0.398263
v 0.483094 0.479783 0.308274
v 0.45226 0.46675 0.202646
v 0.52765 0.280309 0.202475
v 0.483094 0.479783 0.308274
v 0.52765 0.280309 0.202475
v 0.556824 0.292634 0.303047
v 0.45226 0.46675 0.202646
v 0.392964 0.440518 0.10146
v 0.470949 0.255219 0.106307
v 0.45226 0.46675 0.202646
v 0.470949 0.255219 0.106307
v 0.52765 0.280309 0.202475
v 0.470949 0.255219 0.106308
v 0.385383 0.216551 0.031542
v 0.45589 0.049165 0.061789
v 0.470949 0.255219 0.106308
v 0.45589 0.049165 0.061789
v 0.528819 0.082134 0.124552
v 0.385383 0.216551 0.031542
v 0.289874 0.172716 0.00681
v 0.374896 0.011998 0.040339
v 0.385383 0.216551 0.031542
v 0.374896 0.011998 0.040339
v 0.45589 0.049165 0.061789
v 0.289874 0.172716 0.00681
v 0.212533 0.136686 0.03345
v 0.308532 -0.018903 0.061871
v 0.289874 0.172716 0.00681
v 0.308532 -0.018903 0.061871
v 0.374896 0.011998 0.040339
v 0.212533 0.136686 0.03345
v 0.159972 0.111738 0.091868
v 0.263642 -0.04021 0.111763
v 0.212533 0.136686 0.03345
v 0.263642 -0.04021 0.111763
v 0.308532 -0.018903 0.061871
v 0.159972 0.111738 0.091868
v 0.13648 0.099908 0.177295
v 0.244689 -0.049804 0.185053
v 0.159972 0.111738 0.091868
v 0.244689 -0.049804 0.185053
v 0.263642 -0.04021 0.111763
v 0.13648 0.099908 0.177295
v 0.159787 0.109472 0.282273
v 0.264888 -0.041493 0.274073
v 0.13648 0.099908 0.177295
v 0.264888 -0.041493 0.274073
v 0.244689 -0.049804 0.185053
v 0.159787 0.109472 0.282273
v 0.228426 0.140107 0.37585
v 0.322517 -0.015786 0.353839
v 0.159787 0.109472 0.282273
v 0.322517 -0.015786 0.353839
v 0.264888 -0.041493 0.274073
v 0.228426 0.140107 0.37585
v 0.316236 0.179962 0.437443
v 0.39707 0.018042 0.40707
v 0.228426 0.140107 0.37585
v 0.39707 0.018042 0.40707
v 0.322517 -0.015786 0.353839
v 0.316236 0.179962 0.437443
v 0.407797 0.221899 0.468677
v 0.475208 0.053836 0.433226
v 0.316236 0.179962 0.437443
v 0.475208 0.053836 0.433226
v 0.39707 0.018042 0.40707
v 0.407797 0.221899 0.468677
v 0.494171 0.261898 0.459803
v 0.548108 0.087609 0.424549
v 0.407797 0.221899 0.468677
v 0.548108 0.087609 0.424549
v 0.475208 0.053836 0.433226
v 0.494171 0.261898 0.459803
v 0.549542 0.28818 0.398263
v 0.59503 0.109881 0.372398
v 0.494171 0.261898 0.459803
v 0.59503 0.109881 0.372398
v 0.548108 0.087609 0.424549
v 0.549542 0.28818 0.398263
v 0.556824 0.292634 0.303047
v 0.602254 0.114138 0.292024
v 0.549542 0.28818 0.398263
v 0.602254 0.114138 0.292024
v 0.59503 0.109881 0.372398
v 0.556824 0.292634 0.303047
v 0.52765 0.280309 0.202475
v 0.57781 0.10383 0.206192
v 0.556824 0.292634 0.303047
v 0.57781 0.10383 0.206192
v 0.602254 0.114138 0.292024
v 0.52765 0.280309 0.202475
v 0.470949 0.255219 0.106307
v 0.528819 0.082134 0.124552
v 0.52765 0.280309 0.202475
v 0.528819 0.082134 0.124552
v 0.57781 0.10383 0.206192
v 0.528819 0.082134 0.124552
v 0.45589 0.049165 0.061789
v 0.507763 -0.085832 0.109755
v 0.528819 0.082134 0.124552
v 0.507763 -0.085832 0.109755
v 0.56091 -0.061794 0.154408
v 0.45589 0.049165 0.061789
v 0.374896 0.011998 0.040339
v 0.449201 -0.112699 0.093702
v 0.45589 0.049165 0.061789
v 0.449201 -0.112699 0.093702
v 0.507763 -0.085832 0.109755
v 0.374896 0.011998 0.040339
v 0.308532 -0.018903 0.061871
v 0.400336 -0.135436 0.10807
v 0.374896 0.011998 0.040339
v 0.400336 -0.135436 0.10807
v 0.449201 -0.112699 0.093702
v 0.308532 -0.018903 0.061871
v 0.263642 -0.04021 0.111763
v 0.367519 -0.151012 0.144543
v 0.308532 -0.018903 0.061871
v 0.367519 -0.151012 0.144543
v 0.400336 -0.135436 0.10807
v 0.263642 -0.04021 0.111763
v 0.244689 -0.049804 0.185053
v 0.354914 -0.157452 0.198495
v 0.263642 -0.04021 0.111763
v 0.354914 -0.157452 0.198495
v 0.367519 -0.151012 0.144543
v 0.244689 -0.049804 0.185053
v 0.264888 -0.041493 0.274073
v 0.370011 -0.151216 0.262854
v 0.244689 -0.049804 0.185053
v 0.370011 -0.151216 0.262854
v 0.354914 -0.157452 0.198495
v 0.264888 -0.041493 0.274073
v 0.322517 -0.015786 0.353839
v 0.411023 -0.132937 0.320994
v 0.264888 -0.041493 0.274073
v 0.411023 -0.132937 0.320994
v 0.370011 -0.151216 0.262854
v 0.322517 -0.015786 0.353839
v 0.39707 0.018042 0.40707
v 0.465028 -0.108445 0.360616
v 0.322517 -0.015786 0.353839
v 0.465028 -0.108445 0.360616
v 0.411023 -0.132937 0.320994
v 0.39707 0.018042 0.40707
v 0.475208 0.053836 0.433226
v 0.522082 -0.082303 0.379151
v 0.39707 0.018042 0.40707
v 0.522082 -0.082303 0.379151
v 0.465028 -0.108445 0.360616
v 0.475208 0.053836 0.433226
v 0.548108 0.087609 0.424549
v 0.574397 -0.05805 0.37157
v 0.475208 0.053836 0.433226
v 0.574397 -0.05805 0.37157
v 0.522082 -0.082303 0.379151
v 0.548108 0.087609 0.424549
v 0.59503 0.109881 0.372398
v 0.608287 -0.041965 0.333905
v 0.548108 0.087609 0.424549
v 0.608287 -0.041965 0.333905
v 0.574397 -0.05805 0.37157
v 0.59503 0.109881 0.372398
v 0.602254 0.114138 0.292024
v 0.614701 -0.038341 0.276213
v 0.59503 0.109881 0.372398
v 0.614701 -0.038341 0.276213
v 0.608287 -0.041965 0.333905
v 0.602254 0.114138 0.292024
v 0.57781 0.10383 0.206192
v 0.597363 -0.045632 0.213537
v 0.602254 0.114138 0.292024
v 0.597363 -0.045632 0.213537
v 0.614701 -0.038341 0.276213
v 0.57781 0.10383 0.206192
v 0.528819 0.082134 0.124552
v 0.56091 -0.061794 0.154408
v 0.57781 0.10383 0.206192
v 0.56091 -0.061794 0.154408
v 0.597363 -0.045632 0.213537
v 0.56091 -0.061794 0.154408
v 0.507763 -0.085832 0.109755
v 0.536033 -0.17517 0.170103
v 0.56091 -0.061794 0.154408
v 0.536033 -0.17517 0.170103
v 0.564081 -0.162475 0.192951
v 0.507763 -0.085832 0.109755
v 0.449201 -0.112699 0.093702
v 0.505433 -0.189204 0.161354
v 0.507763 -0.085832 0.109755
v 0.505433 -0.189204 0.161354
v 0.536033 -0.17517 0.170103
v 0.449201 -0.112699 0.093702
v 0.400336 -0.135436 0.10807
v 0.479313 -0.201347 0.168062
v 0.449201 -0.112699 0.093702
v 0.479313 -0.201347 0.168062
v 0.505433 -0.189204 0.161354
v 0.400336 -0.135436 0.10807
v 0.367519 -0.151012 0.144543
v 0.461927 -0.209599 0.187385
v 0.400336 -0.135436 0.10807
v 0.461927 -0.209599 0.187385
v 0.479313 -0.201347 0.168062
v 0.367519 -0.151012 0.144543
v 0.354914 -0.157452 0.198495
v 0.456072 -0.212634 0.216216
v 0.367519 -0.151012 0.144543
v 0.456072 -0.212634 0.216216
v 0.461927 -0.209599 0.187385
v 0.354914 -0.157452 0.198495
v 0.370011 -0.151216 0.262854
v 0.464288 -0.209223 0.249842
v 0.354914 -0.157452 0.198495
v 0.464288 -0.209223 0.249842
v 0.456072 -0.212634 0.216216
v 0.370011 -0.151216 0.262854
v 0.411023 -0.132937 0.320994
v 0.485281 -0.199878 0.280531
v 0.370011 -0.151216 0.262854
v 0.485281 -0.199878 0.280531
v 0.464288 -0.209223 0.249842
v 0.411023 -0.132937 0.320994
v 0.465028 -0.108445 0.360616
v 0.513566 -0.187058 0.301989
v 0.411023 -0.132937 0.320994
v 0.513566 -0.187058 0.301989
v 0.485281 -0.199878 0.280531
v 0.465028 -0.108445 0.360616
v 0.522082 -0.082303 0.379151
v 0.543749 -0.173224 0.311424
v 0.465028 -0.108445 0.360616
v 0.543749 -0.173224 0.311424
v 0.513566 -0.187058 0.301989
v 0.522082 -0.082303 0.379151
v 0.574397 -0.05805 0.37157
v 0.570823 -0.160663 0.306592
v 0.522082 -0.082303 0.379151
v 0.570823 -0.160663 0.306592
v 0.543749 -0.173224 0.311424
v 0.574397 -0.05805 0.37157
v 0.608287 -0.041965 0.333905
v 0.588506 -0.152269 0.286939
v 0.574397 -0.05805 0.37157
v 0.588506 -0.152269 0.286939
v 0.570823 -0.160663 0.306592
v 0.608287 -0.041965 0.333905
v 0.614701 -0.038341 0.276213
v 0.59265 -0.150013 0.257075
v 0.608287 -0.041965 0.333905
v 0.59265 -0.150013 0.257075
v 0.588506 -0.152269 0.286939
v 0.614701 -0.038341 0.276213
v 0.597363 -0.045632 0.213537
v 0.583814 -0.153715 0.223914
v 0.614701 -0.038341 0.276213
v 0.583814 -0.153715 0.223914
v 0.59265 -0.150013 0.257075
v 0.597363 -0.045632 0.213537
v 0.56091 -0.061794 0.154408
v 0.564081 -0.162475 0.192951
v 0.597363 -0.045632 0.213537
v 0.564081 -0.162475 0.192951
v 0.583814 -0.153715 0.223914
v 0.564081 -0.162475 0.192951
v 0.536033 -0.17517 0.170103
v 0.538021 -0.210056 0.236411
v 0.536033 -0.17517 0.170103
v 0.505433 -0.189204 0.161354
v 0.538021 -0.210056 0.236411
v 0.505433 -0.189204 0.161354
v 0.479313 -0.201347 0.168062
v 0.538021 -0.210056 0.236411
v 0.479313 -0.201347 0.168062
v 0.461927 -0.209599 0.187385
v 0.538021 -0.210056 0.236411
v 0.461927 -0.209599 0.187385
v 0.456072 -0.212634 0.216216
v 0.538021 -0.210056 0.236411
v 0.456072 -0.212634 0.216216
v 0.464288 -0.209223 0.249842
v 0.538021 -0.210056 0.236411
v 0.464288 -0.209223 0.249842
v 0.485281 -0.199878 0.280531
v 0.538021 -0.210056 0.236411
v 0.485281 -0.199878 0.280531
v 0.513566 -0.187058 0.301989
v 0.538021 -0.210056 0.236411
v 0.513566 -0.187058 0.301989
v 0.543749 -0.173224 0.311424
v 0.538021 -0.210056 0.236411
v 0.543749 -0.173224 0.311424
v 0.570823 -0.160663 0.306592
v 0.538021 -0.210056 0.236411
v 0.570823 -0.160663 0.306592
v 0.588506 -0.152269 0.286939
v 0.538021 -0.210056 0.236411
v 0.588506 -0.152269 0.286939
v 0.59265 -0.150013 0.257075
v 0.538021 -0.210056 0.236411
v 0.59265 -0.150013 0.257075
v 0.583814 -0.153715 0.223914
v 0.538021 -0.210056 0.236411
v 0.583814 -0.153715 0.223914
v 0.564081 -0.162475 0.192951
v 0.538021 -0.210056 0.236411
vn -0.123926 0.924165 -0.361334
vn -0.123926 0.924165 -0.361334
vn -0.123926 0.924165 -0.361334
vn -0.284238 0.870373 -0.40207
vn -0.284238 0.870373 -0.40207
vn -0.284238 0.870373 -0.40207
vn -0.467606 0.808394 -0.357553
vn -0.467606 0.808394 -0.357553
vn -0.467606 0.808394 -0.357553
vn -0.621705 0.745212 -0.241128
vn -0.621705 0.745212 -0.241128
vn -0.621705 0.745212 -0.241128
vn -0.722417 0.687449 -0.074352
vn -0.722417 0.687449 -0.074352
vn -0.722417 0.687449 -0.074352
vn -0.752224 0.648245 0.118058
vn -0.752224 0.648245 0.118058
vn -0.752224 0.648245 0.118058
vn -0.706172 0.647804 0.285783
vn -0.706172 0.647804 0.285783
vn -0.706172 0.647804 0.285783
vn -0.609105 0.690289 0.390502
vn -0.609105 0.690289 0.390502
vn -0.609105 0.690289 0.390502
vn -0.483622 0.764613 0.426
vn -0.483622 0.764613 0.426
vn -0.483622 0.764613 0.426
vn -0.330539 0.861059 0.386421
vn -0.330539 0.861059 0.386421
vn -0.330539 0.861059 0.386421
vn -0.166357 0.952015 0.256892
vn -0.166357 0.952015 0.256892
vn -0.166357 0.952015 0.256892
vn -0.04498 0.996599 0.069046
vn -0.04498 0.996599 0.069046
vn -0.04498 0.996599 0.069046
vn -0.000667 0.993847 -0.110764
vn -0.000667 0.993847 -0.110764
vn -0.000667 0.993847 -0.110764
vn -0.027547 0.966324 -0.255851
vn -0.027547 0.966324 -0.255851
vn -0.027547 0.966324 -0.255851
vn 0.240813 0.69229 -0.680253
vn 0.240813 0.69229 -0.680253
vn 0.240813 0.69229 -0.680253
vn 0.255076 0.691487 -0.675857
vn 0.255076 0.691487 -0.675857
vn 0.255076 0.691487 -0.675857
vn -0.046417 0.599365 -0.799129
vn -0.046417 0.599365 -0.799129
vn -0.046417 0.599365 -0.799129
vn -0.056277 0.599627 -0.798298
vn -0.056277 0.599627 -0.798298
vn -0.056277 0.599627 -0.798298
vn -0.419873 0.476551 -0.772403
vn -0.419873 0.476551 -0.772403
vn -0.419873 0.476551 -0.772403
vn -0.44457 0.475968 -0.758823
vn -0.44457 0.475968 -0.758823
vn -0.44457 0.475968 -0.758823
vn -0.766465 0.34243 -0.54339
vn -0.766465 0.34243 -0.54339
vn -0.766465 0.34243 -0.54339
vn -0.766465 0.34243 -0.54339
vn -0.766465 0.34243 -0.54339
vn -0.766465 0.34243 -0.54339
vn -0.957766 0.231836 -0.170107
vn -0.957766 0.231836 -0.170107
vn -0.957766 0.231836 -0.170107
vn -0.95365 0.228761 -0.195501
vn -0.95365 0.228761 -0.195501
vn -0.95365 0.228761 -0.195501
vn -0.961154 0.169761 0.217634
vn -0.961154 0.169761 0.217634
vn -0.961154 0.169761 0.217634
vn -0.963426 0.166664 0.209841
vn -0.963426 0.166664 0.209841
vn -0.963426 0.166664 0.209841
vn -0.836686 0.172631 0.519764
vn -0.836686 0.172631 0.519764
vn -0.836686 0.172631 0.519764
vn -0.829559 0.180972 0.528281
vn -0.829559 0.180972 0.528281
vn -0.829559 0.180972 0.528281
vn -0.65389 0.244025 0.716156
vn -0.65389 0.244025 0.716156
vn -0.65389 0.244025 0.716156
vn -0.644564 0.255557 0.720575
vn -0.644564 0.255557 0.720575
vn -0.644564 0.255557 0.720575
vn -0.431691 0.385745 0.81538
vn -0.431691 0.385745 0.81538
vn -0.431691 0.385745 0.81538
vn -0.438048 0.377574 0.815814
vn -0.438048 0.377574 0.815814
vn -0.438048 0.377574 0.815814
vn -0.136028 0.597232 0.79045
vn -0.136028 0.597232 0.79045
vn -0.136028 0.597232 0.79045
vn -0.15165 0.577815 0.801955
vn -0.15165 0.577815 0.801955
vn -0.15165 0.577815 0.801955
vn 0.223276 0.80762 0.5458
vn 0.223276 0.80762 0.5458
vn 0.223276 0.80762 0.5458
vn 0.223276 0.80762 0.5458
vn 0.223276 0.80762 0.5458
vn 0.223276 0.80762 0.5458
vn 0.468665 0.873605 0.131026
vn 0.468665 0.873605 0.131026
vn 0.468665 0.873605 0.131026
vn 0.467699 0.877375 0.107098
vn 0.467699 0.877375 0.107098
vn 0.467699 0.877375 0.107098
vn 0.511259 0.828438 -0.228701
vn 0.511259 0.828438 -0.228701
vn 0.511259 0.828438 -0.228701
vn 0.50709 0.828759 -0.236682
vn 0.50709 0.828759 -0.236682
vn 0.50709 0.828759 -0.236682
vn 0.423835 0.764114 -0.486306
vn 0.423835 0.764114 -0.486306
vn 0.423835 0.764114 -0.486306
vn 0.435237 0.763561 -0.477015
vn 0.435237 0.763561 -0.477015
vn 0.435237 0.763561 -0.477015
vn 0.397919 0.521843 -0.754547
vn 0.397919 0.521843 -0.754547
vn 0.397919 0.521843 -0.754547
vn 0.409972 0.51985 -0.749453
vn 0.409972 0.51985 -0.749453
vn 0.409972 0.51985 -0.749453
vn 0.066852 0.400331 -0.913929
vn 0.066852 0.400331 -0.913929
vn 0.066852 0.400331 -0.913929
vn 0.058055 0.401108 -0.91419
vn 0.058055 0.401108 -0.91419
vn 0.058055 0.401108 -0.91419
vn -0.372088 0.231735 -0.898804
vn -0.372088 0.231735 -0.898804
vn -0.372088 0.231735 -0.898804
vn -0.396409 0.232438 -0.888163
vn -0.396409 0.232438 -0.888163
vn -0.396409 0.232438 -0.888163
vn -0.756341 0.070644 -0.650352
vn -0.756341 0.070644 -0.650352
vn -0.756341 0.070644 -0.650352
vn -0.756341 0.070644 -0.650352
vn -0.756341 0.070644 -0.650352
vn -0.756341 0.070644 -0.650352
vn -0.971871 -0.040861 -0.231944
vn -0.971871 -0.040861 -0.231944
vn -0.971871 -0.040861 -0.231944
vn -0.965607 -0.04655 -0.255807
vn -0.965607 -0.04655 -0.255807
vn -0.965607 -0.04655 -0.255807
vn -0.968064 -0.086171 0.235429
vn -0.968064 -0.086171 0.235429
vn -0.968064 -0.086171 0.235429
vn -0.969409 -0.089989 0.228361
vn -0.969409 -0.089989 0.228361
vn -0.969409 -0.089989 0.228361
vn -0.807081 -0.05807 0.587578
vn -0.807081 -0.05807 0.587578
vn -0.807081 -0.05807 0.587578
vn -0.801923 -0.049616 0.595364
vn -0.801923 -0.049616 0.595364
vn -0.801923 -0.049616 0.595364
vn -0.598557 0.024481 0.800706
vn -0.598557 0.024481 0.800706
vn -0.598557 0.024481 0.800706
vn -0.591281 0.035291 0.805693
vn -0.591281 0.035291 0.805693
vn -0.591281 0.035291 0.805693
vn -0.369344 0.156593 0.916004
vn -0.369344 0.156593 0.916004
vn -0.369344 0.156593 0.916004
vn -0.374597 0.149026 0.915133
vn -0.374597 0.149026 0.915133
vn -0.374597 0.149026 0.915133
vn -0.037595 0.371129 0.92782
vn -0.037595 0.371129 0.92782
vn -0.037595 0.371129 0.92782
vn -0.051676 0.35168 0.934693
vn -0.051676 0.35168 0.934693
vn -0.051676 0.35168 0.934693
vn 0.424874 0.629089 0.650944
vn 0.424874 0.629089 0.650944
vn 0.424874 0.629089 0.650944
vn 0.424874 0.629089 0.650944
vn 0.424874 0.629089 0.650944
vn 0.424874 0.629089 0.650944
vn 0.696061 0.707573 0.121822
vn 0.696061 0.707573 0.121822
vn 0.696061 0.707573 0.121822
vn 0.693214 0.713745 0.100113
vn 0.693214 0.713745 0.100113
vn 0.693214 0.713745 0.100113
vn 0.701067 0.659727 -0.270677
vn 0.701067 0.659727 -0.270677
vn 0.701067 0.659727 -0.270677
vn 0.696865 0.661186 -0.277871
vn 0.696865 0.661186 -0.277871
vn 0.696865 0.661186 -0.277871
vn 0.597066 0.600273 -0.532151
vn 0.597066 0.600273 -0.532151
vn 0.597066 0.600273 -0.532151
vn 0.607099 0.598041 -0.523237
vn 0.607099 0.598041 -0.523237
vn 0.607099 0.598041 -0.523237
vn 0.483268 0.406784 -0.775228
vn 0.483268 0.406784 -0.775228
vn 0.483268 0.406784 -0.775228
vn 0.49085 0.405164 -0.771303
vn 0.49085 0.405164 -0.771303
vn 0.49085 0.405164 -0.771303
vn 0.131798 0.264204 -0.955419
vn 0.131798 0.264204 -0.955419
vn 0.131798 0.264204 -0.955419
vn 0.126041 0.264774 -0.956038
vn 0.126041 0.264774 -0.956038
vn 0.126041 0.264774 -0.956038
vn -0.335664 0.066099 -0.93966
vn -0.335664 0.066099 -0.93966
vn -0.335664 0.066099 -0.93966
vn -0.352556 0.066634 -0.933416
vn -0.352556 0.066634 -0.933416
vn -0.352556 0.066634 -0.933416
vn -0.717024 -0.103459 -0.689329
vn -0.717024 -0.103459 -0.689329
vn -0.717024 -0.103459 -0.689329
vn -0.717023 -0.103459 -0.689328
vn -0.717023 -0.103459 -0.689328
vn -0.717023 -0.103459 -0.689328
vn -0.939106 -0.21181 -0.270587
vn -0.939106 -0.21181 -0.270587
vn -0.939106 -0.21181 -0.270587
vn -0.933316 -0.216287 -0.286603
vn -0.933316 -0.216287 -0.286603
vn -0.933316 -0.216287 -0.286603
vn -0.941139 -0.241871 0.236127
vn -0.941139 -0.241871 0.236127
vn -0.941139 -0.241871 0.236127
vn -0.941599 -0.244687 0.231342
vn -0.941599 -0.244687 0.231342
vn -0.941599 -0.244687 0.231342
vn -0.76537 -0.19112 0.614559
vn -0.76537 -0.19112 0.614559
vn -0.76537 -0.19112 0.614559
vn -0.762471 -0.185278 0.619927
vn -0.762471 -0.185278 0.619927
vn -0.762471 -0.185278 0.619927
vn -0.54744 -0.100769 0.830756
vn -0.54744 -0.100769 0.830756
vn -0.54744 -0.100769 0.830756
vn -0.542925 -0.093557 0.834554
vn -0.542925 -0.093557 0.834554
vn -0.542925 -0.093557 0.834554
vn -0.323978 0.016024 0.945929
vn -0.323978 0.016024 0.945929
vn -0.323978 0.016024 0.945929
vn -0.327379 0.011093 0.944828
vn -0.327379 0.011093 0.944828
vn -0.327379 0.011093 0.944828
vn 0.018677 0.210782 0.977355
vn 0.018677 0.210782 0.977355
vn 0.018677 0.210782 0.977355
vn 0.009106 0.197789 0.980202
vn 0.009106 0.197789 0.980202
vn 0.009106 0.197789 0.980202
vn 0.5389 0.482107 0.690768
vn 0.5389 0.482107 0.690768
vn 0.5389 0.482107 0.690768
vn 0.5389 0.482107 0.690768
vn 0.5389 0.482107 0.690768
vn 0.5389 0.482107 0.690768
vn 0.809449 0.578019 0.103371
vn 0.809449 0.578019 0.103371
vn 0.809449 0.578019 0.103371
vn 0.807239 0.583471 0.08903
vn 0.807239 0.583471 0.08903
vn 0.807239 0.583471 0.08903
vn 0.789387 0.541184 -0.289808
vn 0.789387 0.541184 -0.289808
vn 0.789387 0.541184 -0.289808
vn 0.786583 0.542639 -0.294669
vn 0.786583 0.542639 -0.294669
vn 0.786583 0.542639 -0.294669
vn 0.684273 0.489341 -0.540662
vn 0.684273 0.489341 -0.540662
vn 0.684273 0.489341 -0.540662
vn 0.690665 0.487284 -0.534357
vn 0.690665 0.487284 -0.534357
vn 0.690665 0.487284 -0.534357
vn 0.540453 0.313636 -0.780733
vn 0.540453 0.313636 -0.780733
vn 0.540453 0.313636 -0.780733
vn 0.54297 0.313039 -0.779225
vn 0.54297 0.313039 -0.779225
vn 0.54297 0.313039 -0.779225
vn 0.18021 0.155348 -0.971283
vn 0.18021 0.155348 -0.971283
vn 0.18021 0.155348 -0.971283
vn 0.178242 0.15553 -0.971617
vn 0.178242 0.15553 -0.971617
vn 0.178242 0.15553 -0.971617
vn -0.299562 -0.060955 -0.952128
vn -0.299562 -0.060955 -0.952128
vn -0.299562 -0.060955 -0.952128
vn -0.305577 -0.060834 -0.950222
vn -0.305577 -0.060834 -0.950222
vn -0.305577 -0.060834 -0.950222
vn -0.671411 -0.232858 -0.703551
vn -0.671411 -0.232858 -0.703551
vn -0.671411 -0.232858 -0.703551
vn -0.671411 -0.232858 -0.703551
vn -0.671411 -0.232858 -0.703551
vn -0.671411 -0.232858 -0.703551
vn -0.893672 -0.34 -0.292832
vn -0.893672 -0.34 -0.292832
vn -0.893672 -0.34 -0.292832
vn -0.891221 -0.341614 -0.298371
vn -0.891221 -0.341614 -0.298371
vn -0.891221 -0.341614 -0.298371
vn -0.90402 -0.358191 0.23334
vn -0.90402 -0.358191 0.23334
vn -0.90402 -0.358191 0.23334
vn -0.904051 -0.35921 0.231646
vn -0.904051 -0.35921 0.231646
vn -0.904051 -0.35921 0.231646
vn -0.724544 -0.288556 0.625917
vn -0.724544 -0.288556 0.625917
vn -0.724544 -0.288556 0.625917
vn -0.723676 -0.286494 0.627865
vn -0.723676 -0.286494 0.627865
vn -0.723676 -0.286494 0.627865
vn -0.503758 -0.191794 0.842284
vn -0.503758 -0.191794 0.842284
vn -0.503758 -0.191794 0.842284
vn -0.502257 -0.189306 0.843742
vn -0.502257 -0.189306 0.843742
vn -0.502257 -0.189306 0.843742
vn -0.285431 -0.087612 0.954386
vn -0.285431 -0.087612 0.954386
vn -0.285431 -0.087612 0.954386
vn -0.286607 -0.08927 0.95388
vn -0.286607 -0.08927 0.95388
vn -0.286607 -0.08927 0.95388
vn 0.062852 0.084882 0.994407
vn 0.062852 0.084882 0.994407
vn 0.062852 0.084882 0.994407
vn 0.059424 0.080488 0.994983
vn 0.059424 0.080488 0.994983
vn 0.059424 0.080488 0.994983
vn 0.615448 0.353218 0.704599
vn 0.615448 0.353218 0.704599
vn 0.615448 0.353218 0.704599
vn 0.615448 0.353218 0.704599
vn 0.615448 0.353218 0.704599
vn 0.615448 0.353218 0.704599
vn 0.878537 0.469283 0.089141
vn 0.878537 0.469283 0.089141
vn 0.878537 0.469283 0.089141
vn 0.877811 0.471552 0.084184
vn 0.877811 0.471552 0.084184
vn 0.877811 0.471552 0.084184
vn 0.84303 0.446893 -0.29931
vn 0.84303 0.446893 -0.29931
vn 0.84303 0.446893 -0.29931
vn 0.842084 0.44752 -0.301032
vn 0.842084 0.44752 -0.301032
vn 0.842084 0.44752 -0.301032
vn 0.739861 0.400339 -0.54068
vn 0.739861 0.400339 -0.54068
vn 0.739861 0.400339 -0.54068
vn 0.741986 0.399506 -0.538379
vn 0.741986 0.399506 -0.538379
vn 0.741986 0.399506 -0.538379
vn 0.584146 0.223786 -0.780188
vn 0.584146 0.223786 -0.780188
vn 0.584146 0.223786 -0.780188
vn 0.581738 0.224376 -0.781816
vn 0.581738 0.224376 -0.781816
vn 0.581738 0.224376 -0.781816
vn 0.225116 0.054083 -0.97283
vn 0.225116 0.054083 -0.97283
vn 0.225116 0.054083 -0.97283
vn 0.227039 0.053941 -0.972391
vn 0.227039 0.053941 -0.972391
vn 0.227039 0.053941 -0.972391
vn -0.253822 -0.172992 -0.951656
vn -0.253822 -0.172992 -0.951656
vn -0.253822 -0.172992 -0.951656
vn -0.24776 -0.172984 -0.953253
vn -0.24776 -0.172984 -0.953253
vn -0.24776 -0.172984 -0.953253
vn -0.61871 -0.346949 -0.704857
vn -0.61871 -0.346949 -0.704857
vn -0.61871 -0.346949 -0.704857
vn -0.61871 -0.346949 -0.704857
vn -0.61871 -0.346949 -0.704857
vn -0.61871 -0.346949 -0.704857
vn -0.839285 -0.453691 -0.299608
vn -0.839285 -0.453691 -0.299608
vn -0.839285 -0.453691 -0.299608
vn -0.842058 -0.452113 -0.294163
vn -0.842058 -0.452113 -0.294163
vn -0.842058 -0.452113 -0.294163
vn -0.857142 -0.460642 0.230472
vn -0.857142 -0.460642 0.230472
vn -0.857142 -0.460642 0.230472
vn -0.857229 -0.459614 0.232192
vn -0.857229 -0.459614 0.232192
vn -0.857229 -0.459614 0.232192
vn -0.68251 -0.375751 0.62689
vn -0.68251 -0.375751 0.62689
vn -0.68251 -0.375751 0.62689
vn -0.683247 -0.37781 0.624846
vn -0.683247 -0.37781 0.624846
vn -0.683247 -0.37781 0.624846
vn -0.463101 -0.274169 0.842834
vn -0.463101 -0.274169 0.842834
vn -0.463101 -0.274169 0.842834
vn -0.464537 -0.276602 0.841247
vn -0.464537 -0.276602 0.841247
vn -0.464537 -0.276602 0.841247
vn -0.245051 -0.179201 0.952805
vn -0.245051 -0.179201 0.952805
vn -0.245051 -0.179201 0.952805
vn -0.243872 -0.177618 0.953404
vn -0.243872 -0.177618 0.953404
vn -0.243872 -0.177618 0.953404
vn 0.109456 -0.027854 0.993601
vn 0.109456 -0.027854 0.993601
vn 0.109456 -0.027854 0.993601
vn 0.113006 -0.023663 0.993313
vn 0.113006 -0.023663 0.993313
vn 0.113006 -0.023663 0.993313
vn 0.674067 0.226317 0.703146
vn 0.674067 0.226317 0.703146
vn 0.674067 0.226317 0.703146
vn 0.674067 0.226317 0.703146
vn 0.674067 0.226317 0.703146
vn 0.674067 0.226317 0.703146
vn 0.927982 0.363273 0.082955
vn 0.927982 0.363273 0.082955
vn 0.927982 0.363273 0.082955
vn 0.928543 0.360672 0.087885
vn 0.928543 0.360672 0.087885
vn 0.928543 0.360672 0.087885
vn 0.883669 0.357602 -0.302076
vn 0.883669 0.357602 -0.302076
vn 0.883669 0.357602 -0.302076
vn 0.88456 0.356873 -0.300326
vn 0.88456 0.356873 -0.300326
vn 0.88456 0.356873 -0.300326
vn 0.781121 0.314633 -0.53931
vn 0.781121 0.314633 -0.53931
vn 0.781121 0.314633 -0.53931
vn 0.779104 0.31554 -0.541693
vn 0.779104 0.31554 -0.541693
vn 0.779104 0.31554 -0.541693
vn 0.621293 0.12183 -0.774049
vn 0.621293 0.12183 -0.774049
vn 0.621293 0.12183 -0.774049
vn 0.61468 0.123397 -0.779065
vn 0.61468 0.123397 -0.779065
vn 0.61468 0.123397 -0.779065
vn 0.274018 -0.055338 -0.960131
vn 0.274018 -0.055338 -0.960131
vn 0.274018 -0.055338 -0.960131
vn 0.279364 -0.055545 -0.958577
vn 0.279364 -0.055545 -0.958577
vn 0.279364 -0.055545 -0.958577
vn -0.189103 -0.288152 -0.938727
vn -0.189103 -0.288152 -0.938727
vn -0.189103 -0.288152 -0.938727
vn -0.171862 -0.287482 -0.942241
vn -0.171862 -0.287482 -0.942241
vn -0.171862 -0.287482 -0.942241
vn -0.549646 -0.465809 -0.693477
vn -0.549646 -0.465809 -0.693477
vn -0.549646 -0.465809 -0.693477
vn -0.549646 -0.465809 -0.693477
vn -0.549646 -0.465809 -0.693477
vn -0.549646 -0.465809 -0.693477
vn -0.768365 -0.570399 -0.290278
vn -0.768365 -0.570399 -0.290278
vn -0.768365 -0.570399 -0.290278
vn -0.777039 -0.566172 -0.275063
vn -0.777039 -0.566172 -0.275063
vn -0.777039 -0.566172 -0.275063
vn -0.793324 -0.564665 0.227574
vn -0.793324 -0.564665 0.227574
vn -0.793324 -0.564665 0.227574
vn -0.793921 -0.561775 0.232589
vn -0.793921 -0.561775 0.232589
vn -0.793921 -0.561775 0.232589
vn -0.632119 -0.468653 0.617082
vn -0.632119 -0.468653 0.617082
vn -0.632119 -0.468653 0.617082
vn -0.633844 -0.474456 0.610847
vn -0.633844 -0.474456 0.610847
vn -0.633844 -0.474456 0.610847
vn -0.41803 -0.364756 0.831988
vn -0.41803 -0.364756 0.831988
vn -0.41803 -0.364756 0.831988
vn -0.421958 -0.371451 0.827028
vn -0.421958 -0.371451 0.827028
vn -0.421958 -0.371451 0.827028
vn -0.194401 -0.2765 0.941146
vn -0.194401 -0.2765 0.941146
vn -0.194401 -0.2765 0.941146
vn -0.190974 -0.272245 0.943086
vn -0.190974 -0.272245 0.943086
vn -0.190974 -0.272245 0.943086
vn 0.16751 -0.145399 0.97509
vn 0.16751 -0.145399 0.97509
vn 0.16751 -0.145399 0.97509
vn 0.178179 -0.134158 0.97481
vn 0.178179 -0.134158 0.97481
vn 0.178179 -0.134158 0.97481
vn 0.72244 0.084765 0.686219
vn 0.72244 0.084765 0.686219
vn 0.72244 0.084765 0.686219
vn 0.72244 0.084766 0.686219
vn 0.72244 0.084766 0.686219
vn 0.72244 0.084766 0.686219
vn 0.966824 0.240814 0.085206
vn 0.966824 0.240814 0.085206
vn 0.966824 0.240814 0.085206
vn 0.967531 0.232441 0.099275
vn 0.967531 0.232441 0.099275
vn 0.967531 0.232441 0.099275
vn 0.919805 0.255155 -0.298085
vn 0.919805 0.255155 -0.298085
vn 0.919805 0.255155 -0.298085
vn 0.922101 0.252785 -0.292967
vn 0.922101 0.252785 -0.292967
vn 0.922101 0.252785 -0.292967
vn 0.815383 0.216005 -0.537115
vn 0.815383 0.216005 -0.537115
vn 0.815383 0.216005 -0.537115
vn 0.809953 0.218749 -0.544173
vn 0.809953 0.218749 -0.544173
vn 0.809953 0.218749 -0.544173
vn 0.656319 -0.015821 -0.754318
vn 0.656319 -0.015821 -0.754318
vn 0.656319 -0.015821 -0.754318
vn 0.646891 -0.013923 -0.762455
vn 0.646891 -0.013923 -0.762455
vn 0.646891 -0.013923 -0.762455
vn 0.333962 -0.195594 -0.92207
vn 0.333962 -0.195594 -0.92207
vn 0.333962 -0.195594 -0.92207
vn 0.341621 -0.195366 -0.919308
vn 0.341621 -0.195366 -0.919308
vn 0.341621 -0.195366 -0.919308
vn -0.091967 -0.428746 -0.898732
vn -0.091967 -0.428746 -0.898732
vn -0.091967 -0.428746 -0.898732
vn -0.067035 -0.426044 -0.902215
vn -0.067035 -0.426044 -0.902215
vn -0.067035 -0.426044 -0.902215
vn -0.442253 -0.609317 -0.658137
vn -0.442253 -0.609317 -0.658137
vn -0.442253 -0.609317 -0.658137
vn -0.442253 -0.609317 -0.658137
vn -0.442253 -0.609317 -0.658137
vn -0.442253 -0.609317 -0.658137
vn -0.657617 -0.706139 -0.262503
vn -0.657617 -0.706139 -0.262503
vn -0.657617 -0.706139 -0.262503
vn -0.671588 -0.700785 -0.240563
vn -0.671588 -0.700785 -0.240563
vn -0.671588 -0.700785 -0.240563
vn -0.692778 -0.686365 0.221271
vn -0.692778 -0.686365 0.221271
vn -0.692778 -0.686365 0.221271
vn -0.694279 -0.68231 0.228975
vn -0.694279 -0.68231 0.228975
vn -0.694279 -0.68231 0.228975
vn -0.555821 -0.585397 0.590231
vn -0.555821 -0.585397 0.590231
vn -0.555821 -0.585397 0.590231
vn -0.557736 -0.593668 0.580077
vn -0.557736 -0.593668 0.580077
vn -0.557736 -0.593668 0.580077
vn -0.352553 -0.483643 0.801121
vn -0.352553 -0.483643 0.801121
vn -0.352553 -0.483643 0.801121
vn -0.358195 -0.49292 0.792923
vn -0.358195 -0.49292 0.792923
vn -0.358195 -0.49292 0.792923
vn -0.119807 -0.401844 0.907837
vn -0.119807 -0.401844 0.907837
vn -0.119807 -0.401844 0.907837
vn -0.114485 -0.396105 0.91104
vn -0.114485 -0.396105 0.91104
vn -0.114485 -0.396105 0.91104
vn 0.245292 -0.291961 0.924441
vn 0.245292 -0.291961 0.924441
vn 0.245292 -0.291961 0.924441
vn 0.262307 -0.276862 0.924415
vn 0.262307 -0.276862 0.924415
vn 0.262307 -0.276862 0.924415
vn 0.760064 -0.096553 0.642636
vn 0.760064 -0.096553 0.642636
vn 0.760064 -0.096553 0.642636
vn 0.760064 -0.096553 0.642636
vn 0.760064 -0.096553 0.642636
vn 0.760064 -0.096553 0.642636
vn 0.993098 0.071415 0.093043
vn 0.993098 0.071415 0.093043
vn 0.993098 0.071415 0.093043
vn 0.991816 0.057718 0.113889
vn 0.991816 0.057718 0.113889
vn 0.991816 0.057718 0.113889
vn 0.95228 0.110597 -0.284485
vn 0.95228 0.110597 -0.284485
vn 0.95228 0.110597 -0.284485
vn 0.955052 0.106637 -0.276595
vn 0.955052 0.106637 -0.276595
vn 0.955052 0.106637 -0.276595
vn 0.845395 0.078913 -0.528281
vn 0.845395 0.078913 -0.528281
vn 0.845395 0.078913 -0.528281
vn 0.837984 0.083123 -0.539327
vn 0.837984 0.083123 -0.539327
vn 0.837984 0.083123 -0.539327
vn 0.686262 -0.245373 -0.684716
vn 0.686262 -0.245373 -0.684716
vn 0.686262 -0.245373 -0.684716
vn 0.676534 -0.244607 -0.6946
vn 0.676534 -0.244607 -0.6946
vn 0.676534 -0.244607 -0.6946
vn 0.412457 -0.414282 -0.811326
vn 0.412457 -0.414282 -0.811326
vn 0.412457 -0.414282 -0.811326
vn 0.420354 -0.412808 -0.808017
vn 0.420354 -0.412808 -0.808017
vn 0.420354 -0.412808 -0.808017
vn 0.064449 -0.628386 -0.775227
vn 0.064449 -0.628386 -0.775227
vn 0.064449 -0.628386 -0.775227
vn 0.089443 -0.622079 -0.777829
vn 0.089443 -0.622079 -0.777829
vn 0.089443 -0.622079 -0.777829
vn -0.240973 -0.795194 -0.556416
vn -0.240973 -0.795194 -0.556416
vn -0.240973 -0.795194 -0.556416
vn -0.240973 -0.795194 -0.556416
vn -0.240973 -0.795194 -0.556416
vn -0.240973 -0.795194 -0.556416
vn -0.440278 -0.873638 -0.207154
vn -0.440278 -0.873638 -0.207154
vn -0.440278 -0.873638 -0.207154
vn -0.456508 -0.870415 -0.184331
vn -0.456508 -0.870415 -0.184331
vn -0.456508 -0.870415 -0.184331
vn -0.493722 -0.846809 0.197871
vn -0.493722 -0.846809 0.197871
vn -0.493722 -0.846809 0.197871
vn -0.496201 -0.843229 0.206761
vn -0.496201 -0.843229 0.206761
vn -0.496201 -0.843229 0.206761
vn -0.398766 -0.756064 0.518993
vn -0.398766 -0.756064 0.518993
vn -0.398766 -0.756064 0.518993
vn -0.400127 -0.763889 0.506332
vn -0.400127 -0.763889 0.506332
vn -0.400127 -0.763889 0.506332
vn -0.219971 -0.666816 0.712017
vn -0.219971 -0.666816 0.712017
vn -0.219971 -0.666816 0.712017
vn -0.226362 -0.675366 0.701883
vn -0.226362 -0.675366 0.701883
vn -0.226362 -0.675366 0.701883
vn 0.011902 -0.595514 0.803257
vn 0.011902 -0.595514 0.803257
vn 0.011902 -0.595514 0.803257
vn 0.018374 -0.59041 0.806894
vn 0.018374 -0.59041 0.806894
vn 0.018374 -0.59041 0.806894
vn 0.350202 -0.509794 0.785792
vn 0.350202 -0.509794 0.785792
vn 0.350202 -0.509794 0.785792
vn 0.370452 -0.496489 0.785025
vn 0.370452 -0.496489 0.785025
vn 0.370452 -0.496489 0.785025
vn 0.764359 -0.363757 0.532387
vn 0.764359 -0.363757 0.532387
vn 0.764359 -0.363757 0.532387
vn 0.764359 -0.363757 0.532387
vn 0.764359 -0.363757 0.532387
vn 0.764359 -0.363757 0.532387
vn 0.973384 -0.208511 0.09512
vn 0.973384 -0.208511 0.09512
vn 0.973384 -0.208511 0.09512
vn 0.96761 -0.223502 0.117378
vn 0.96761 -0.223502 0.117378
vn 0.96761 -0.223502 0.117378
vn 0.957945 -0.143922 -0.248249
vn 0.957945 -0.143922 -0.248249
vn 0.957945 -0.143922 -0.248249
vn 0.959572 -0.148504 -0.239099
vn 0.959572 -0.148504 -0.239099
vn 0.959572 -0.148504 -0.239099
vn 0.859231 -0.159082 -0.486226
vn 0.859231 -0.159082 -0.486226
vn 0.859231 -0.159082 -0.486226
vn 0.852404 -0.154809 -0.499441
vn 0.852404 -0.154809 -0.499441
vn 0.852404 -0.154809 -0.499441
vn 0.620073 -0.686499 -0.379775
vn 0.620073 -0.686499 -0.379775
vn 0.620073 -0.686499 -0.379775
vn 0.47483 -0.772912 -0.420885
vn 0.47483 -0.772912 -0.420885
vn 0.47483 -0.772912 -0.420885
vn 0.309148 -0.87318 -0.376807
vn 0.309148 -0.87318 -0.376807
vn 0.309148 -0.87318 -0.376807
vn 0.162154 -0.951744 -0.260558
vn 0.162154 -0.951744 -0.260558
vn 0.162154 -0.951744 -0.260558
vn 0.054338 -0.994125 -0.093606
vn 0.054338 -0.994125 -0.093606
vn 0.054338 -0.994125 -0.093606
vn 0.006843 -0.99504 0.099242
vn 0.006843 -0.99504 0.099242
vn 0.006843 -0.99504 0.099242
vn 0.037827 -0.962859 0.267341
vn 0.037827 -0.962859 0.267341
vn 0.037827 -0.962859 0.267341
vn 0.134016 -0.918474 0.372082
vn 0.134016 -0.918474 0.372082
vn 0.134016 -0.918474 0.372082
vn 0.272265 -0.871785 0.407263
vn 0.272265 -0.871785 0.407263
vn 0.272265 -0.871785 0.407263
vn 0.444594 -0.817004 0.367207
vn 0.444594 -0.817004 0.367207
vn 0.444594 -0.817004 0.367207
vn 0.619154 -0.748518 0.23742
vn 0.619154 -0.748518 0.23742
vn 0.619154 -0.748518 0.23742
vn 0.730153 -0.681465 0.049832
vn 0.730153 -0.681465 0.049832
vn 0.730153 -0.681465 0.049832
vn 0.75522 -0.642552 -0.1295
vn 0.75522 -0.642552 -0.1295
vn 0.75522 -0.642552 -0.1295
vn 0.715575 -0.64244 -0.274271
vn 0.715575 -0.64244 -0.274271
vn 0.715575 -0.64244 -0.274271
f 757//757 759//759 758//758
f 760//760 762//762 761//761
f 763//763 765//765 764//764
f 766//766 768//768 767//767
f 769//769 771//771 770//770
f 772//772 774//774 773//773
f 775//775 777//777 776//776
f 778//778 780//780 779//779
f 781//781 783//783 782//782
f 784//784 786//786 785//785
f 787//787 789//789 788//788
f 790//790 792//792 791//791
f 793//793 795//795 794//794
f 796//796 798//798 797//797
f 799//799 801//801 800//800
f 802//802 804//804 803//803
f 805//805 807//807 806//806
f 808//808 810//810 809//809
f 811//811 813//813 812//812
f 814//814 816//816 815//815
f 817//817 819//819 818//818
f 820//820 822//822 821//821
f 823//823 825//825 824//824
f 826//826 828//828 827//827
f 829//829 831//831 830//830
f 832//832 834//834 833//833
f 835//835 837//837 836//836
f 838//838 840//840 839//839
f 841//841 843//843 842//842
f 844//844 846//846 845//845
f 847//847 849//849 848//848
f 850//850 852//852 851//851
f 853//853 855//855 854//854
f 856//856 858//858 857//857
f 859//859 861//861 860//860
f 862//862 864//864 863//863
f 865//865 867//867 866//866
f 868//868 870//870 869//869
f 871//871 873//873 872//872
f 874//874 876//876 875//875
f 877//877 879//879 878//878
f 880//880 882//882 881//881
f 883//883 885//885 884//884
f 886//886 888//888 887//887
f 889//889 891//891 890//890
f 892//892 894//894 893//893
f 895//895 897//897 896//896
f 898//898 900//900 899//899
f 901//901 903//903 902//902
f 904//904 906//906 905//905
f 907//907 909//909 908//908
f 910//910 912//912 911//911
f 913//913 915//915 914//914
f 916//916 918//918 917//917
f 919//919 921//921 920//920
f 922//922 924//924 923//923
f 925//925 927//927 926//926
f 928//928 930//930 929//929
f 931//931 933//933 932//932
f 934//934 936//936 935//935
f 937//937 939//939 938//938
f 940//940 942//942 941//941
f 943//943 945//945 944//944
f 946//946 948//948 947//947
f 949//949 951//951 950//950
f 952//952 954//954 953//953
f 955//955 957//957 956//956
f 958//958 960//960 959//959
f 961//961 963//963 962//962
f 964//964 966//966 965//965
f 967//967 969//969 968//968
f 970//970 972//972 971//971
f 973//973 975//975 974//974
f 976//976 978//978 977//977
f 979//979 981//981 980//980
f 982//982 984//984 983//983
f 985//985 987//987 986//986
f 988//988 990//990 989//989
f 991//991 993//993 992//992
f 994//994 996//996 995//995
f 997//997 999//999 998//998
f 1000//1000 1002//1002 1001//1001
f 1003//1003 1005//1005 1004//1004
f 1006//1006 1008//1008 1007//1007
f 1009//1009 1011//1011 1010//1010
f 1012//1012 1014//1014 1013//1013
f 1015//1015 1017//1017 1016//1016
f 1018//1018 1020//1020 1019//1019
f 1021//1021 1023//1023 1022//1022
f 1024//1024 1026//1026 1025//1025
f 1027//1027 1029//1029 1028//1028
f 1030//1030 1032//1032 1031//1031
f 1033//1033 1035//1035 1034//1034
f 1036//1036 1038//1038 1037//1037
f 1039//1039 1041//1041 1040//1040
f 1042//1042 1044//1044 1043//1043
f 1045//1045 1047//1047 1046//1046
f 1048//1048 1050//1050 1049//1049
f 1051//1051 1053//1053 1052//1052
f 1054//1054 1056//1056 1055//1055
f 1057//1057 1059//1059 1058//1058
f 1060//1060 1062//1062 1061//1061
f 1063//1063 1065//1065 1064//1064
f 1066//1066 1068//1068 1067//1067
f 1069//1069 1071//1071 1070//1070
f 1072//1072 1074//1074 1073//1073
f 1075//1075 1077//1077 1076//1076
f 1078//1078 1080//1080 1079//1079
f 1081//1081 1083//1083 1082//1082
f 1084//1084 1086//1086 1085//1085
f 1087//1087 1089//1089 1088//1088
f 1090//1090 1092//1092 1091//1091
f 1093//1093 1095//1095 1094//1094
f 1096//1096 1098//1098 1097//1097
f 1099//1099 1101//1101 1100//1100
f 1102//1102 1104//1104 1103//1103
f 1105//1105 1107//1107 1106//1106
f 1108//1108 1110//1110 1109//1109
f 1111//1111 1113//1113 1112//1112
f 1114//1114 1116//1116 1115//1115
f 1117//1117 1119//1119 1118//1118
f 1120//1120 1122//1122 1121//1121
f 1123//1123 1125//1125 1124//1124
f 1126//1126 1128//1128 1127//1127
f 1129//1129 1131//1131 1130//1130
f 1132//1132 1134//1134 1133//1133
f 1135//1135 1137//1137 1136//1136
f 1138//1138 1140//1140 1139//1139
f 1141//1141 1143//1143 1142//1142
f 1144//1144 1146//1146 1145//1145
f 1147//1147 1149//1149 1148//1148
f 1150//1150 1152//1152 1151//1151
f 1153//1153 1155//1155 1154//1154
f 1156//1156 1158//1158 1157//1157
f 1159//1159 1161//1161 1160//1160
f 1162//1162 1164//1164 1163//1163
f 1165//1165 1167//1167 1166//1166
f 1168//1168 1170//1170 1169//1169
f 1171//1171 1173//1173 1172//1172
f 1174//1174 1176//1176 1175//1175
f 1177//1177 1179//1179 1178//1178
f 1180//1180 1182//1182 1181//1181
f 1183//1183 1185//1185 1184//1184
f 1186//1186 1188//1188 1187//1187
f 1189//1189 1191//1191 1190//1190
f 1192//1192 1194//1194 1193//1193
f 1195//1195 1197//1197 1196//1196
f 1198//1198 1200//1200 1199//1199
f 1201//1201 1203//1203 1202//1202
f 1204//1204 1206//1206 1205//1205
f 1207//1207 1209//1209 1208//1208
f 1210//1210 1212//1212 1211//1211
f 1213//1213 1215//1215 1214//1214
f 1216//1216 1218//1218 1217//1217
f 1219//1219 1221//1221 1220//1220
f 1222//1222 1224//1224 1223//1223
f 1225//1225 1227//1227 1226//1226
f 1228//1228 1230//1230 1229//1229
f 1231//1231 1233//1233 1232//1232
f 1234//1234 1236//1236 1235//1235
f 1237//1237 1239//1239 1238//1238
f 1240//1240 1242//1242 1241//1241
f 1243//1243 1245//1245 1244//1244
f 1246//1246 1248//1248 1247//1247
f 1249//1249 1251//1251 1250//1250
f 1252//1252 1254//1254 1253//1253
f 1255//1255 1257//1257 1256//1256
f 1258//1258 1260//1260 1259//1259
f 1261//1261 1263//1263 1262//1262
f 1264//1264 1266//1266 1265//1265
f 1267//1267 1269//1269 1268//1268
f 1270//1270 1272//1272 1271//1271
f 1273//1273 1275//1275 1274//1274
f 1276//1276 1278//1278 1277//1277
f 1279//1279 1281//1281 1280//1280
f 1282//1282 1284//1284 1283//1283
f 1285//1285 1287//1287 1286//1286
f 1288//1288 1290//1290 1289//1289
f 1291//1291 1293//1293 1292//1292
f 1294//1294 1296//1296 1295//1295
f 1297//1297 1299//1299 1298//1298
f 1300//1300 1302//1302 1301//1301
f 1303//1303 1305//1305 1304//1304
f 1306//1306 1308//1308 1307//1307
f 1309//1309 1311//1311 1310//1310
f 1312//1312 1314//1314 1313//1313
f 1315//1315 1317//1317 1316//1316
f 1318//1318 1320//1320 1319//1319
f 1321//1321 1323//1323 1322//1322
f 1324//1324 1326//1326 1325//1325
f 1327//1327 1329//1329 1328//1328
f 1330//1330 1332//1332 1331//1331
f 1333//1333 1335//1335 1334//1334
f 1336//1336 1338//1338 1337//1337
f 1339//1339 1341//1341 1340//1340
f 1342//1342 1344//1344 1343//1343
f 1345//1345 1347//1347 1346//1346
f 1348//1348 1350//1350 1349//1349
f 1351//1351 1353//1353 1352//1352
f 1354//1354 1356//1356 1355//1355
f 1357//1357 1359//1359 1358//1358
f 1360//1360 1362//1362 1361//1361
f 1363//1363 1365//1365 1364//1364
f 1366//1366 1368//1368 1367//1367
f 1369//1369 1371//1371 1370//1370
f 1372//1372 1374//1374 1373//1373
f 1375//1375 1377//1377 1376//1376
f 1378//1378 1380//1380 1379//1379
f 1381//1381 1383//1383 1382//1382
f 1384//1384 1386//1386 1385//1385
f 1387//1387 1389//1389 1388//1388
f 1390//1390 1392//1392 1391//1391
f 1393//1393 1395//1395 1394//1394
f 1396//1396 1398//1398 1397//1397
f 1399//1399 1401//1401 1400//1400
f 1402//1402 1404//1404 1403//1403
f 1405//1405 1407//1407 1406//1406
f 1408//1408 1410//1410 1409//1409
f 1411//1411 1413//1413 1412//1412
f 1414//1414 1416//1416 1415//1415
f 1417//1417 1419//1419 1418//1418
f 1420//1420 1422//1422 1421//1421
f 1423//1423 1425//1425 1424//1424
f 1426//1426 1428//1428 1427//1427
f 1429//1429 1431//1431 1430//1430
f 1432//1432 1434//1434 1433//1433
f 1435//1435 1437//1437 1436//1436
f 1438//1438 1440//1440 1439//1439
f 1441//1441 1443//1443 1442//1442
f 1444//1444 1446//1446 1445//1445
f 1447//1447 1449//1449 1448//1448
f 1450//1450 1452//1452 1451//1451
f 1453//1453 1455//1455 1454//1454
f 1456//1456 1458//1458 1457//1457
f 1459//1459 1461//1461 1460//1460
f 1462//1462 1464//1464 1463//1463
f 1465//1465 1467//1467 1466//1466
f 1468//1468 1470//1470 1469//1469
f 1471//1471 1473//1473 1472//1472
f 1474//1474 1476//1476 1475//1475
f 1477//1477 1479//1479 1478//1478
f 1480//1480 1482//1482 1481//1481
f 1483//1483 1485//1485 1484//1484
f 1486//1486 1488//1488 1487//1487
f 1489//1489 1491//1491 1490//1490
f 1492//1492 1494//1494 1493//1493
f 1495//1495 1497//1497 1496//1496
f 1498//1498 1500//1500 1499//1499
f 1501//1501 1503//1503 1502//1502
f 1504//1504 1506//1506 1505//1505
f 1507//1507 1509//1509 1508//1508
f 1510//1510 1512//1512 1511//1511
o Wax_leaf
usemtl Mint
v -0.306138 0.969129 -0.357837
v -0.262437 0.954323 -0.298772
v -0.29711 0.938156 -0.296267
v -0.306138 0.969129 -0.357837
v -0.234052 0.967575 -0.313889
v -0.262437 0.954323 -0.298772
v -0.306138 0.969129 -0.357837
v -0.218097 0.975045 -0.337644
v -0.234052 0.967575 -0.313889
v -0.306138 0.969129 -0.357837
v -0.216149 0.975989 -0.36483
v -0.218097 0.975045 -0.337644
v -0.306138 0.969129 -0.357837
v -0.228522 0.970256 -0.391074
v -0.216149 0.975989 -0.36483
v -0.306138 0.969129 -0.357837
v -0.254399 0.958219 -0.410957
v -0.228522 0.970256 -0.391074
v -0.306138 0.969129 -0.357837
v -0.288282 0.942435 -0.419483
v -0.254399 0.958219 -0.410957
v -0.306138 0.969129 -0.357837
v -0.322324 0.926561 -0.415745
v -0.288282 0.942435 -0.419483
v -0.306138 0.969129 -0.357837
v -0.350792 0.91327 -0.401451
v -0.322324 0.926561 -0.415745
v -0.306138 0.969129 -0.357837
v -0.368568 0.904953 -0.378451
v -0.350792 0.91327 -0.401451
v -0.306138 0.969129 -0.357837
v -0.370549 0.903993 -0.350801
v -0.368568 0.904953 -0.378451
v -0.306138 0.969129 -0.357837
v -0.356271 0.910615 -0.324987
v -0.370549 0.903993 -0.350801
v -0.306138 0.969129 -0.357837
v -0.330194 0.922746 -0.305901
v -0.356271 0.910615 -0.324987
v -0.306138 0.969129 -0.357837
v -0.29711 0.938156 -0.296267
v -0.330194 0.922746 -0.305901
v -0.29711 0.938156 -0.296267
v -0.262437 0.954323 -0.298772
v -0.195589 0.883549 -0.244507
v -0.29711 0.938156 -0.296267
v -0.195589 0.883549 -0.244507
v -0.262083 0.852546 -0.2408
v -0.262437 0.954323 -0.298772
v -0.234052 0.967575 -0.313889
v -0.14167 0.908724 -0.273967
v -0.262437 0.954323 -0.298772
v -0.14167 0.908724 -0.273967
v -0.195589 0.883549 -0.244507
v -0.234052 0.967575 -0.313889
v -0.218097 0.975045 -0.337644
v -0.112881 0.922205 -0.3198
v -0.234052 0.967575 -0.313889
v -0.112881 0.922205 -0.3198
v -0.14167 0.908724 -0.273967
v -0.218097 0.975045 -0.337644
v -0.216149 0.975989 -0.36483
v -0.109205 0.923987 -0.371114
v -0.218097 0.975045 -0.337644
v -0.109205 0.923987 -0.371114
v -0.112881 0.922205 -0.3198
v -0.216149 0.975989 -0.36483
v -0.228522 0.970256 -0.391074
v -0.131106 0.913844 -0.4214
v -0.216149 0.975989 -0.36483
v -0.131106 0.913844 -0.4214
v -0.109205 0.923987 -0.371114
v -0.228522 0.970256 -0.391074
v -0.254399 0.958219 -0.410957
v -0.180156 0.891029 -0.459904
v -0.228522 0.970256 -0.391074
v -0.180156 0.891029 -0.459904
v -0.131106 0.913844 -0.4214
v -0.254399 0.958219 -0.410957
v -0.288282 0.942435 -0.419483
v -0.24529 0.860686 -0.475172
v -0.254399 0.958219 -0.410957
v -0.24529 0.860686 -0.475172
v -0.180156 0.891029 -0.459904
v -0.288282 0.942435 -0.419483
v -0.322324 0.926561 -0.415745
v -0.3095 0.830742 -0.467003
v -0.288282 0.942435 -0.419483
v -0.3095 0.830742 -0.467003
v -0.24529 0.860686 -0.475172
v -0.322324 0.926561 -0.415745
v -0.350792 0.91327 -0.401451
v -0.363722 0.80543 -0.440519
v -0.322324 0.926561 -0.415745
v -0.363722 0.80543 -0.440519
v -0.3095 0.830742 -0.467003
v -0.350792 0.91327 -0.401451
v -0.368568 0.904953 -0.378451
v -0.399095 0.788882 -0.397421
v -0.350792 0.91327 -0.401451
v -0.399095 0.788882 -0.397421
v -0.363722 0.80543 -0.440519
v -0.368568 0.904953 -0.378451
v -0.370549 0.903993 -0.350801
v -0.402892 0.787042 -0.344429
v -0.368568 0.904953 -0.378451
v -0.402892 0.787042 -0.344429
v -0.399095 0.788882 -0.397421
v -0.370549 0.903993 -0.350801
v -0.356271 0.910615 -0.324987
v -0.374098 0.8004 -0.295695
v -0.370549 0.903993 -0.350801
v -0.374098 0.8004 -0.295695
v -0.402892 0.787042 -0.344429
v -0.356271 0.910615 -0.324987
v -0.330194 0.922746 -0.305901
v -0.324326 0.823555 -0.260076
v -0.356271 0.910615 -0.324987
v -0.324326 0.823555 -0.260076
v -0.374098 0.8004 -0.295695
v -0.330194 0.922746 -0.305901
v -0.29711 0.938156 -0.296267
v -0.262083 0.852546 -0.2408
v -0.330194 0.922746 -0.305901
v -0.262083 0.852546 -0.2408
v -0.324326 0.823555 -0.260076
v -0.262083 0.852546 -0.2408
v -0.195589 0.883549 -0.244507
v -0.112372 0.763626 -0.200812
v -0.262083 0.852546 -0.2408
v -0.112372 0.763626 -0.200812
v -0.204485 0.72068 -0.196866
v -0.195589 0.883549 -0.244507
v -0.14167 0.908724 -0.273967
v -0.038236 0.798241 -0.242131
v -0.195589 0.883549 -0.244507
v -0.038236 0.798241 -0.242131
v -0.112372 0.763626 -0.200812
v -0.14167 0.908724 -0.273967
v -0.112881 0.922205 -0.3198
v -0.000319 0.816002 -0.305924
v -0.14167 0.908724 -0.273967
v -0.000319 0.816002 -0.305924
v -0.038236 0.798241 -0.242131
v -0.112881 0.922205 -0.3198
v -0.109205 0.923987 -0.371114
v 0.004711 0.81844 -0.376117
v -0.112881 0.922205 -0.3198
v 0.004711 0.81844 -0.376117
v -0.000319 0.816002 -0.305924
v -0.109205 0.923987 -0.371114
v -0.131106 0.913844 -0.4214
v -0.023648 0.805312 -0.445731
v -0.109205 0.923987 -0.371114
v -0.023648 0.805312 -0.445731
v 0.004711 0.81844 -0.376117
v -0.131106 0.913844 -0.4214
v -0.180156 0.891029 -0.459904
v -0.090973 0.773998 -0.499475
v -0.131106 0.913844 -0.4214
v -0.090973 0.773998 -0.499475
v -0.023648 0.805312 -0.445731
v -0.180156 0.891029 -0.459904
v -0.24529 0.860686 -0.475172
v -0.181371 0.731883 -0.519452
v -0.180156 0.891029 -0.459904
v -0.181371 0.731883 -0.519452
v -0.090973 0.773998 -0.499475
v -0.24529 0.860686 -0.475172
v -0.3095 0.830742 -0.467003
v -0.269156 0.690944 -0.507052
v -0.24529 0.860686 -0.475172
v -0.269156 0.690944 -0.507052
v -0.181371 0.731883 -0.519452
v -0.3095 0.830742 -0.467003
v -0.363722 0.80543 -0.440519
v -0.343865 0.656069 -0.471371
v -0.3095 0.830742 -0.467003
v -0.343865 0.656069 -0.471371
v -0.269156 0.690944 -0.507052
v -0.363722 0.80543 -0.440519
v -0.399095 0.788882 -0.397421
v -0.394258 0.632499 -0.41276
v -0.363722 0.80543 -0.440519
v -0.394258 0.632499 -0.41276
v -0.343865 0.656069 -0.471371
v -0.399095 0.788882 -0.397421
v -0.402892 0.787042 -0.344429
v -0.399516 0.629951 -0.339389
v -0.399095 0.788882 -0.397421
v -0.399516 0.629951 -0.339389
v -0.394258 0.632499 -0.41276
v -0.402892 0.787042 -0.344429
v -0.374098 0.8004 -0.295695
v -0.358099 0.649169 -0.272713
v -0.402892 0.787042 -0.344429
v -0.358099 0.649169 -0.272713
v -0.399516 0.629951 -0.339389
v -0.374098 0.8004 -0.295695
v -0.324326 0.823555 -0.260076
v -0.289406 0.681128 -0.224436
v -0.374098 0.8004 -0.295695
v -0.289406 0.681128 -0.224436
v -0.358099 0.649169 -0.272713
v -0.324326 0.823555 -0.260076
v -0.262083 0.852546 -0.2408
v -0.204485 0.72068 -0.196866
v -0.324326 0.823555 -0.260076
v -0.204485 0.72068 -0.196866
v -0.289406 0.681128 -0.224436
v -0.204485 0.72068 -0.196866
v -0.112372 0.763626 -0.200812
v -0.021221 0.606159 -0.172532
v -0.204485 0.72068 -0.196866
v -0.021221 0.606159 -0.172532
v -0.129953 0.555466 -0.168766
v -0.112372 0.763626 -0.200812
v -0.038236 0.798241 -0.242131
v 0.065871 0.646825 -0.221687
v -0.112372 0.763626 -0.200812
v 0.065871 0.646825 -0.221687
v -0.021221 0.606159 -0.172532
v -0.038236 0.798241 -0.242131
v -0.000319 0.816002 -0.305924
v 0.109158 0.667105 -0.297215
v -0.038236 0.798241 -0.242131
v 0.109158 0.667105 -0.297215
v 0.065871 0.646825 -0.221687
v -0.000319 0.816002 -0.305924
v 0.004711 0.81844 -0.376117
v 0.115047 0.669959 -0.379404
v -0.000319 0.816002 -0.305924
v 0.115047 0.669959 -0.379404
v 0.109158 0.667105 -0.297215
v 0.004711 0.81844 -0.376117
v -0.023648 0.805312 -0.445731
v 0.083057 0.655155 -0.461544
v 0.004711 0.81844 -0.376117
v 0.083057 0.655155 -0.461544
v 0.115047 0.669959 -0.379404
v -0.023648 0.805312 -0.445731
v -0.090973 0.773998 -0.499475
v 0.004053 0.61841 -0.525288
v -0.023648 0.805312 -0.445731
v 0.004053 0.61841 -0.525288
v 0.083057 0.655155 -0.461544
v -0.090973 0.773998 -0.499475
v -0.181371 0.731883 -0.519452
v -0.102782 0.568636 -0.547989
v -0.090973 0.773998 -0.499475
v -0.102782 0.568636 -0.547989
v 0.004053 0.61841 -0.525288
v -0.181371 0.731883 -0.519452
v -0.269156 0.690944 -0.507052
v -0.205533 0.520716 -0.532539
v -0.181371 0.731883 -0.519452
v -0.205533 0.520716 -0.532539
v -0.102782 0.568636 -0.547989
v -0.269156 0.690944 -0.507052
v -0.343865 0.656069 -0.471371
v -0.293417 0.479691 -0.491175
v -0.269156 0.690944 -0.507052
v -0.293417 0.479691 -0.491175
v -0.205533 0.520716 -0.532539
v -0.343865 0.656069 -0.471371
v -0.394258 0.632499 -0.41276
v -0.353946 0.451383 -0.422808
v -0.343865 0.656069 -0.471371
v -0.353946 0.451383 -0.422808
v -0.293417 0.479691 -0.491175
v -0.394258 0.632499 -0.41276
v -0.399516 0.629951 -0.339389
v -0.360149 0.448376 -0.336227
v -0.394258 0.632499 -0.41276
v -0.360149 0.448376 -0.336227
v -0.353946 0.451383 -0.422808
v -0.399516 0.629951 -0.339389
v -0.358099 0.649169 -0.272713
v -0.310114 0.471598 -0.258149
v -0.399516 0.629951 -0.339389
v -0.310114 0.471598 -0.258149
v -0.360149 0.448376 -0.336227
v -0.358099 0.649169 -0.272713
v -0.289406 0.681128 -0.224436
v -0.229219 0.509235 -0.20196
v -0.358099 0.649169 -0.272713
v -0.229219 0.509235 -0.20196
v -0.310114 0.471598 -0.258149
v -0.289406 0.681128 -0.224436
v -0.204485 0.72068 -0.196866
v -0.129953 0.555466 -0.168766
v -0.289406 0.681128 -0.224436
v -0.129953 0.555466 -0.168766
v -0.229219 0.509235 -0.20196
v -0.129953 0.555466 -0.168766
v -0.021221 0.606159 -0.172532
v 0.068705 0.426453 -0.162894
v -0.129953 0.555466 -0.168766
v 0.068705 0.426453 -0.162894
v -0.045785 0.373076 -0.15925
v -0.021221 0.606159 -0.172532
v 0.065871 0.646825 -0.221687
v 0.160258 0.469202 -0.21479
v -0.021221 0.606159 -0.172532
v 0.160258 0.469202 -0.21479
v 0.068705 0.426453 -0.162894
v 0.065871 0.646825 -0.221687
v 0.109158 0.667105 -0.297215
v 0.205306 0.490308 -0.294398
v 0.065871 0.646825 -0.221687
v 0.205306 0.490308 -0.294398
v 0.160258 0.469202 -0.21479
v 0.109158 0.667105 -0.297215
v 0.115047 0.669959 -0.379404
v 0.211489 0.493305 -0.380697
v 0.109158 0.667105 -0.297215
v 0.211489 0.493305 -0.380697
v 0.205306 0.490308 -0.294398
v 0.115047 0.669959 -0.379404
v 0.083057 0.655155 -0.461544
v 0.178341 0.477967 -0.467174
v 0.115047 0.669959 -0.379404
v 0.178341 0.477967 -0.467174
v 0.211489 0.493305 -0.380697
v 0.083057 0.655155 -0.461544
v 0.004053 0.61841 -0.525288
v 0.095323 0.439355 -0.534403
v 0.083057 0.655155 -0.461544
v 0.095323 0.439355 -0.534403
v 0.178341 0.477967 -0.467174
v 0.004053 0.61841 -0.525288
v -0.102782 0.568636 -0.547989
v -0.017215 0.386924 -0.557988
v 0.004053 0.61841 -0.525288
v -0.017215 0.386924 -0.557988
v 0.095323 0.439355 -0.534403
v -0.102782 0.568636 -0.547989
v -0.205533 0.520716 -0.532539
v -0.125092 0.336613 -0.541428
v -0.102782 0.568636 -0.547989
v -0.125092 0.336613 -0.541428
v -0.017215 0.386924 -0.557988
v -0.205533 0.520716 -0.532539
v -0.293417 0.479691 -0.491175
v -0.21752 0.293467 -0.498146
v -0.205533 0.520716 -0.532539
v -0.21752 0.293467 -0.498146
v -0.125092 0.336613 -0.541428
v -0.293417 0.479691 -0.491175
v -0.353946 0.451383 -0.422808
v -0.28163 0.263485 -0.426454
v -0.293417 0.479691 -0.491175
v -0.28163 0.263485 -0.426454
v -0.21752 0.293467 -0.498146
v -0.353946 0.451383 -0.422808
v -0.360149 0.448376 -0.336227
v -0.288162 0.260319 -0.335299
v -0.353946 0.451383 -0.422808
v -0.288162 0.260319 -0.335299
v -0.28163 0.263485 -0.426454
v -0.360149 0.448376 -0.336227
v -0.310114 0.471598 -0.258149
v -0.235063 0.284964 -0.253312
v -0.360149 0.448376 -0.336227
v -0.235063 0.284964 -0.253312
v -0.288162 0.260319 -0.335299
v -0.310114 0.471598 -0.258149
v -0.229219 0.509235 -0.20196
v -0.149953 0.324562 -0.194436
v -0.310114 0.471598 -0.258149
v -0.149953 0.324562 -0.194436
v -0.235063 0.284964 -0.253312
v -0.229219 0.509235 -0.20196
v -0.129953 0.555466 -0.168766
v -0.045785 0.373076 -0.15925
v -0.229219 0.509235 -0.20196
v -0.045785 0.373076 -0.15925
v -0.149953 0.324562 -0.194436
v -0.045785 0.373076 -0.15925
v 0.068705 0.426453 -0.162894
v 0.148514 0.242057 -0.173016
v -0.045785 0.373076 -0.15925
v 0.148514 0.242057 -0.173016
v 0.039782 0.191364 -0.16925
v 0.068705 0.426453 -0.162894
v 0.160258 0.469202 -0.21479
v 0.235607 0.282723 -0.222171
v 0.068705 0.426453 -0.162894
v 0.235607 0.282723 -0.222171
v 0.148514 0.242057 -0.173016
v 0.160258 0.469202 -0.21479
v 0.205306 0.490308 -0.294398
v 0.278894 0.303003 -0.297699
v 0.160258 0.469202 -0.21479
v 0.278894 0.303003 -0.297699
v 0.235607 0.282723 -0.222171
v 0.205306 0.490308 -0.294398
v 0.211489 0.493305 -0.380697
v 0.284783 0.305857 -0.379888
v 0.205306 0.490308 -0.294398
v 0.284783 0.305857 -0.379888
v 0.278894 0.303003 -0.297699
v 0.211489 0.493305 -0.380697
v 0.178341 0.477967 -0.467174
v 0.252792 0.291053 -0.462027
v 0.211489 0.493305 -0.380697
v 0.252792 0.291053 -0.462027
v 0.284783 0.305857 -0.379888
v 0.178341 0.477967 -0.467174
v 0.095323 0.439355 -0.534403
v 0.173789 0.254308 -0.525772
v 0.178341 0.477967 -0.467174
v 0.173789 0.254308 -0.525772
v 0.252792 0.291053 -0.462027
v 0.095323 0.439355 -0.534403
v -0.017215 0.386924 -0.557988
v 0.066954 0.204534 -0.548472
v 0.095323 0.439355 -0.534403
v 0.066954 0.204534 -0.548472
v 0.173789 0.254308 -0.525772
v -0.017215 0.386924 -0.557988
v -0.125092 0.336613 -0.541428
v -0.035797 0.156614 -0.533023
v -0.017215 0.386924 -0.557988
v -0.035797 0.156614 -0.533023
v 0.066954 0.204534 -0.548472
v -0.125092 0.336613 -0.541428
v -0.21752 0.293467 -0.498146
v -0.123682 0.115589 -0.491659
v -0.125092 0.336613 -0.541428
v -0.123682 0.115589 -0.491659
v -0.035797 0.156614 -0.533023
v -0.21752 0.293467 -0.498146
v -0.28163 0.263485 -0.426454
v -0.18421 0.087281 -0.423292
v -0.21752 0.293467 -0.498146
v -0.18421 0.087281 -0.423292
v -0.123682 0.115589 -0.491659
v -0.28163 0.263485 -0.426454
v -0.288162 0.260319 -0.335299
v -0.190414 0.084274 -0.336711
v -0.28163 0.263485 -0.426454
v -0.190414 0.084274 -0.336711
v -0.18421 0.087281 -0.423292
v -0.288162 0.260319 -0.335299
v -0.235063 0.284964 -0.253312
v -0.140378 0.107496 -0.258632
v -0.288162 0.260319 -0.335299
v -0.140378 0.107496 -0.258632
v -0.190414 0.084274 -0.336711
v -0.235063 0.284964 -0.253312
v -0.149953 0.324562 -0.194436
v -0.059483 0.145133 -0.202443
v -0.235063 0.284964 -0.253312
v -0.059483 0.145133 -0.202443
v -0.140378 0.107496 -0.258632
v -0.149953 0.324562 -0.194436
v -0.045785 0.373076 -0.15925
v 0.039782 0.191364 -0.16925
v -0.149953 0.324562 -0.194436
v 0.039782 0.191364 -0.16925
v -0.059483 0.145133 -0.202443
v 0.039782 0.191364 -0.16925
v 0.148514 0.242057 -0.173016
v 0.210485 0.071063 -0.201732
v 0.039782 0.191364 -0.16925
v 0.210485 0.071063 -0.201732
v 0.118372 0.028117 -0.197786
v 0.148514 0.242057 -0.173016
v 0.235607 0.282723 -0.222171
v 0.28462 0.105678 -0.243051
v 0.148514 0.242057 -0.173016
v 0.28462 0.105678 -0.243051
v 0.210485 0.071063 -0.201732
v 0.235607 0.282723 -0.222171
v 0.278894 0.303003 -0.297699
v 0.322538 0.123439 -0.306844
v 0.235607 0.282723 -0.222171
v 0.322538 0.123439 -0.306844
v 0.28462 0.105678 -0.243051
v 0.278894 0.303003 -0.297699
v 0.284783 0.305857 -0.379888
v 0.327567 0.125877 -0.377037
v 0.278894 0.303003 -0.297699
v 0.327567 0.125877 -0.377037
v 0.322538 0.123439 -0.306844
v 0.284783 0.305857 -0.379888
v 0.252792 0.291053 -0.462027
v 0.299208 0.112749 -0.446651
v 0.284783 0.305857 -0.379888
v 0.299208 0.112749 -0.446651
v 0.327567 0.125877 -0.377037
v 0.252792 0.291053 -0.462027
v 0.173789 0.254308 -0.525772
v 0.231884 0.081435 -0.500395
v 0.252792 0.291053 -0.462027
v 0.231884 0.081435 -0.500395
v 0.299208 0.112749 -0.446651
v 0.173789 0.254308 -0.525772
v 0.066954 0.204534 -0.548472
v 0.141485 0.03932 -0.520372
v 0.173789 0.254308 -0.525772
v 0.141485 0.03932 -0.520372
v 0.231884 0.081435 -0.500395
v 0.066954 0.204534 -0.548472
v -0.035797 0.156614 -0.533023
v 0.0537 -0.001619 -0.507972
v 0.066954 0.204534 -0.548472
v 0.0537 -0.001619 -0.507972
v 0.141485 0.03932 -0.520372
v -0.035797 0.156614 -0.533023
v -0.123682 0.115589 -0.491659
v -0.021009 -0.036494 -0.472291
v -0.035797 0.156614 -0.533023
v -0.021009 -0.036494 -0.472291
v 0.0537 -0.001619 -0.507972
v -0.123682 0.115589 -0.491659
v -0.18421 0.087281 -0.423292
v -0.071402 -0.060064 -0.41368
v -0.123682 0.115589 -0.491659
v -0.071402 -0.060064 -0.41368
v -0.021009 -0.036494 -0.472291
v -0.18421 0.087281 -0.423292
v -0.190414 0.084274 -0.336711
v -0.076659 -0.062613 -0.340309
v -0.18421 0.087281 -0.423292
v -0.076659 -0.062613 -0.340309
v -0.071402 -0.060064 -0.41368
v -0.190414 0.084274 -0.336711
v -0.140378 0.107496 -0.258632
v -0.035243 -0.043394 -0.273633
v -0.190414 0.084274 -0.336711
v -0.035243 -0.043394 -0.273633
v -0.076659 -0.062613 -0.340309
v -0.140378 0.107496 -0.258632
v -0.059483 0.145133 -0.202443
v 0.033451 -0.011435 -0.225356
v -0.140378 0.107496 -0.258632
v 0.033451 -0.011435 -0.225356
v -0.035243 -0.043394 -0.273633
v -0.059483 0.145133 -0.202443
v 0.039782 0.191364 -0.16925
v 0.118372 0.028117 -0.197786
v -0.059483 0.145133 -0.202443
v 0.118372 0.028117 -0.197786
v 0.033451 -0.011435 -0.225356
v 0.118372 0.028117 -0.197786
v 0.210485 0.071063 -0.201732
v 0.248785 -0.069683 -0.245773
v 0.118372 0.028117 -0.197786
v 0.248785 -0.069683 -0.245773
v 0.182291 -0.100686 -0.242066
v 0.210485 0.071063 -0.201732
v 0.28462 0.105678 -0.243051
v 0.302704 -0.044508 -0.275233
v 0.210485 0.071063 -0.201732
v 0.302704 -0.044508 -0.275233
v 0.248785 -0.069683 -0.245773
v 0.28462 0.105678 -0.243051
v 0.322538 0.123439 -0.306844
v 0.331492 -0.031026 -0.321066
v 0.28462 0.105678 -0.243051
v 0.331492 -0.031026 -0.321066
v 0.302704 -0.044508 -0.275233
v 0.322538 0.123439 -0.306844
v 0.327567 0.125877 -0.377037
v 0.335169 -0.029244 -0.37238
v 0.322538 0.123439 -0.306844
v 0.335169 -0.029244 -0.37238
v 0.331492 -0.031026 -0.321066
v 0.327567 0.125877 -0.377037
v 0.299208 0.112749 -0.446651
v 0.313268 -0.039387 -0.422666
v 0.327567 0.125877 -0.377037
v 0.313268 -0.039387 -0.422666
v 0.335169 -0.029244 -0.37238
v 0.299208 0.112749 -0.446651
v 0.231884 0.081435 -0.500395
v 0.264218 -0.062202 -0.46117
v 0.299208 0.112749 -0.446651
v 0.264218 -0.062202 -0.46117
v 0.313268 -0.039387 -0.422666
v 0.231884 0.081435 -0.500395
v 0.141485 0.03932 -0.520372
v 0.199083 -0.092546 -0.476439
v 0.231884 0.081435 -0.500395
v 0.199083 -0.092546 -0.476439
v 0.264218 -0.062202 -0.46117
v 0.141485 0.03932 -0.520372
v 0.0537 -0.001619 -0.507972
v 0.134874 -0.12249 -0.468269
v 0.141485 0.03932 -0.520372
v 0.134874 -0.12249 -0.468269
v 0.199083 -0.092546 -0.476439
v 0.0537 -0.001619 -0.507972
v -0.021009 -0.036494 -0.472291
v 0.080652 -0.147802 -0.441785
v 0.0537 -0.001619 -0.507972
v 0.080652 -0.147802 -0.441785
v 0.134874 -0.12249 -0.468269
v -0.021009 -0.036494 -0.472291
v -0.071402 -0.060064 -0.41368
v 0.045278 -0.164349 -0.398687
v -0.021009 -0.036494 -0.472291
v 0.045278 -0.164349 -0.398687
v 0.080652 -0.147802 -0.441785
v -0.071402 -0.060064 -0.41368
v -0.076659 -0.062613 -0.340309
v 0.041481 -0.16619 -0.345695
v -0.071402 -0.060064 -0.41368
v 0.041481 -0.16619 -0.345695
v 0.045278 -0.164349 -0.398687
v -0.076659 -0.062613 -0.340309
v -0.035243 -0.043394 -0.273633
v 0.070275 -0.152832 -0.296961
v -0.076659 -0.062613 -0.340309
v 0.070275 -0.152832 -0.296961
v 0.041481 -0.16619 -0.345695
v -0.035243 -0.043394 -0.273633
v 0.033451 -0.011435 -0.225356
v 0.120048 -0.129676 -0.261342
v -0.035243 -0.043394 -0.273633
v 0.120048 -0.129676 -0.261342
v 0.070275 -0.152832 -0.296961
v 0.033451 -0.011435 -0.225356
v 0.118372 0.028117 -0.197786
v 0.182291 -0.100686 -0.242066
v 0.033451 -0.011435 -0.225356
v 0.182291 -0.100686 -0.242066
v 0.120048 -0.129676 -0.261342
v 0.182291 -0.100686 -0.242066
v 0.248785 -0.069683 -0.245773
v 0.259955 -0.166268 -0.30026
v 0.182291 -0.100686 -0.242066
v 0.259955 -0.166268 -0.30026
v 0.225282 -0.182435 -0.297755
v 0.248785 -0.069683 -0.245773
v 0.302704 -0.044508 -0.275233
v 0.28834 -0.153015 -0.315377
v 0.248785 -0.069683 -0.245773
v 0.28834 -0.153015 -0.315377
v 0.259955 -0.166268 -0.30026
v 0.302704 -0.044508 -0.275233
v 0.331492 -0.031026 -0.321066
v 0.304296 -0.145546 -0.339132
v 0.302704 -0.044508 -0.275233
v 0.304296 -0.145546 -0.339132
v 0.28834 -0.153015 -0.315377
v 0.331492 -0.031026 -0.321066
v 0.335169 -0.029244 -0.37238
v 0.306244 -0.144602 -0.366319
v 0.331492 -0.031026 -0.321066
v 0.306244 -0.144602 -0.366319
v 0.304296 -0.145546 -0.339132
v 0.335169 -0.029244 -0.37238
v 0.313268 -0.039387 -0.422666
v 0.293871 -0.150335 -0.392562
v 0.335169 -0.029244 -0.37238
v 0.293871 -0.150335 -0.392562
v 0.306244 -0.144602 -0.366319
v 0.313268 -0.039387 -0.422666
v 0.264218 -0.062202 -0.46117
v 0.267993 -0.162372 -0.412445
v 0.313268 -0.039387 -0.422666
v 0.267993 -0.162372 -0.412445
v 0.293871 -0.150335 -0.392562
v 0.264218 -0.062202 -0.46117
v 0.199083 -0.092546 -0.476439
v 0.234111 -0.178156 -0.420972
v 0.264218 -0.062202 -0.46117
v 0.234111 -0.178156 -0.420972
v 0.267993 -0.162372 -0.412445
v 0.199083 -0.092546 -0.476439
v 0.134874 -0.12249 -0.468269
v 0.200069 -0.19403 -0.417233
v 0.199083 -0.092546 -0.476439
v 0.200069 -0.19403 -0.417233
v 0.234111 -0.178156 -0.420972
v 0.134874 -0.12249 -0.468269
v 0.080652 -0.147802 -0.441785
v 0.1716 -0.20732 -0.402939
v 0.134874 -0.12249 -0.468269
v 0.1716 -0.20732 -0.402939
v 0.200069 -0.19403 -0.417233
v 0.080652 -0.147802 -0.441785
v 0.045278 -0.164349 -0.398687
v 0.153824 -0.215638 -0.37994
v 0.080652 -0.147802 -0.441785
v 0.153824 -0.215638 -0.37994
v 0.1716 -0.20732 -0.402939
v 0.045278 -0.164349 -0.398687
v 0.041481 -0.16619 -0.345695
v 0.151843 -0.216598 -0.35229
v 0.045278 -0.164349 -0.398687
v 0.151843 -0.216598 -0.35229
v 0.153824 -0.215638 -0.37994
v 0.041481 -0.16619 -0.345695
v 0.070275 -0.152832 -0.296961
v 0.166122 -0.209976 -0.326475
v 0.041481 -0.16619 -0.345695
v 0.166122 -0.209976 -0.326475
v 0.151843 -0.216598 -0.35229
v 0.070275 -0.152832 -0.296961
v 0.120048 -0.129676 -0.261342
v 0.192199 -0.197845 -0.30739
v 0.070275 -0.152832 -0.296961
v 0.192199 -0.197845 -0.30739
v 0.166122 -0.209976 -0.326475
v 0.120048 -0.129676 -0.261342
v 0.182291 -0.100686 -0.242066
v 0.225282 -0.182435 -0.297755
v 0.120048 -0.129676 -0.261342
v 0.225282 -0.182435 -0.297755
v 0.192199 -0.197845 -0.30739
v 0.225282 -0.182435 -0.297755
v 0.259955 -0.166268 -0.30026
v 0.243138 -0.209129 -0.359402
v 0.259955 -0.166268 -0.30026
v 0.28834 -0.153015 -0.315377
v 0.243138 -0.209129 -0.359402
v 0.28834 -0.153015 -0.315377
v 0.304296 -0.145546 -0.339132
v 0.243138 -0.209129 -0.359402
v 0.304296 -0.145546 -0.339132
v 0.306244 -0.144602 -0.366319
v 0.243138 -0.209129 -0.359402
v 0.306244 -0.144602 -0.366319
v 0.293871 -0.150335 -0.392562
v 0.243138 -0.209129 -0.359402
v 0.293871 -0.150335 -0.392562
v 0.267993 -0.162372 -0.412445
v 0.243138 -0.209129 -0.359402
v 0.267993 -0.162372 -0.412445
v 0.234111 -0.178156 -0.420972
v 0.243138 -0.209129 -0.359402
v 0.234111 -0.178156 -0.420972
v 0.200069 -0.19403 -0.417233
v 0.243138 -0.209129 -0.359402
v 0.200069 -0.19403 -0.417233
v 0.1716 -0.20732 -0.402939
v 0.243138 -0.209129 -0.359402
v 0.1716 -0.20732 -0.402939
v 0.153824 -0.215638 -0.37994
v 0.243138 -0.209129 -0.359402
v 0.153824 -0.215638 -0.37994
v 0.151843 -0.216598 -0.35229
v 0.243138 -0.209129 -0.359402
v 0.151843 -0.216598 -0.35229
v 0.166122 -0.209976 -0.326475
v 0.243138 -0.209129 -0.359402
v 0.166122 -0.209976 -0.326475
v 0.192199 -0.197845 -0.30739
v 0.243138 -0.209129 -0.359402
v 0.192199 -0.197845 -0.30739
v 0.225282 -0.182435 -0.297755
v 0.243138 -0.209129 -0.359402
vn -0.347273 0.816305 0.461571
vn -0.347273 0.816305 0.461571
vn -0.347273 0.816305 0.461571
vn -0.214755 0.898009 0.384006
vn -0.214755 0.898009 0.384006
vn -0.214755 0.898009 0.384006
vn -0.116754 0.967174 0.225706
vn -0.116754 0.967174 0.225706
vn -0.116754 0.967174 0.225706
vn -0.073709 0.996848 0.029339
vn -0.073709 0.996848 0.029339
vn -0.073709 0.996848 0.029339
vn -0.088206 0.981012 -0.172731
vn -0.088206 0.981012 -0.172731
vn -0.088206 0.981012 -0.172731
vn -0.162324 0.923423 -0.347766
vn -0.162324 0.923423 -0.347766
vn -0.162324 0.923423 -0.347766
vn -0.282041 0.847924 -0.448863
vn -0.282041 0.847924 -0.448863
vn -0.282041 0.847924 -0.448863
vn -0.416235 0.784226 -0.46015
vn -0.416235 0.784226 -0.46015
vn -0.416235 0.784226 -0.46015
vn -0.543609 0.741553 -0.393178
vn -0.543609 0.741553 -0.393178
vn -0.543609 0.741553 -0.393178
vn -0.653842 0.71529 -0.24668
vn -0.653842 0.71529 -0.24668
vn -0.653842 0.71529 -0.24668
vn -0.71224 0.701429 -0.026672
vn -0.71224 0.701429 -0.026672
vn -0.71224 0.701429 -0.026672
vn -0.685835 0.699783 0.199837
vn -0.685835 0.699783 0.199837
vn -0.685835 0.699783 0.199837
vn -0.597717 0.715325 0.362
vn -0.597717 0.715325 0.362
vn -0.597717 0.715325 0.362
vn -0.481391 0.752644 0.44921
vn -0.481391 0.752644 0.44921
vn -0.481391 0.752644 0.44921
vn -0.168875 0.494308 0.852726
vn -0.168875 0.494308 0.852726
vn -0.168875 0.494308 0.852726
vn -0.17739 0.482979 0.857476
vn -0.17739 0.482979 0.857476
vn -0.17739 0.482979 0.857476
vn 0.093386 0.655156 0.7497
vn 0.093386 0.655156 0.7497
vn 0.093386 0.655156 0.7497
vn 0.09718 0.661768 0.743384
vn 0.09718 0.661768 0.743384
vn 0.09718 0.661768 0.743384
vn 0.328509 0.815205 0.476993
vn 0.328509 0.815205 0.476993
vn 0.328509 0.815205 0.476993
vn 0.33204 0.827882 0.452063
vn 0.33204 0.827882 0.452063
vn 0.33204 0.827882 0.452063
vn 0.439413 0.896101 0.062605
vn 0.439413 0.896101 0.062605
vn 0.439413 0.896101 0.062605
vn 0.439413 0.896101 0.062605
vn 0.439413 0.896101 0.062605
vn 0.439413 0.896101 0.062605
vn 0.379054 0.850548 -0.364536
vn 0.379054 0.850548 -0.364536
vn 0.379054 0.850548 -0.364536
vn 0.394261 0.852334 -0.343636
vn 0.394261 0.852334 -0.343636
vn 0.394261 0.852334 -0.343636
vn 0.192751 0.707957 -0.679444
vn 0.192751 0.707957 -0.679444
vn 0.192751 0.707957 -0.679444
vn 0.200455 0.709404 -0.675695
vn 0.200455 0.709404 -0.675695
vn 0.200455 0.709404 -0.675695
vn -0.044123 0.546495 -0.836299
vn -0.044123 0.546495 -0.836299
vn -0.044123 0.546495 -0.836299
vn -0.057952 0.545203 -0.836299
vn -0.057952 0.545203 -0.836299
vn -0.057952 0.545203 -0.836299
vn -0.290606 0.42081 -0.859341
vn -0.290606 0.42081 -0.859341
vn -0.290606 0.42081 -0.859341
vn -0.305136 0.421316 -0.854041
vn -0.305136 0.421316 -0.854041
vn -0.305136 0.421316 -0.854041
vn -0.544406 0.342651 -0.765646
vn -0.544406 0.342651 -0.765646
vn -0.544406 0.342651 -0.765646
vn -0.536332 0.341186 -0.771972
vn -0.536332 0.341186 -0.771972
vn -0.536332 0.341186 -0.771972
vn -0.804601 0.295767 -0.514916
vn -0.804601 0.295767 -0.514916
vn -0.804601 0.295767 -0.514916
vn -0.791375 0.289876 -0.538236
vn -0.791375 0.289876 -0.538236
vn -0.791375 0.289876 -0.538236
vn -0.962927 0.263038 -0.059858
vn -0.962927 0.263038 -0.059858
vn -0.962927 0.263038 -0.059858
vn -0.962927 0.263038 -0.059858
vn -0.962927 0.263038 -0.059858
vn -0.962927 0.263038 -0.059858
vn -0.872718 0.252259 0.418005
vn -0.872718 0.252259 0.418005
vn -0.872718 0.252259 0.418005
vn -0.86065 0.261809 0.436736
vn -0.86065 0.261809 0.436736
vn -0.86065 0.261809 0.436736
vn -0.649118 0.287047 0.70445
vn -0.649118 0.287047 0.70445
vn -0.649118 0.287047 0.70445
vn -0.642727 0.29218 0.70819
vn -0.642727 0.29218 0.70819
vn -0.642727 0.29218 0.70819
vn -0.414301 0.369411 0.831799
vn -0.414301 0.369411 0.831799
vn -0.414301 0.369411 0.831799
vn -0.424584 0.358895 0.831218
vn -0.424584 0.358895 0.831218
vn -0.424584 0.358895 0.831218
vn -0.082216 0.290321 0.953391
vn -0.082216 0.290321 0.953391
vn -0.082216 0.290321 0.953391
vn -0.08935 0.279477 0.955986
vn -0.08935 0.279477 0.955986
vn -0.08935 0.279477 0.955986
vn 0.242912 0.471665 0.847659
vn 0.242912 0.471665 0.847659
vn 0.242912 0.471665 0.847659
vn 0.246527 0.478201 0.842941
vn 0.246527 0.478201 0.842941
vn 0.246527 0.478201 0.842941
vn 0.545082 0.647334 0.53277
vn 0.545082 0.647334 0.53277
vn 0.545082 0.647334 0.53277
vn 0.549322 0.661417 0.510659
vn 0.549322 0.661417 0.510659
vn 0.549322 0.661417 0.510659
vn 0.679533 0.7299 0.074038
vn 0.679533 0.7299 0.074038
vn 0.679533 0.7299 0.074038
vn 0.679533 0.7299 0.074038
vn 0.679533 0.7299 0.074038
vn 0.679533 0.7299 0.074038
vn 0.604059 0.688179 -0.401898
vn 0.604059 0.688179 -0.401898
vn 0.604059 0.688179 -0.401898
vn 0.619134 0.686311 -0.381642
vn 0.619134 0.686311 -0.381642
vn 0.619134 0.686311 -0.381642
vn 0.35622 0.531348 -0.76862
vn 0.35622 0.531348 -0.76862
vn 0.35622 0.531348 -0.76862
vn 0.363558 0.53148 -0.765085
vn 0.363558 0.53148 -0.765085
vn 0.363558 0.53148 -0.765085
vn 0.056407 0.349508 -0.935234
vn 0.056407 0.349508 -0.935234
vn 0.056407 0.349508 -0.935234
vn 0.043826 0.349814 -0.935794
vn 0.043826 0.349814 -0.935794
vn 0.043826 0.349814 -0.935794
vn -0.219059 0.209768 -0.952896
vn -0.219059 0.209768 -0.952896
vn -0.219059 0.209768 -0.952896
vn -0.232516 0.211009 -0.949427
vn -0.232516 0.211009 -0.949427
vn -0.232516 0.211009 -0.949427
vn -0.479122 0.11602 -0.870047
vn -0.479122 0.11602 -0.870047
vn -0.479122 0.11602 -0.870047
vn -0.471179 0.11457 -0.874565
vn -0.471179 0.11457 -0.874565
vn -0.471179 0.11457 -0.874565
vn -0.779405 0.037237 -0.625412
vn -0.779405 0.037237 -0.625412
vn -0.779405 0.037237 -0.625412
vn -0.764115 0.031503 -0.64431
vn -0.764115 0.031503 -0.64431
vn -0.764115 0.031503 -0.64431
vn -0.997102 -0.023752 -0.072267
vn -0.997102 -0.023752 -0.072267
vn -0.997102 -0.023752 -0.072267
vn -0.997102 -0.023752 -0.072267
vn -0.997102 -0.023752 -0.072267
vn -0.997102 -0.023752 -0.072267
vn -0.859291 -0.013208 0.511316
vn -0.859291 -0.013208 0.511316
vn -0.859291 -0.013208 0.511316
vn -0.849287 -0.001316 0.527929
vn -0.849287 -0.001316 0.527929
vn -0.849287 -0.001316 0.527929
vn -0.597521 0.053701 0.800053
vn -0.597521 0.053701 0.800053
vn -0.597521 0.053701 0.800053
vn -0.592341 0.059435 0.803492
vn -0.592341 0.059435 0.803492
vn -0.592341 0.059435 0.803492
vn -0.356169 0.151622 0.922038
vn -0.356169 0.151622 0.922038
vn -0.356169 0.151622 0.922038
vn -0.364488 0.14097 0.920476
vn -0.364488 0.14097 0.920476
vn -0.364488 0.14097 0.920476
vn -0.031779 0.158825 0.986795
vn -0.031779 0.158825 0.986795
vn -0.031779 0.158825 0.986795
vn -0.036448 0.151562 0.987776
vn -0.036448 0.151562 0.987776
vn -0.036448 0.151562 0.987776
vn 0.328949 0.344867 0.879124
vn 0.328949 0.344867 0.879124
vn 0.328949 0.344867 0.879124
vn 0.331538 0.349306 0.876395
vn 0.331538 0.349306 0.876395
vn 0.331538 0.349306 0.876395
vn 0.663347 0.519242 0.53885
vn 0.663347 0.519242 0.53885
vn 0.663347 0.519242 0.53885
vn 0.666938 0.529357 0.52438
vn 0.666938 0.529357 0.52438
vn 0.666938 0.529357 0.52438
vn 0.80103 0.59352 0.078007
vn 0.80103 0.59352 0.078007
vn 0.80103 0.59352 0.078007
vn 0.80103 0.59352 0.078007
vn 0.80103 0.59352 0.078007
vn 0.80103 0.59352 0.078007
vn 0.726217 0.558307 -0.401126
vn 0.726217 0.558307 -0.401126
vn 0.726217 0.558307 -0.401126
vn 0.736058 0.555529 -0.38679
vn 0.736058 0.555529 -0.38679
vn 0.736058 0.555529 -0.38679
vn 0.447577 0.405581 -0.796981
vn 0.447577 0.405581 -0.796981
vn 0.447577 0.405581 -0.796981
vn 0.452495 0.405207 -0.79439
vn 0.452495 0.405207 -0.79439
vn 0.452495 0.405207 -0.79439
vn 0.110412 0.222481 -0.968665
vn 0.110412 0.222481 -0.968665
vn 0.110412 0.222481 -0.968665
vn 0.102026 0.223145 -0.969431
vn 0.102026 0.223145 -0.969431
vn 0.102026 0.223145 -0.969431
vn -0.17633 0.080973 -0.980995
vn -0.17633 0.080973 -0.980995
vn -0.17633 0.080973 -0.980995
vn -0.185434 0.081905 -0.979237
vn -0.185434 0.081905 -0.979237
vn -0.185434 0.081905 -0.979237
vn -0.423491 -0.019434 -0.905692
vn -0.423491 -0.019434 -0.905692
vn -0.423491 -0.019434 -0.905692
vn -0.41801 -0.020253 -0.908217
vn -0.41801 -0.020253 -0.908217
vn -0.41801 -0.020253 -0.908217
vn -0.727099 -0.124379 -0.675171
vn -0.727099 -0.124379 -0.675171
vn -0.727099 -0.124379 -0.675171
vn -0.715779 -0.127639 -0.686563
vn -0.715779 -0.127639 -0.686563
vn -0.715779 -0.127639 -0.686563
vn -0.974101 -0.212534 -0.077176
vn -0.974101 -0.212534 -0.077176
vn -0.974101 -0.212534 -0.077176
vn -0.974101 -0.212534 -0.077176
vn -0.974101 -0.212534 -0.077176
vn -0.974101 -0.212534 -0.077176
vn -0.813179 -0.174198 0.555333
vn -0.813179 -0.174198 0.555333
vn -0.813179 -0.174198 0.555333
vn -0.807339 -0.165172 0.566499
vn -0.807339 -0.165172 0.566499
vn -0.807339 -0.165172 0.566499
vn -0.547018 -0.082609 0.833035
vn -0.547018 -0.082609 0.833035
vn -0.547018 -0.082609 0.833035
vn -0.543847 -0.078436 0.835511
vn -0.543847 -0.078436 0.835511
vn -0.543847 -0.078436 0.835511
vn -0.316524 0.018517 0.948404
vn -0.316524 0.018517 0.948404
vn -0.316524 0.018517 0.948404
vn -0.32177 0.011129 0.946753
vn -0.32177 0.011129 0.946753
vn -0.32177 0.011129 0.946753
vn 0.007797 0.057445 0.998318
vn 0.007797 0.057445 0.998318
vn 0.007797 0.057445 0.998318
vn 0.006165 0.054939 0.998471
vn 0.006165 0.054939 0.998471
vn 0.006165 0.054939 0.998471
vn 0.389105 0.24129 0.889031
vn 0.389105 0.24129 0.889031
vn 0.389105 0.24129 0.889031
vn 0.390072 0.242831 0.888188
vn 0.390072 0.242831 0.888188
vn 0.390072 0.242831 0.888188
vn 0.739213 0.410516 0.533893
vn 0.739213 0.410516 0.533893
vn 0.739213 0.410516 0.533893
vn 0.740726 0.414154 0.528963
vn 0.740726 0.414154 0.528963
vn 0.740726 0.414154 0.528963
vn 0.875198 0.477225 0.079282
vn 0.875198 0.477225 0.079282
vn 0.875198 0.477225 0.079282
vn 0.875198 0.477225 0.079282
vn 0.875198 0.477225 0.079282
vn 0.875198 0.477225 0.079282
vn 0.804402 0.445078 -0.393501
vn 0.804402 0.445078 -0.393501
vn 0.804402 0.445078 -0.393501
vn 0.807646 0.443769 -0.388299
vn 0.807646 0.443769 -0.388299
vn 0.807646 0.443769 -0.388299
vn 0.510092 0.301028 -0.805722
vn 0.510092 0.301028 -0.805722
vn 0.510092 0.301028 -0.805722
vn 0.511789 0.30079 -0.804734
vn 0.511789 0.30079 -0.804734
vn 0.511789 0.30079 -0.804734
vn 0.150278 0.124735 -0.980743
vn 0.150278 0.124735 -0.980743
vn 0.150278 0.124735 -0.980743
vn 0.147357 0.12506 -0.981145
vn 0.147357 0.12506 -0.981145
vn 0.147357 0.12506 -0.981145
vn -0.142137 -0.01432 -0.989744
vn -0.142137 -0.01432 -0.989744
vn -0.142137 -0.01432 -0.989744
vn -0.145339 -0.013999 -0.989283
vn -0.145339 -0.013999 -0.989283
vn -0.145339 -0.013999 -0.989283
vn -0.376739 -0.119158 -0.918623
vn -0.376739 -0.119158 -0.918623
vn -0.376739 -0.119158 -0.918623
vn -0.374801 -0.119375 -0.919388
vn -0.374801 -0.119375 -0.919388
vn -0.374801 -0.119375 -0.919388
vn -0.673111 -0.245521 -0.697597
vn -0.673111 -0.245521 -0.697597
vn -0.673111 -0.245521 -0.697597
vn -0.668968 -0.246393 -0.701265
vn -0.668968 -0.246393 -0.701265
vn -0.668968 -0.246393 -0.701265
vn -0.930858 -0.35672 -0.079085
vn -0.930858 -0.35672 -0.079085
vn -0.930858 -0.35672 -0.079085
vn -0.930858 -0.35672 -0.079085
vn -0.930858 -0.35672 -0.079085
vn -0.930858 -0.35672 -0.079085
vn -0.763422 -0.292064 0.576095
vn -0.763422 -0.292064 0.576095
vn -0.763422 -0.292064 0.576095
vn -0.761677 -0.288704 0.580085
vn -0.761677 -0.288704 0.580085
vn -0.761677 -0.288704 0.580085
vn -0.502714 -0.181338 0.845219
vn -0.502714 -0.181338 0.845219
vn -0.502714 -0.181338 0.845219
vn -0.501687 -0.179814 0.846155
vn -0.501687 -0.179814 0.846155
vn -0.501687 -0.179814 0.846155
vn -0.282239 -0.08037 0.955972
vn -0.282239 -0.08037 0.955972
vn -0.282239 -0.08037 0.955972
vn -0.284004 -0.082982 0.955226
vn -0.284004 -0.082982 0.955226
vn -0.284004 -0.082982 0.955226
vn 0.047696 -0.034154 0.998278
vn 0.047696 -0.034154 0.998278
vn 0.047696 -0.034154 0.998278
vn 0.049354 -0.031695 0.998278
vn 0.049354 -0.031695 0.998278
vn 0.049354 -0.031695 0.998278
vn 0.437314 0.141548 0.8881
vn 0.437314 0.141548 0.8881
vn 0.437314 0.141548 0.8881
vn 0.436279 0.140038 0.888848
vn 0.436279 0.140038 0.888848
vn 0.436279 0.140038 0.888848
vn 0.793042 0.302246 0.528897
vn 0.793042 0.302246 0.528897
vn 0.793042 0.302246 0.528897
vn 0.791238 0.298585 0.533656
vn 0.791238 0.298585 0.533656
vn 0.791238 0.298585 0.533656
vn 0.928301 0.363313 0.079131
vn 0.928301 0.363313 0.079131
vn 0.928301 0.363313 0.079131
vn 0.928301 0.363313 0.07913
vn 0.928301 0.363313 0.07913
vn 0.928301 0.363313 0.07913
vn 0.85971 0.331744 -0.388387
vn 0.85971 0.331744 -0.388387
vn 0.85971 0.331744 -0.388387
vn 0.856691 0.33327 -0.393715
vn 0.856691 0.33327 -0.393715
vn 0.856691 0.33327 -0.393715
vn 0.558981 0.199484 -0.804827
vn 0.558981 0.199484 -0.804827
vn 0.558981 0.199484 -0.804827
vn 0.557318 0.199799 -0.805901
vn 0.557318 0.199799 -0.805901
vn 0.557318 0.199799 -0.805901
vn 0.188902 0.035974 -0.981337
vn 0.188902 0.035974 -0.981337
vn 0.188902 0.035974 -0.981337
vn 0.19182 0.035588 -0.980785
vn 0.19182 0.035588 -0.980785
vn 0.19182 0.035588 -0.980785
vn -0.105857 -0.098716 -0.989469
vn -0.105857 -0.098716 -0.989469
vn -0.105857 -0.098716 -0.989469
vn -0.102645 -0.099009 -0.989778
vn -0.102645 -0.099009 -0.989778
vn -0.102645 -0.099009 -0.989778
vn -0.332923 -0.209164 -0.919463
vn -0.332923 -0.209164 -0.919463
vn -0.332923 -0.209164 -0.919463
vn -0.334867 -0.209024 -0.918789
vn -0.334867 -0.209024 -0.918789
vn -0.334867 -0.209024 -0.918789
vn -0.618451 -0.354518 -0.70131
vn -0.618451 -0.354518 -0.70131
vn -0.618451 -0.354518 -0.70131
vn -0.622685 -0.353944 -0.697845
vn -0.622685 -0.353944 -0.697845
vn -0.622685 -0.353944 -0.697845
vn -0.871793 -0.483422 -0.079253
vn -0.871793 -0.483422 -0.079253
vn -0.871793 -0.483422 -0.079253
vn -0.871793 -0.483422 -0.079253
vn -0.871793 -0.483422 -0.079253
vn -0.871793 -0.483422 -0.079253
vn -0.711356 -0.39692 0.580023
vn -0.711356 -0.39692 0.580023
vn -0.711356 -0.39692 0.580023
vn -0.712788 -0.400391 0.575865
vn -0.712788 -0.400391 0.575865
vn -0.712788 -0.400391 0.575865
vn -0.459849 -0.269621 0.846076
vn -0.459849 -0.269621 0.846076
vn -0.459849 -0.269621 0.846076
vn -0.4608 -0.271186 0.845057
vn -0.4608 -0.271186 0.845057
vn -0.4608 -0.271186 0.845057
vn -0.244493 -0.167686 0.955042
vn -0.244493 -0.167686 0.955042
vn -0.244493 -0.167686 0.955042
vn -0.242777 -0.165073 0.955934
vn -0.242777 -0.165073 0.955934
vn -0.242777 -0.165073 0.955934
vn 0.095331 -0.131165 0.986767
vn 0.095331 -0.131165 0.986767
vn 0.095331 -0.131165 0.986767
vn 0.100242 -0.124304 0.987168
vn 0.100242 -0.124304 0.987168
vn 0.100242 -0.124304 0.987168
vn 0.480736 0.029734 0.876361
vn 0.480736 0.029734 0.876361
vn 0.480736 0.029734 0.876361
vn 0.477537 0.025577 0.878239
vn 0.477537 0.025577 0.878239
vn 0.477537 0.025577 0.878239
vn 0.833004 0.175748 0.524611
vn 0.833004 0.175748 0.524611
vn 0.833004 0.175748 0.524611
vn 0.826836 0.165508 0.53754
vn 0.826836 0.165508 0.53754
vn 0.826836 0.165508 0.53754
vn 0.969684 0.231738 0.077526
vn 0.969684 0.231738 0.077526
vn 0.969684 0.231738 0.077526
vn 0.969684 0.231738 0.077526
vn 0.969684 0.231738 0.077526
vn 0.969684 0.231738 0.077526
vn 0.900028 0.200943 -0.386744
vn 0.900028 0.200943 -0.386744
vn 0.900028 0.200943 -0.386744
vn 0.892134 0.205704 -0.402223
vn 0.892134 0.205704 -0.402223
vn 0.892134 0.205704 -0.402223
vn 0.601276 0.085441 -0.79446
vn 0.601276 0.085441 -0.79446
vn 0.601276 0.085441 -0.79446
vn 0.596651 0.086518 -0.797823
vn 0.596651 0.086518 -0.797823
vn 0.596651 0.086518 -0.797823
vn 0.233931 -0.059523 -0.970429
vn 0.233931 -0.059523 -0.970429
vn 0.233931 -0.059523 -0.970429
vn 0.242272 -0.060723 -0.968306
vn 0.242272 -0.060723 -0.968306
vn 0.242272 -0.060723 -0.968306
vn -0.059353 -0.188755 -0.980229
vn -0.059353 -0.188755 -0.980229
vn -0.059353 -0.188755 -0.980229
vn -0.050175 -0.189421 -0.980613
vn -0.050175 -0.189421 -0.980613
vn -0.050175 -0.189421 -0.980613
vn -0.283982 -0.307381 -0.908224
vn -0.283982 -0.307381 -0.908224
vn -0.283982 -0.307381 -0.908224
vn -0.289519 -0.307267 -0.906513
vn -0.289519 -0.307267 -0.906513
vn -0.289519 -0.307267 -0.906513
vn -0.55529 -0.469894 -0.686187
vn -0.55529 -0.469894 -0.686187
vn -0.55529 -0.469894 -0.686187
vn -0.567455 -0.46926 -0.676602
vn -0.567455 -0.46926 -0.676602
vn -0.567455 -0.46926 -0.676602
vn -0.789161 -0.609251 -0.077703
vn -0.789161 -0.609251 -0.077703
vn -0.789161 -0.609251 -0.077703
vn -0.789161 -0.609251 -0.077703
vn -0.789161 -0.609251 -0.077703
vn -0.789161 -0.609251 -0.077703
vn -0.648501 -0.508197 0.56673
vn -0.648501 -0.508197 0.56673
vn -0.648501 -0.508197 0.56673
vn -0.651549 -0.518153 0.554077
vn -0.651549 -0.518153 0.554077
vn -0.651549 -0.518153 0.554077
vn -0.410159 -0.365723 0.835474
vn -0.410159 -0.365723 0.835474
vn -0.410159 -0.365723 0.835474
vn -0.412642 -0.370254 0.832249
vn -0.412642 -0.370254 0.832249
vn -0.412642 -0.370254 0.832249
vn -0.195443 -0.259417 0.945783
vn -0.195443 -0.259417 0.945783
vn -0.195443 -0.259417 0.945783
vn -0.190645 -0.252005 0.948761
vn -0.190645 -0.252005 0.948761
vn -0.190645 -0.252005 0.948761
vn 0.159719 -0.25495 0.953672
vn 0.159719 -0.25495 0.953672
vn 0.159719 -0.25495 0.953672
vn 0.167527 -0.245142 0.954903
vn 0.167527 -0.245142 0.954903
vn 0.167527 -0.245142 0.954903
vn 0.524752 -0.117475 0.84311
vn 0.524752 -0.117475 0.84311
vn 0.524752 -0.117475 0.84311
vn 0.519502 -0.12321 0.84554
vn 0.519502 -0.12321 0.84554
vn 0.519502 -0.12321 0.84554
vn 0.859279 0.002717 0.5115
vn 0.859279 0.002717 0.5115
vn 0.859279 0.002717 0.5115
vn 0.848257 -0.011314 0.529464
vn 0.848257 -0.011314 0.529464
vn 0.848257 -0.011314 0.529464
vn 0.996017 0.051006 0.073136
vn 0.996017 0.051006 0.073136
vn 0.996017 0.051006 0.073136
vn 0.996017 0.051006 0.073136
vn 0.996017 0.051006 0.073136
vn 0.996017 0.051006 0.073136
vn 0.924131 0.025299 -0.381237
vn 0.924131 0.025299 -0.381237
vn 0.924131 0.025299 -0.381237
vn 0.913903 0.03264 -0.404619
vn 0.913903 0.03264 -0.404619
vn 0.913903 0.03264 -0.404619
vn 0.640771 -0.064667 -0.765004
vn 0.640771 -0.064667 -0.765004
vn 0.640771 -0.064667 -0.765004
vn 0.634187 -0.062884 -0.770618
vn 0.634187 -0.062884 -0.770618
vn 0.634187 -0.062884 -0.770618
vn 0.293236 -0.184454 -0.938077
vn 0.293236 -0.184454 -0.938077
vn 0.293236 -0.184454 -0.938077
vn 0.305629 -0.186197 -0.933767
vn 0.305629 -0.186197 -0.933767
vn 0.305629 -0.186197 -0.933767
vn 0.008652 -0.306811 -0.951731
vn 0.008652 -0.306811 -0.951731
vn 0.008652 -0.306811 -0.951731
vn 0.022245 -0.30725 -0.951369
vn 0.022245 -0.30725 -0.951369
vn 0.022245 -0.30725 -0.951369
vn -0.214345 -0.435398 -0.874349
vn -0.214345 -0.435398 -0.874349
vn -0.214345 -0.435398 -0.874349
vn -0.222479 -0.43587 -0.872078
vn -0.222479 -0.43587 -0.872078
vn -0.222479 -0.43587 -0.872078
vn -0.462677 -0.610137 -0.643167
vn -0.462677 -0.610137 -0.643167
vn -0.462677 -0.610137 -0.643167
vn -0.480439 -0.611185 -0.628992
vn -0.480439 -0.611185 -0.628992
vn -0.480439 -0.611185 -0.628992
vn -0.659356 -0.748256 -0.07323
vn -0.659356 -0.748256 -0.07323
vn -0.659356 -0.748256 -0.07323
vn -0.659356 -0.748256 -0.07323
vn -0.659356 -0.748256 -0.07323
vn -0.659356 -0.748256 -0.07323
vn -0.551925 -0.644856 0.528715
vn -0.551925 -0.644856 0.528715
vn -0.551925 -0.644856 0.528715
vn -0.554527 -0.658928 0.508245
vn -0.554527 -0.658928 0.508245
vn -0.554527 -0.658928 0.508245
vn -0.336381 -0.490941 0.803632
vn -0.336381 -0.490941 0.803632
vn -0.336381 -0.490941 0.803632
vn -0.339656 -0.497619 0.798129
vn -0.339656 -0.497619 0.798129
vn -0.339656 -0.497619 0.798129
vn -0.122717 -0.376568 0.918225
vn -0.122717 -0.376568 0.918225
vn -0.122717 -0.376568 0.918225
vn -0.115644 -0.365759 0.923497
vn -0.115644 -0.365759 0.923497
vn -0.115644 -0.365759 0.923497
vn 0.258271 -0.451843 0.853894
vn 0.258271 -0.451843 0.853894
vn 0.258271 -0.451843 0.853894
vn 0.268004 -0.442153 0.855964
vn 0.268004 -0.442153 0.855964
vn 0.268004 -0.442153 0.855964
vn 0.569761 -0.350438 0.743348
vn 0.569761 -0.350438 0.743348
vn 0.569761 -0.350438 0.743348
vn 0.563248 -0.355617 0.745847
vn 0.563248 -0.355617 0.745847
vn 0.563248 -0.355617 0.745847
vn 0.848778 -0.273004 0.452819
vn 0.848778 -0.273004 0.452819
vn 0.848778 -0.273004 0.452819
vn 0.834799 -0.284821 0.471156
vn 0.834799 -0.284821 0.471156
vn 0.834799 -0.284821 0.471156
vn 0.968913 -0.239737 0.061097
vn 0.968913 -0.239737 0.061097
vn 0.968913 -0.239737 0.061097
vn 0.968913 -0.239737 0.061097
vn 0.968913 -0.239737 0.061097
vn 0.968913 -0.239737 0.061097
vn 0.904915 -0.251388 -0.343414
vn 0.904915 -0.251388 -0.343414
vn 0.904915 -0.251388 -0.343414
vn 0.89661 -0.244227 -0.369383
vn 0.89661 -0.244227 -0.369383
vn 0.89661 -0.244227 -0.369383
vn 0.671681 -0.303433 -0.67585
vn 0.671681 -0.303433 -0.67585
vn 0.671681 -0.303433 -0.67585
vn 0.665155 -0.301631 -0.683072
vn 0.665155 -0.301631 -0.683072
vn 0.665155 -0.301631 -0.683072
vn 0.378258 -0.389363 -0.839832
vn 0.378258 -0.389363 -0.839832
vn 0.378258 -0.389363 -0.839832
vn 0.391585 -0.390512 -0.833164
vn 0.391585 -0.390512 -0.833164
vn 0.391585 -0.390512 -0.833164
vn 0.123658 -0.499145 -0.85765
vn 0.123658 -0.499145 -0.85765
vn 0.123658 -0.499145 -0.85765
vn 0.138249 -0.498068 -0.856047
vn 0.138249 -0.498068 -0.856047
vn 0.138249 -0.498068 -0.856047
vn -0.082785 -0.630312 -0.771915
vn -0.082785 -0.630312 -0.771915
vn -0.082785 -0.630312 -0.771915
vn -0.091271 -0.632112 -0.769483
vn -0.091271 -0.632112 -0.769483
vn -0.091271 -0.632112 -0.769483
vn -0.282717 -0.794686 -0.537164
vn -0.282717 -0.794686 -0.537164
vn -0.282717 -0.794686 -0.537164
vn -0.300307 -0.798959 -0.521039
vn -0.300307 -0.798959 -0.521039
vn -0.300307 -0.798959 -0.521039
vn -0.417716 -0.9065 -0.061412
vn -0.417716 -0.9065 -0.061412
vn -0.417716 -0.9065 -0.061412
vn -0.417716 -0.9065 -0.061412
vn -0.417716 -0.9065 -0.061412
vn -0.417716 -0.9065 -0.061412
vn -0.35735 -0.82525 0.437337
vn -0.35735 -0.82525 0.437337
vn -0.35735 -0.82525 0.437337
vn -0.357892 -0.837558 0.412807
vn -0.357892 -0.837558 0.412807
vn -0.357892 -0.837558 0.412807
vn -0.190448 -0.679908 0.708134
vn -0.190448 -0.679908 0.708134
vn -0.190448 -0.679908 0.708134
vn -0.193534 -0.686575 0.700828
vn -0.193534 -0.686575 0.700828
vn -0.193534 -0.686575 0.700828
vn 0.005048 -0.561175 0.827682
vn 0.005048 -0.561175 0.827682
vn 0.005048 -0.561175 0.827682
vn 0.013097 -0.550146 0.834966
vn 0.013097 -0.550146 0.834966
vn 0.013097 -0.550146 0.834966
vn 0.402401 -0.791829 0.459434
vn 0.402401 -0.791829 0.459434
vn 0.402401 -0.791829 0.459434
vn 0.550102 -0.742696 0.381827
vn 0.550102 -0.742696 0.381827
vn 0.550102 -0.742696 0.381827
vn 0.665925 -0.71176 0.223476
vn 0.665925 -0.71176 0.223476
vn 0.665925 -0.71176 0.223476
vn 0.716129 -0.697443 0.027089
vn 0.716129 -0.697443 0.027089
vn 0.716129 -0.697443 0.027089
vn 0.694473 -0.697923 -0.174961
vn 0.694473 -0.697923 -0.174961
vn 0.694473 -0.697923 -0.174961
vn 0.602533 -0.717281 -0.349945
vn 0.602533 -0.717281 -0.349945
vn 0.602533 -0.717281 -0.349945
vn 0.467633 -0.76021 -0.450999
vn 0.467633 -0.76021 -0.450999
vn 0.467633 -0.76021 -0.450999
vn 0.332554 -0.822011 -0.462283
vn 0.332554 -0.822011 -0.462283
vn 0.332554 -0.822011 -0.462283
vn 0.218043 -0.892276 -0.395349
vn 0.218043 -0.892276 -0.395349
vn 0.218043 -0.892276 -0.395349
vn 0.127203 -0.960138 -0.248905
vn 0.127203 -0.960138 -0.248905
vn 0.127203 -0.960138 -0.248905
vn 0.079263 -0.996434 -0.028927
vn 0.079263 -0.996434 -0.028927
vn 0.079263 -0.996434 -0.028927
vn 0.09521 -0.975646 0.197612
vn 0.09521 -0.975646 0.197612
vn 0.09521 -0.975646 0.197612
vn 0.163935 -0.918503 0.359829
vn 0.163935 -0.918503 0.359829
vn 0.163935 -0.918503 0.359829
vn 0.267399 -0.853593 0.447076
vn 0.267399 -0.853593 0.447076
vn 0.267399 -0.853593 0.447076
f 1513//1513 1515//1515 1514//1514
f 1516//1516 1518//1518 1517//1517
f 1519//1519 1521//1521 1520//1520
f 1522//1522 1524//1524 1523//1523
f 1525//1525 1527//1527 1526//1526
f 1528//1528 1530//1530 1529//1529
f 1531//1531 1533//1533 1532//1532
f 1534//1534 1536//1536 1535//1535
f 1537//1537 1539//1539 1538//1538
f 1540//1540 1542//1542 1541//1541
f 1543//1543 1545//1545 1544//1544
f 1546//1546 1548//1548 1547//1547
f 1549//1549 1551//1551 1550//1550
f 1552//1552 1554//1554 1553//1553
f 1555//1555 1557//1557 1556//1556
f 1558//1558 1560//1560 1559//1559
f 1561//1561 1563//1563 1562//1562
f 1564//1564 1566//1566 1565//1565
f 1567//1567 1569//1569 1568//1568
f 1570//1570 1572//1572 1571//1571
f 1573//1573 1575//1575 1574//1574
f 1576//1576 1578//1578 1577//1577
f 1579//1579 1581//1581 1580//1580
f 1582//1582 1584//1584 1583//1583
f 1585//1585 1587//1587 1586//1586
f 1588//1588 1590//1590 1589//1589
f 1591//1591 1593//1593 1592//1592
f 1594//1594 1596//1596 1595//1595
f 1597//1597 1599//1599 1598//1598
f 1600//1600 1602//1602 1601//1601
f 1603//1603 1605//1605 1604//1604
f 1606//1606 1608//1608 1607//1607
f 1609//1609 1611//1611 1610//1610
f 1612//1612 1614//1614 1613//1613
f 1615//1615 1617//1617 1616//1616
f 1618//1618 1620//1620 1619//1619
f 1621//1621 1623//1623 1622//1622
f 1624//1624 1626//1626 1625//1625
f 1627//1627 1629//1629 1628//1628
f 1630//1630 1632//1632 1631//1631
f 1633//1633 1635//1635 1634//1634
f 1636//1636 1638//1638 1637//1637
f 1639//1639 1641//1641 1640//1640
f 1642//1642 1644//1644 1643//1643
f 1645//1645 1647//1647 1646//1646
f 1648//1648 1650//1650 1649//1649
f 1651//1651 1653//1653 1652//1652
f 1654//1654 1656//1656 1655//1655
f 1657//1657 1659//1659 1658//1658
f 1660//1660 1662//1662 1661//1661
f 1663//1663 1665//1665 1664//1664
f 1666//1666 1668//1668 1667//1667
f 1669//1669 1671//1671 1670//1670
f 1672//1672 1674//1674 1673//1673
f 1675//1675 1677//1677 1676//1676
f 1678//1678 1680//1680 1679//1679
f 1681//1681 1683//1683 1682//1682
f 1684//1684 1686//1686 1685//1685
f 1687//1687 1689//1689 1688//1688
f 1690//1690 1692//1692 1691//1691
f 1693//1693 1695//1695 1694//1694
f 1696//1696 1698//1698 1697//1697
f 1699//1699 1701//1701 1700//1700
f 1702//1702 1704//1704 1703//1703
f 1705//1705 1707//1707 1706//1706
f 1708//1708 1710//1710 1709//1709
f 1711//1711 1713//1713 1712//1712
f 1714//1714 1716//1716 1715//1715
f 1717//1717 1719//1719 1718//1718
f 1720//1720 1722//1722 1721//1721
f 1723//1723 1725//1725 1724//1724
f 1726//1726 1728//1728 1727//1727
f 1729//1729 1731//1731 1730//1730
f 1732//1732 1734//1734 1733//1733
f 1735//1735 1737//1737 1736//1736
f 1738//1738 1740//1740 1739//1739
f 1741//1741 1743//1743 1742//1742
f 1744//1744 1746//1746 1745//1745
f 1747//1747 1749//1749 1748//1748
f 1750//1750 1752//1752 1751//1751
f 1753//1753 1755//1755 1754//1754
f 1756//1756 1758//1758 1757//1757
f 1759//1759 1761//1761 1760//1760
f 1762//1762 1764//1764 1763//1763
f 1765//1765 1767//1767 1766//1766
f 1768//1768 1770//1770 1769//1769
f 1771//1771 1773//1773 1772//1772
f 1774//1774 1776//1776 1775//1775
f 1777//1777 1779//1779 1778//1778
f 1780//1780 1782//1782 1781//1781
f 1783//1783 1785//1785 1784//1784
f 1786//1786 1788//1788 1787//1787
f 1789//1789 1791//1791 1790//1790
f 1792//1792 1794//1794 1793//1793
f 1795//1795 1797//1797 1796//1796
f 1798//1798 1800//1800 1799//1799
f 1801//1801 1803//1803 1802//1802
f 1804//1804 1806//1806 1805//1805
f 1807//1807 1809//1809 1808//1808
f 1810//1810 1812//1812 1811//1811
f 1813//1813 1815//1815 1814//1814
f 1816//1816 1818//1818 1817//1817
f 1819//1819 1821//1821 1820//1820
f 1822//1822 1824//1824 1823//1823
f 1825//1825 1827//1827 1826//1826
f 1828//1828 1830//1830 1829//1829
f 1831//1831 1833//1833 1832//1832
f 1834//1834 1836//1836 1835//1835
f 1837//1837 1839//1839 1838//1838
f 1840//1840 1842//1842 1841//1841
f 1843//1843 1845//1845 1844//1844
f 1846//1846 1848//1848 1847//1847
f 1849//1849 1851//1851 1850//1850
f 1852//1852 1854//1854 1853//1853
f 1855//1855 1857//1857 1856//1856
f 1858//1858 1860//1860 1859//1859
f 1861//1861 1863//1863 1862//1862
f 1864//1864 1866//1866 1865//1865
f 1867//1867 1869//1869 1868//1868
f 1870//1870 1872//1872 1871//1871
f 1873//1873 1875//1875 1874//1874
f 1876//1876 1878//1878 1877//1877
f 1879//1879 1881//1881 1880//1880
f 1882//1882 1884//1884 1883//1883
f 1885//1885 1887//1887 1886//1886
f 1888//1888 1890//1890 1889//1889
f 1891//1891 1893//1893 1892//1892
f 1894//1894 1896//1896 1895//1895
f 1897//1897 1899//1899 1898//1898
f 1900//1900 1902//1902 1901//1901
f 1903//1903 1905//1905 1904//1904
f 1906//1906 1908//1908 1907//1907
f 1909//1909 1911//1911 1910//1910
f 1912//1912 1914//1914 1913//1913
f 1915//1915 1917//1917 1916//1916
f 1918//1918 1920//1920 1919//1919
f 1921//1921 1923//1923 1922//1922
f 1924//1924 1926//1926 1925//1925
f 1927//1927 1929//1929 1928//1928
f 1930//1930 1932//1932 1931//1931
f 1933//1933 1935//1935 1934//1934
f 1936//1936 1938//1938 1937//1937
f 1939//1939 1941//1941 1940//1940
f 1942//1942 1944//1944 1943//1943
f 1945//1945 1947//1947 1946//1946
f 1948//1948 1950//1950 1949//1949
f 1951//1951 1953//1953 1952//1952
f 1954//1954 1956//1956 1955//1955
f 1957//1957 1959//1959 1958//1958
f 1960//1960 1962//1962 1961//1961
f 1963//1963 1965//1965 1964//1964
f 1966//1966 1968//1968 1967//1967
f 1969//1969 1971//1971 1970//1970
f 1972//1972 1974//1974 1973//1973
f 1975//1975 1977//1977 1976//1976
f 1978//1978 1980//1980 1979//1979
f 1981//1981 1983//1983 1982//1982
f 1984//1984 1986//1986 1985//1985
f 1987//1987 1989//1989 1988//1988
f 1990//1990 1992//1992 1991//1991
f 1993//1993 1995//1995 1994//1994
f 1996//1996 1998//1998 1997//1997
f 1999//1999 2001//2001 2000//2000
f 2002//2002 2004//2004 2003//2003
f 2005//2005 2007//2007 2006//2006
f 2008//2008 2010//2010 2009//2009
f 2011//2011 2013//2013 2012//2012
f 2014//2014 2016//2016 2015//2015
f 2017//2017 2019//2019 2018//2018
f 2020//2020 2022//2022 2021//2021
f 2023//2023 2025//2025 2024//2024
f 2026//2026 2028//2028 2027//2027
f 2029//2029 2031//2031 2030//2030
f 2032//2032 2034//2034 2033//2033
f 2035//2035 2037//2037 2036//2036
f 2038//2038 2040//2040 2039//2039
f 2041//2041 2043//2043 2042//2042
f 2044//2044 2046//2046 2045//2045
f 2047//2047 2049//2049 2048//2048
f 2050//2050 2052//2052 2051//2051
f 2053//2053 2055//2055 2054//2054
f 2056//2056 2058//2058 2057//2057
f 2059//2059 2061//2061 2060//2060
f 2062//2062 2064//2064 2063//2063
f 2065//2065 2067//2067 2066//2066
f 2068//2068 2070//2070 2069//2069
f 2071//2071 2073//2073 2072//2072
f 2074//2074 2076//2076 2075//2075
f 2077//2077 2079//2079 2078//2078
f 2080//2080 2082//2082 2081//2081
f 2083//2083 2085//2085 2084//2084
f 2086//2086 2088//2088 2087//2087
f 2089//2089 2091//2091 2090//2090
f 2092//2092 2094//2094 2093//2093
f 2095//2095 2097//2097 2096//2096
f 2098//2098 2100//2100 2099//2099
f 2101//2101 2103//2103 2102//2102
f 2104//2104 2106//2106 2105//2105
f 2107//2107 2109//2109 2108//2108
f 2110//2110 2112//2112 2111//2111
f 2113//2113 2115//2115 2114//2114
f 2116//2116 2118//2118 2117//2117
f 2119//2119 2121//2121 2120//2120
f 2122//2122 2124//2124 2123//2123
f 2125//2125 2127//2127 2126//2126
f 2128//2128 2130//2130 2129//2129
f 2131//2131 2133//2133 2132//2132
f 2134//2134 2136//2136 2135//2135
f 2137//2137 2139//2139 2138//2138
f 2140//2140 2142//2142 2141//2141
f 2143//2143 2145//2145 2144//2144
f 2146//2146 2148//2148 2147//2147
f 2149//2149 2151//2151 2150//2150
f 2152//2152 2154//2154 2153//2153
f 2155//2155 2157//2157 2156//2156
f 2158//2158 2160//2160 2159//2159
f 2161//2161 2163//2163 2162//2162
f 2164//2164 2166//2166 2165//2165
f 2167//2167 2169//2169 2168//2168
f 2170//2170 2172//2172 2171//2171
f 2173//2173 2175//2175 2174//2174
f 2176//2176 2178//2178 2177//2177
f 2179//2179 2181//2181 2180//2180
f 2182//2182 2184//2184 2183//2183
f 2185//2185 2187//2187 2186//2186
f 2188//2188 2190//2190 2189//2189
f 2191//2191 2193//2193 2192//2192
f 2194//2194 2196//2196 2195//2195
f 2197//2197 2199//2199 2198//2198
f 2200//2200 2202//2202 2201//2201
f 2203//2203 2205//2205 2204//2204
f 2206//2206 2208//2208 2207//2207
f 2209//2209 2211//2211 2210//2210
f 2212//2212 2214//2214 2213//2213
f 2215//2215 2217//2217 2216//2216
f 2218//2218 2220//2220 2219//2219
f 2221//2221 2223//2223 2222//2222
f 2224//2224 2226//2226 2225//2225
f 2227//2227 2229//2229 2228//2228
f 2230//2230 2232//2232 2231//2231
f 2233//2233 2235//2235 2234//2234
f 2236//2236 2238//2238 2237//2237
f 2239//2239 2241//2241 2240//2240
f 2242//2242 2244//2244 2243//2243
f 2245//2245 2247//2247 2246//2246
f 2248//2248 2250//2250 2249//2249
f 2251//2251 2253//2253 2252//2252
f 2254//2254 2256//2256 2255//2255
f 2257//2257 2259//2259 2258//2258
f 2260//2260 2262//2262 2261//2261
f 2263//2263 2265//2265 2264//2264
f 2266//2266 2268//2268 2267//2267
o Wax_leaf
usemtl Pine
v -0.491712 0.969998 0.279902
v -0.535744 0.914359 0.255752
v -0.510279 0.925871 0.229505
v -0.491712 0.969998 0.279902
v -0.549096 0.908499 0.287331
v -0.535744 0.914359 0.255752
v -0.491712 0.969998 0.279902
v -0.547849 0.909367 0.316867
v -0.549096 0.908499 0.287331
v -0.491712 0.969998 0.279902
v -0.533767 0.916097 0.339232
v -0.547849 0.909367 0.316867
v -0.491712 0.969998 0.279902
v -0.509113 0.927606 0.350826
v -0.533767 0.916097 0.339232
v -0.491712 0.969998 0.279902
v -0.477631 0.94213 0.348039
v -0.509113 0.927606 0.350826
v -0.491712 0.969998 0.279902
v -0.446451 0.956372 0.330868
v -0.477631 0.94213 0.348039
v -0.491712 0.969998 0.279902
v -0.422184 0.967325 0.304111
v -0.446451 0.956372 0.330868
v -0.491712 0.969998 0.279902
v -0.408295 0.973439 0.273109
v -0.422184 0.967325 0.304111
v -0.491712 0.969998 0.279902
v -0.407695 0.973418 0.24288
v -0.408295 0.973439 0.273109
v -0.491712 0.969998 0.279902
v -0.422018 0.966574 0.220134
v -0.407695 0.973418 0.24288
v -0.491712 0.969998 0.279902
v -0.447904 0.954511 0.210207
v -0.422018 0.966574 0.220134
v -0.491712 0.969998 0.279902
v -0.479084 0.940134 0.213749
v -0.447904 0.954511 0.210207
v -0.491712 0.969998 0.279902
v -0.510279 0.925871 0.229505
v -0.479084 0.940134 0.213749
v -0.510279 0.925871 0.229505
v -0.535744 0.914359 0.255752
v -0.549798 0.805935 0.234098
v -0.510279 0.925871 0.229505
v -0.549798 0.805935 0.234098
v -0.500333 0.82831 0.184611
v -0.535744 0.914359 0.255752
v -0.549096 0.908499 0.287331
v -0.574735 0.795006 0.29466
v -0.535744 0.914359 0.255752
v -0.574735 0.795006 0.29466
v -0.549798 0.805935 0.234098
v -0.549096 0.908499 0.287331
v -0.547849 0.909367 0.316867
v -0.570781 0.797382 0.350247
v -0.549096 0.908499 0.287331
v -0.570781 0.797382 0.350247
v -0.574735 0.795006 0.29466
v -0.547849 0.909367 0.316867
v -0.533767 0.916097 0.339232
v -0.5442 0.810084 0.39246
v -0.547849 0.909367 0.316867
v -0.5442 0.810084 0.39246
v -0.570781 0.797382 0.350247
v -0.533767 0.916097 0.339232
v -0.509113 0.927606 0.350826
v -0.498363 0.831502 0.415944
v -0.533767 0.916097 0.339232
v -0.498363 0.831502 0.415944
v -0.5442 0.810084 0.39246
v -0.509113 0.927606 0.350826
v -0.477631 0.94213 0.348039
v -0.43822 0.859255 0.411292
v -0.509113 0.927606 0.350826
v -0.43822 0.859255 0.411292
v -0.498363 0.831502 0.415944
v -0.477631 0.94213 0.348039
v -0.446451 0.956372 0.330868
v -0.378927 0.886327 0.377414
v -0.477631 0.94213 0.348039
v -0.378927 0.886327 0.377414
v -0.43822 0.859255 0.411292
v -0.446451 0.956372 0.330868
v -0.422184 0.967325 0.304111
v -0.333794 0.906682 0.326083
v -0.446451 0.956372 0.330868
v -0.333794 0.906682 0.326083
v -0.378927 0.886327 0.377414
v -0.422184 0.967325 0.304111
v -0.408295 0.973439 0.273109
v -0.306916 0.918529 0.267607
v -0.422184 0.967325 0.304111
v -0.306916 0.918529 0.267607
v -0.333794 0.906682 0.326083
v -0.408295 0.973439 0.273109
v -0.407695 0.973418 0.24288
v -0.304192 0.919215 0.209515
v -0.408295 0.973439 0.273109
v -0.304192 0.919215 0.209515
v -0.306916 0.918529 0.267607
v -0.407695 0.973418 0.24288
v -0.422018 0.966574 0.220134
v -0.331642 0.906097 0.165923
v -0.407695 0.973418 0.24288
v -0.331642 0.906097 0.165923
v -0.304192 0.919215 0.209515
v -0.422018 0.966574 0.220134
v -0.447904 0.954511 0.210207
v -0.381936 0.882678 0.14847
v -0.422018 0.966574 0.220134
v -0.381936 0.882678 0.14847
v -0.331642 0.906097 0.165923
v -0.447904 0.954511 0.210207
v -0.479084 0.940134 0.213749
v -0.440984 0.855458 0.155857
v -0.447904 0.954511 0.210207
v -0.440984 0.855458 0.155857
v -0.381936 0.882678 0.14847
v -0.479084 0.940134 0.213749
v -0.510279 0.925871 0.229505
v -0.500333 0.82831 0.184611
v -0.479084 0.940134 0.213749
v -0.500333 0.82831 0.184611
v -0.440984 0.855458 0.155857
v -0.500333 0.82831 0.184611
v -0.549798 0.805935 0.234098
v -0.532054 0.655545 0.21725
v -0.500333 0.82831 0.184611
v -0.532054 0.655545 0.21725
v -0.46285 0.686865 0.149615
v -0.549798 0.805935 0.234098
v -0.574735 0.795006 0.29466
v -0.565874 0.640741 0.301146
v -0.549798 0.805935 0.234098
v -0.565874 0.640741 0.301146
v -0.532054 0.655545 0.21725
v -0.574735 0.795006 0.29466
v -0.570781 0.797382 0.350247
v -0.558702 0.644804 0.377007
v -0.574735 0.795006 0.29466
v -0.558702 0.644804 0.377007
v -0.565874 0.640741 0.301146
v -0.570781 0.797382 0.350247
v -0.5442 0.810084 0.39246
v -0.522341 0.66218 0.43475
v -0.570781 0.797382 0.350247
v -0.522341 0.66218 0.43475
v -0.558702 0.644804 0.377007
v -0.5442 0.810084 0.39246
v -0.498363 0.831502 0.415944
v -0.460407 0.691141 0.468635
v -0.5442 0.810084 0.39246
v -0.460407 0.691141 0.468635
v -0.522341 0.66218 0.43475
v -0.498363 0.831502 0.415944
v -0.43822 0.859255 0.411292
v -0.377345 0.729477 0.462941
v -0.498363 0.831502 0.415944
v -0.377345 0.729477 0.462941
v -0.460407 0.691141 0.468635
v -0.43822 0.859255 0.411292
v -0.378927 0.886327 0.377414
v -0.295748 0.766719 0.414986
v -0.43822 0.859255 0.411292
v -0.295748 0.766719 0.414986
v -0.377345 0.729477 0.462941
v -0.378927 0.886327 0.377414
v -0.333794 0.906682 0.326083
v -0.234751 0.794212 0.343856
v -0.378927 0.886327 0.377414
v -0.234751 0.794212 0.343856
v -0.295748 0.766719 0.414986
v -0.333794 0.906682 0.326083
v -0.306916 0.918529 0.267607
v -0.197253 0.810755 0.263912
v -0.333794 0.906682 0.326083
v -0.197253 0.810755 0.263912
v -0.234751 0.794212 0.343856
v -0.306916 0.918529 0.267607
v -0.304192 0.919215 0.209515
v -0.191773 0.812493 0.183306
v -0.306916 0.918529 0.267607
v -0.191773 0.812493 0.183306
v -0.197253 0.810755 0.263912
v -0.304192 0.919215 0.209515
v -0.331642 0.906097 0.165923
v -0.22978 0.79433 0.122948
v -0.304192 0.919215 0.209515
v -0.22978 0.79433 0.122948
v -0.191773 0.812493 0.183306
v -0.331642 0.906097 0.165923
v -0.381936 0.882678 0.14847
v -0.300159 0.761579 0.100488
v -0.331642 0.906097 0.165923
v -0.300159 0.761579 0.100488
v -0.22978 0.79433 0.122948
v -0.381936 0.882678 0.14847
v -0.440984 0.855458 0.155857
v -0.381148 0.724252 0.111365
v -0.381936 0.882678 0.14847
v -0.381148 0.724252 0.111365
v -0.300159 0.761579 0.100488
v -0.440984 0.855458 0.155857
v -0.500333 0.82831 0.184611
v -0.46285 0.686865 0.149615
v -0.440984 0.855458 0.155857
v -0.46285 0.686865 0.149615
v -0.381148 0.724252 0.111365
v -0.46285 0.686865 0.149615
v -0.532054 0.655545 0.21725
v -0.483699 0.478168 0.20709
v -0.46285 0.686865 0.149615
v -0.483699 0.478168 0.20709
v -0.401497 0.515382 0.127942
v -0.532054 0.655545 0.21725
v -0.565874 0.640741 0.301146
v -0.523077 0.460944 0.306125
v -0.532054 0.655545 0.21725
v -0.523077 0.460944 0.306125
v -0.483699 0.478168 0.20709
v -0.565874 0.640741 0.301146
v -0.558702 0.644804 0.377007
v -0.513339 0.466319 0.394814
v -0.565874 0.640741 0.301146
v -0.513339 0.466319 0.394814
v -0.523077 0.460944 0.306125
v -0.558702 0.644804 0.377007
v -0.522341 0.66218 0.43475
v -0.470765 0.486665 0.462425
v -0.558702 0.644804 0.377007
v -0.470765 0.486665 0.462425
v -0.513339 0.466319 0.394814
v -0.522341 0.66218 0.43475
v -0.460407 0.691141 0.468635
v -0.398829 0.520319 0.503439
v -0.522341 0.66218 0.43475
v -0.398829 0.520319 0.503439
v -0.470765 0.486665 0.462425
v -0.460407 0.691141 0.468635
v -0.377345 0.729477 0.462941
v -0.300969 0.565491 0.49728
v -0.460407 0.691141 0.468635
v -0.300969 0.565491 0.49728
v -0.398829 0.520319 0.503439
v -0.377345 0.729477 0.462941
v -0.295748 0.766719 0.414986
v -0.205057 0.609257 0.439903
v -0.377345 0.729477 0.462941
v -0.205057 0.609257 0.439903
v -0.300969 0.565491 0.49728
v -0.295748 0.766719 0.414986
v -0.234751 0.794212 0.343856
v -0.134197 0.641181 0.355924
v -0.295748 0.766719 0.414986
v -0.134197 0.641181 0.355924
v -0.205057 0.609257 0.439903
v -0.234751 0.794212 0.343856
v -0.197253 0.810755 0.263912
v -0.089736 0.660808 0.262352
v -0.234751 0.794212 0.343856
v -0.089736 0.660808 0.262352
v -0.134197 0.641181 0.355924
v -0.197253 0.810755 0.263912
v -0.191773 0.812493 0.183306
v -0.081989 0.66345 0.167105
v -0.197253 0.810755 0.263912
v -0.081989 0.66345 0.167105
v -0.089736 0.660808 0.262352
v -0.191773 0.812493 0.183306
v -0.22978 0.79433 0.122948
v -0.126839 0.642017 0.09588
v -0.191773 0.812493 0.183306
v -0.126839 0.642017 0.09588
v -0.081989 0.66345 0.167105
v -0.22978 0.79433 0.122948
v -0.300159 0.761579 0.100488
v -0.210446 0.603124 0.070657
v -0.22978 0.79433 0.122948
v -0.210446 0.603124 0.070657
v -0.126839 0.642017 0.09588
v -0.300159 0.761579 0.100488
v -0.381148 0.724252 0.111365
v -0.30544 0.559348 0.083978
v -0.300159 0.761579 0.100488
v -0.30544 0.559348 0.083978
v -0.210446 0.603124 0.070657
v -0.381148 0.724252 0.111365
v -0.46285 0.686865 0.149615
v -0.401497 0.515382 0.127942
v -0.381148 0.724252 0.111365
v -0.401497 0.515382 0.127942
v -0.30544 0.559348 0.083978
v -0.401497 0.515382 0.127942
v -0.483699 0.478168 0.20709
v -0.40902 0.291375 0.204804
v -0.401497 0.515382 0.127942
v -0.40902 0.291375 0.204804
v -0.322281 0.330647 0.121713
v -0.483699 0.478168 0.20709
v -0.523077 0.460944 0.306125
v -0.450287 0.27333 0.309082
v -0.483699 0.478168 0.20709
v -0.450287 0.27333 0.309082
v -0.40902 0.291375 0.204804
v -0.523077 0.460944 0.306125
v -0.513339 0.466319 0.394814
v -0.439575 0.279198 0.402158
v -0.523077 0.460944 0.306125
v -0.439575 0.279198 0.402158
v -0.450287 0.27333 0.309082
v -0.513339 0.466319 0.394814
v -0.470765 0.486665 0.462425
v -0.394871 0.300561 0.473152
v -0.513339 0.466319 0.394814
v -0.394871 0.300561 0.473152
v -0.439575 0.279198 0.402158
v -0.470765 0.486665 0.462425
v -0.398829 0.520319 0.503439
v -0.319549 0.335806 0.516703
v -0.470765 0.486665 0.462425
v -0.319549 0.335806 0.516703
v -0.394871 0.300561 0.473152
v -0.398829 0.520319 0.503439
v -0.300969 0.565491 0.49728
v -0.216576 0.38334 0.510421
v -0.398829 0.520319 0.503439
v -0.216576 0.38334 0.510421
v -0.319549 0.335806 0.516703
v -0.300969 0.565491 0.49728
v -0.205057 0.609257 0.439903
v -0.115732 0.429353 0.449729
v -0.300969 0.565491 0.49728
v -0.115732 0.429353 0.449729
v -0.216576 0.38334 0.510421
v -0.205057 0.609257 0.439903
v -0.134197 0.641181 0.355924
v -0.041532 0.462776 0.361297
v -0.205057 0.609257 0.439903
v -0.041532 0.462776 0.361297
v -0.115732 0.429353 0.449729
v -0.134197 0.641181 0.355924
v -0.089736 0.660808 0.262352
v 0.005354 0.483479 0.263058
v -0.134197 0.641181 0.355924
v 0.005354 0.483479 0.263058
v -0.041532 0.462776 0.361297
v -0.089736 0.660808 0.262352
v -0.081989 0.66345 0.167105
v 0.013973 0.486473 0.162731
v -0.089736 0.660808 0.262352
v 0.013973 0.486473 0.162731
v 0.005354 0.483479 0.263058
v -0.081989 0.66345 0.167105
v -0.126839 0.642017 0.09588
v -0.033246 0.463908 0.087743
v -0.081989 0.66345 0.167105
v -0.033246 0.463908 0.087743
v 0.013973 0.486473 0.162731
v -0.126839 0.642017 0.09588
v -0.210446 0.603124 0.070657
v -0.121472 0.422872 0.061649
v -0.126839 0.642017 0.09588
v -0.121472 0.422872 0.061649
v -0.033246 0.463908 0.087743
v -0.210446 0.603124 0.070657
v -0.30544 0.559348 0.083978
v -0.221277 0.376881 0.075849
v -0.210446 0.603124 0.070657
v -0.221277 0.376881 0.075849
v -0.121472 0.422872 0.061649
v -0.30544 0.559348 0.083978
v -0.401497 0.515382 0.127942
v -0.322281 0.330647 0.121713
v -0.30544 0.559348 0.083978
v -0.322281 0.330647 0.121713
v -0.221277 0.376881 0.075849
v -0.322281 0.330647 0.121713
v -0.40902 0.291375 0.204804
v -0.315158 0.113529 0.210687
v -0.322281 0.330647 0.121713
v -0.315158 0.113529 0.210687
v -0.232956 0.150743 0.131538
v -0.40902 0.291375 0.204804
v -0.450287 0.27333 0.309082
v -0.354535 0.096305 0.309721
v -0.40902 0.291375 0.204804
v -0.354535 0.096305 0.309721
v -0.315158 0.113529 0.210687
v -0.450287 0.27333 0.309082
v -0.439575 0.279198 0.402158
v -0.344798 0.101681 0.39841
v -0.450287 0.27333 0.309082
v -0.344798 0.101681 0.39841
v -0.354535 0.096305 0.309721
v -0.439575 0.279198 0.402158
v -0.394871 0.300561 0.473152
v -0.302224 0.122026 0.466022
v -0.439575 0.279198 0.402158
v -0.302224 0.122026 0.466022
v -0.344798 0.101681 0.39841
v -0.394871 0.300561 0.473152
v -0.319549 0.335806 0.516703
v -0.230288 0.15568 0.507035
v -0.394871 0.300561 0.473152
v -0.230288 0.15568 0.507035
v -0.302224 0.122026 0.466022
v -0.319549 0.335806 0.516703
v -0.216576 0.38334 0.510421
v -0.132428 0.200852 0.500876
v -0.319549 0.335806 0.516703
v -0.132428 0.200852 0.500876
v -0.230288 0.15568 0.507035
v -0.216576 0.38334 0.510421
v -0.115732 0.429353 0.449729
v -0.036516 0.244618 0.4435
v -0.216576 0.38334 0.510421
v -0.036516 0.244618 0.4435
v -0.132428 0.200852 0.500876
v -0.115732 0.429353 0.449729
v -0.041532 0.462776 0.361297
v 0.034344 0.276542 0.359521
v -0.115732 0.429353 0.449729
v 0.034344 0.276542 0.359521
v -0.036516 0.244618 0.4435
v -0.041532 0.462776 0.361297
v 0.005354 0.483479 0.263058
v 0.078805 0.296169 0.265949
v -0.041532 0.462776 0.361297
v 0.078805 0.296169 0.265949
v 0.034344 0.276542 0.359521
v 0.005354 0.483479 0.263058
v 0.013973 0.486473 0.162731
v 0.086552 0.298811 0.170701
v 0.005354 0.483479 0.263058
v 0.086552 0.298811 0.170701
v 0.078805 0.296169 0.265949
v 0.013973 0.486473 0.162731
v -0.033246 0.463908 0.087743
v 0.041702 0.277378 0.099477
v 0.013973 0.486473 0.162731
v 0.041702 0.277378 0.099477
v 0.086552 0.298811 0.170701
v -0.033246 0.463908 0.087743
v -0.121472 0.422872 0.061649
v -0.041905 0.238485 0.074253
v -0.033246 0.463908 0.087743
v -0.041905 0.238485 0.074253
v 0.041702 0.277378 0.099477
v -0.121472 0.422872 0.061649
v -0.221277 0.376881 0.075849
v -0.136899 0.194709 0.087574
v -0.121472 0.422872 0.061649
v -0.136899 0.194709 0.087574
v -0.041905 0.238485 0.074253
v -0.221277 0.376881 0.075849
v -0.322281 0.330647 0.121713
v -0.232956 0.150743 0.131538
v -0.221277 0.376881 0.075849
v -0.232956 0.150743 0.131538
v -0.136899 0.194709 0.087574
v -0.232956 0.150743 0.131538
v -0.315158 0.113529 0.210687
v -0.21147 -0.03804 0.224091
v -0.232956 0.150743 0.131538
v -0.21147 -0.03804 0.224091
v -0.142265 -0.006719 0.156456
v -0.315158 0.113529 0.210687
v -0.354535 0.096305 0.309721
v -0.245289 -0.052844 0.307987
v -0.315158 0.113529 0.210687
v -0.245289 -0.052844 0.307987
v -0.21147 -0.03804 0.224091
v -0.354535 0.096305 0.309721
v -0.344798 0.101681 0.39841
v -0.238117 -0.048781 0.383847
v -0.354535 0.096305 0.309721
v -0.238117 -0.048781 0.383847
v -0.245289 -0.052844 0.307987
v -0.344798 0.101681 0.39841
v -0.302224 0.122026 0.466022
v -0.201756 -0.031405 0.44159
v -0.344798 0.101681 0.39841
v -0.201756 -0.031405 0.44159
v -0.238117 -0.048781 0.383847
v -0.302224 0.122026 0.466022
v -0.230288 0.15568 0.507035
v -0.139823 -0.002444 0.475476
v -0.302224 0.122026 0.466022
v -0.139823 -0.002444 0.475476
v -0.201756 -0.031405 0.44159
v -0.230288 0.15568 0.507035
v -0.132428 0.200852 0.500876
v -0.05676 0.035893 0.469781
v -0.230288 0.15568 0.507035
v -0.05676 0.035893 0.469781
v -0.139823 -0.002444 0.475476
v -0.132428 0.200852 0.500876
v -0.036516 0.244618 0.4435
v 0.024837 0.073135 0.421826
v -0.132428 0.200852 0.500876
v 0.024837 0.073135 0.421826
v -0.05676 0.035893 0.469781
v -0.036516 0.244618 0.4435
v 0.034344 0.276542 0.359521
v 0.085834 0.100627 0.350696
v -0.036516 0.244618 0.4435
v 0.085834 0.100627 0.350696
v 0.024837 0.073135 0.421826
v 0.034344 0.276542 0.359521
v 0.078805 0.296169 0.265949
v 0.123332 0.117171 0.270752
v 0.034344 0.276542 0.359521
v 0.123332 0.117171 0.270752
v 0.085834 0.100627 0.350696
v 0.078805 0.296169 0.265949
v 0.086552 0.298811 0.170701
v 0.128811 0.118909 0.190147
v 0.078805 0.296169 0.265949
v 0.128811 0.118909 0.190147
v 0.123332 0.117171 0.270752
v 0.086552 0.298811 0.170701
v 0.041702 0.277378 0.099477
v 0.090805 0.100746 0.129789
v 0.086552 0.298811 0.170701
v 0.090805 0.100746 0.129789
v 0.128811 0.118909 0.190147
v 0.041702 0.277378 0.099477
v -0.041905 0.238485 0.074253
v 0.020425 0.067994 0.107329
v 0.041702 0.277378 0.099477
v 0.020425 0.067994 0.107329
v 0.090805 0.100746 0.129789
v -0.041905 0.238485 0.074253
v -0.136899 0.194709 0.087574
v -0.060564 0.030667 0.118206
v -0.041905 0.238485 0.074253
v -0.060564 0.030667 0.118206
v 0.020425 0.067994 0.107329
v -0.136899 0.194709 0.087574
v -0.232956 0.150743 0.131538
v -0.142265 -0.006719 0.156456
v -0.136899 0.194709 0.087574
v -0.142265 -0.006719 0.156456
v -0.060564 0.030667 0.118206
v -0.142265 -0.006719 0.156456
v -0.21147 -0.03804 0.224091
v -0.108551 -0.148703 0.243514
v -0.142265 -0.006719 0.156456
v -0.108551 -0.148703 0.243514
v -0.059087 -0.126327 0.194027
v -0.21147 -0.03804 0.224091
v -0.245289 -0.052844 0.307987
v -0.133488 -0.159631 0.304075
v -0.21147 -0.03804 0.224091
v -0.133488 -0.159631 0.304075
v -0.108551 -0.148703 0.243514
v -0.245289 -0.052844 0.307987
v -0.238117 -0.048781 0.383847
v -0.129534 -0.157255 0.359662
v -0.245289 -0.052844 0.307987
v -0.129534 -0.157255 0.359662
v -0.133488 -0.159631 0.304075
v -0.238117 -0.048781 0.383847
v -0.201756 -0.031405 0.44159
v -0.102953 -0.144553 0.401875
v -0.238117 -0.048781 0.383847
v -0.102953 -0.144553 0.401875
v -0.129534 -0.157255 0.359662
v -0.201756 -0.031405 0.44159
v -0.139823 -0.002444 0.475476
v -0.057116 -0.123135 0.425359
v -0.201756 -0.031405 0.44159
v -0.057116 -0.123135 0.425359
v -0.102953 -0.144553 0.401875
v -0.139823 -0.002444 0.475476
v -0.05676 0.035893 0.469781
v 0.003026 -0.095382 0.420707
v -0.139823 -0.002444 0.475476
v 0.003026 -0.095382 0.420707
v -0.057116 -0.123135 0.425359
v -0.05676 0.035893 0.469781
v 0.024837 0.073135 0.421826
v 0.06232 -0.06831 0.38683
v -0.05676 0.035893 0.469781
v 0.06232 -0.06831 0.38683
v 0.003026 -0.095382 0.420707
v 0.024837 0.073135 0.421826
v 0.085834 0.100627 0.350696
v 0.107453 -0.047955 0.335498
v 0.024837 0.073135 0.421826
v 0.107453 -0.047955 0.335498
v 0.06232 -0.06831 0.38683
v 0.085834 0.100627 0.350696
v 0.123332 0.117171 0.270752
v 0.134331 -0.036108 0.277023
v 0.085834 0.100627 0.350696
v 0.134331 -0.036108 0.277023
v 0.107453 -0.047955 0.335498
v 0.123332 0.117171 0.270752
v 0.128811 0.118909 0.190147
v 0.137055 -0.035422 0.218931
v 0.123332 0.117171 0.270752
v 0.137055 -0.035422 0.218931
v 0.134331 -0.036108 0.277023
v 0.128811 0.118909 0.190147
v 0.090805 0.100746 0.129789
v 0.109605 -0.04854 0.175338
v 0.128811 0.118909 0.190147
v 0.109605 -0.04854 0.175338
v 0.137055 -0.035422 0.218931
v 0.090805 0.100746 0.129789
v 0.020425 0.067994 0.107329
v 0.059311 -0.071959 0.157885
v 0.090805 0.100746 0.129789
v 0.059311 -0.071959 0.157885
v 0.109605 -0.04854 0.175338
v 0.020425 0.067994 0.107329
v -0.060564 0.030667 0.118206
v 0.000263 -0.099179 0.165273
v 0.020425 0.067994 0.107329
v 0.000263 -0.099179 0.165273
v 0.059311 -0.071959 0.157885
v -0.060564 0.030667 0.118206
v -0.142265 -0.006719 0.156456
v -0.059087 -0.126327 0.194027
v -0.060564 0.030667 0.118206
v -0.059087 -0.126327 0.194027
v 0.000263 -0.099179 0.165273
v -0.059087 -0.126327 0.194027
v -0.108551 -0.148703 0.243514
v -0.017027 -0.207884 0.26682
v -0.059087 -0.126327 0.194027
v -0.017027 -0.207884 0.26682
v 0.008438 -0.196373 0.240574
v -0.108551 -0.148703 0.243514
v -0.133488 -0.159631 0.304075
v -0.030379 -0.213744 0.298399
v -0.108551 -0.148703 0.243514
v -0.030379 -0.213744 0.298399
v -0.017027 -0.207884 0.26682
v -0.133488 -0.159631 0.304075
v -0.129534 -0.157255 0.359662
v -0.029133 -0.212877 0.327936
v -0.133488 -0.159631 0.304075
v -0.029133 -0.212877 0.327936
v -0.030379 -0.213744 0.298399
v -0.129534 -0.157255 0.359662
v -0.102953 -0.144553 0.401875
v -0.01505 -0.206147 0.3503
v -0.129534 -0.157255 0.359662
v -0.01505 -0.206147 0.3503
v -0.029133 -0.212877 0.327936
v -0.102953 -0.144553 0.401875
v -0.057116 -0.123135 0.425359
v 0.009604 -0.194637 0.361894
v -0.102953 -0.144553 0.401875
v 0.009604 -0.194637 0.361894
v -0.01505 -0.206147 0.3503
v -0.057116 -0.123135 0.425359
v 0.003026 -0.095382 0.420707
v 0.041086 -0.180113 0.359108
v -0.057116 -0.123135 0.425359
v 0.041086 -0.180113 0.359108
v 0.009604 -0.194637 0.361894
v 0.003026 -0.095382 0.420707
v 0.06232 -0.06831 0.38683
v 0.072265 -0.165871 0.341936
v 0.003026 -0.095382 0.420707
v 0.072265 -0.165871 0.341936
v 0.041086 -0.180113 0.359108
v 0.06232 -0.06831 0.38683
v 0.107453 -0.047955 0.335498
v 0.096533 -0.154918 0.315179
v 0.06232 -0.06831 0.38683
v 0.096533 -0.154918 0.315179
v 0.072265 -0.165871 0.341936
v 0.107453 -0.047955 0.335498
v 0.134331 -0.036108 0.277023
v 0.110422 -0.148804 0.284177
v 0.107453 -0.047955 0.335498
v 0.110422 -0.148804 0.284177
v 0.096533 -0.154918 0.315179
v 0.134331 -0.036108 0.277023
v 0.137055 -0.035422 0.218931
v 0.111021 -0.148825 0.253949
v 0.134331 -0.036108 0.277023
v 0.111021 -0.148825 0.253949
v 0.110422 -0.148804 0.284177
v 0.137055 -0.035422 0.218931
v 0.109605 -0.04854 0.175338
v 0.096698 -0.15567 0.231203
v 0.137055 -0.035422 0.218931
v 0.096698 -0.15567 0.231203
v 0.111021 -0.148825 0.253949
v 0.109605 -0.04854 0.175338
v 0.059311 -0.071959 0.157885
v 0.070813 -0.167732 0.221275
v 0.109605 -0.04854 0.175338
v 0.070813 -0.167732 0.221275
v 0.096698 -0.15567 0.231203
v 0.059311 -0.071959 0.157885
v 0.000263 -0.099179 0.165273
v 0.039633 -0.182109 0.224818
v 0.059311 -0.071959 0.157885
v 0.039633 -0.182109 0.224818
v 0.070813 -0.167732 0.221275
v 0.000263 -0.099179 0.165273
v -0.059087 -0.126327 0.194027
v 0.008438 -0.196373 0.240574
v 0.000263 -0.099179 0.165273
v 0.008438 -0.196373 0.240574
v 0.039633 -0.182109 0.224818
v 0.008438 -0.196373 0.240574
v -0.017027 -0.207884 0.26682
v 0.053699 -0.209998 0.29154
v -0.017027 -0.207884 0.26682
v -0.030379 -0.213744 0.298399
v 0.053699 -0.209998 0.29154
v -0.030379 -0.213744 0.298399
v -0.029133 -0.212877 0.327936
v 0.053699 -0.209998 0.29154
v -0.029133 -0.212877 0.327936
v -0.01505 -0.206147 0.3503
v 0.053699 -0.209998 0.29154
v -0.01505 -0.206147 0.3503
v 0.009604 -0.194637 0.361894
v 0.053699 -0.209998 0.29154
v 0.009604 -0.194637 0.361894
v 0.041086 -0.180113 0.359108
v 0.053699 -0.209998 0.29154
v 0.041086 -0.180113 0.359108
v 0.072265 -0.165871 0.341936
v 0.053699 -0.209998 0.29154
v 0.072265 -0.165871 0.341936
v 0.096533 -0.154918 0.315179
v 0.053699 -0.209998 0.29154
v 0.096533 -0.154918 0.315179
v 0.110422 -0.148804 0.284177
v 0.053699 -0.209998 0.29154
v 0.110422 -0.148804 0.284177
v 0.111021 -0.148825 0.253949
v 0.053699 -0.209998 0.29154
v 0.111021 -0.148825 0.253949
v 0.096698 -0.15567 0.231203
v 0.053699 -0.209998 0.29154
v 0.096698 -0.15567 0.231203
v 0.070813 -0.167732 0.221275
v 0.053699 -0.209998 0.29154
v 0.070813 -0.167732 0.221275
v 0.039633 -0.182109 0.224818
v 0.053699 -0.209998 0.29154
v 0.039633 -0.182109 0.224818
v 0.008438 -0.196373 0.240574
v 0.053699 -0.209998 0.29154
vn -0.657729 0.669959 -0.344306
vn -0.657729 0.669959 -0.344306
vn -0.657729 0.669959 -0.344306
vn -0.729471 0.658153 -0.186298
vn -0.729471 0.658153 -0.186298
vn -0.729471 0.658153 -0.186298
vn -0.730455 0.682876 0.010768
vn -0.730455 0.682876 0.010768
vn -0.730455 0.682876 0.010768
vn -0.657542 0.727729 0.195064
vn -0.657542 0.727729 0.195064
vn -0.657542 0.727729 0.195064
vn -0.524061 0.781507 0.338536
vn -0.524061 0.781507 0.338536
vn -0.524061 0.781507 0.338536
vn -0.350408 0.839298 0.415684
vn -0.350408 0.839298 0.415684
vn -0.350408 0.839298 0.415684
vn -0.186117 0.895332 0.404649
vn -0.186117 0.895332 0.404649
vn -0.186117 0.895332 0.404649
vn -0.074744 0.944812 0.318972
vn -0.074744 0.944812 0.318972
vn -0.074744 0.944812 0.318972
vn -0.025698 0.982904 0.18232
vn -0.025698 0.982904 0.18232
vn -0.025698 0.982904 0.18232
vn -0.041338 0.999144 -0.001513
vn -0.041338 0.999144 -0.001513
vn -0.041338 0.999144 -0.001513
vn -0.131466 0.969076 -0.208827
vn -0.131466 0.969076 -0.208827
vn -0.131466 0.969076 -0.208827
vn -0.272638 0.888611 -0.368834
vn -0.272638 0.888611 -0.368834
vn -0.272638 0.888611 -0.368834
vn -0.416886 0.795964 -0.438917
vn -0.416886 0.795964 -0.438917
vn -0.416886 0.795964 -0.438917
vn -0.545799 0.719706 -0.4291
vn -0.545799 0.719706 -0.4291
vn -0.545799 0.719706 -0.4291
vn -0.746666 0.222016 -0.627055
vn -0.746666 0.222016 -0.627055
vn -0.746666 0.222016 -0.627055
vn -0.737808 0.218654 -0.638616
vn -0.737808 0.218654 -0.638616
vn -0.737808 0.218654 -0.638616
vn -0.917074 0.184344 -0.353542
vn -0.917074 0.184344 -0.353542
vn -0.917074 0.184344 -0.353542
vn -0.919667 0.18806 -0.344741
vn -0.919667 0.18806 -0.344741
vn -0.919667 0.18806 -0.344741
vn -0.976966 0.210498 0.03504
vn -0.976966 0.210498 0.03504
vn -0.976966 0.210498 0.03504
vn -0.972848 0.223626 0.059645
vn -0.972848 0.223626 0.059645
vn -0.972848 0.223626 0.059645
vn -0.844706 0.30423 0.440358
vn -0.844706 0.30423 0.440358
vn -0.844706 0.30423 0.440358
vn -0.844706 0.30423 0.440358
vn -0.844706 0.30423 0.440358
vn -0.844706 0.30423 0.440358
vn -0.540698 0.429581 0.72326
vn -0.540698 0.429581 0.72326
vn -0.540698 0.429581 0.72326
vn -0.560915 0.414901 0.716402
vn -0.560915 0.414901 0.716402
vn -0.560915 0.414901 0.716402
vn -0.177514 0.54234 0.821192
vn -0.177514 0.54234 0.821192
vn -0.177514 0.54234 0.821192
vn -0.184193 0.537135 0.82314
vn -0.184193 0.537135 0.82314
vn -0.184193 0.537135 0.82314
vn 0.130923 0.633158 0.762869
vn 0.130923 0.633158 0.762869
vn 0.130923 0.633158 0.762869
vn 0.138164 0.64157 0.754519
vn 0.138164 0.64157 0.754519
vn 0.138164 0.64157 0.754519
vn 0.342696 0.718691 0.605015
vn 0.342696 0.718691 0.605015
vn 0.342696 0.718691 0.605015
vn 0.345998 0.72737 0.592636
vn 0.345998 0.72737 0.592636
vn 0.345998 0.72737 0.592636
vn 0.458609 0.810123 0.36521
vn 0.458609 0.810123 0.36521
vn 0.458609 0.810123 0.36521
vn 0.459518 0.805404 0.374389
vn 0.459518 0.805404 0.374389
vn 0.459518 0.805404 0.374389
vn 0.466085 0.884698 0.008632
vn 0.466085 0.884698 0.008632
vn 0.466085 0.884698 0.008632
vn 0.47738 0.878086 0.03276
vn 0.47738 0.878086 0.03276
vn 0.47738 0.878086 0.03276
vn 0.299695 0.844958 -0.442977
vn 0.299695 0.844958 -0.442977
vn 0.299695 0.844958 -0.442977
vn 0.299695 0.844958 -0.442977
vn 0.299695 0.844958 -0.442977
vn 0.299695 0.844958 -0.442977
vn -0.009073 0.64697 -0.762462
vn -0.009073 0.64697 -0.762462
vn -0.009073 0.64697 -0.762462
vn -0.031852 0.640335 -0.767435
vn -0.031852 0.640335 -0.767435
vn -0.031852 0.640335 -0.767435
vn -0.30012 0.442663 -0.844972
vn -0.30012 0.442663 -0.844972
vn -0.30012 0.442663 -0.844972
vn -0.308684 0.440881 -0.842816
vn -0.308684 0.440881 -0.842816
vn -0.308684 0.440881 -0.842816
vn -0.537129 0.306805 -0.785725
vn -0.537129 0.306805 -0.785725
vn -0.537129 0.306805 -0.785725
vn -0.524944 0.306641 -0.79398
vn -0.524944 0.306641 -0.79398
vn -0.524944 0.306641 -0.79398
vn -0.706346 -0.004036 -0.707856
vn -0.706346 -0.004036 -0.707856
vn -0.706346 -0.004036 -0.707856
vn -0.697214 -0.007407 -0.716825
vn -0.697214 -0.007407 -0.716825
vn -0.697214 -0.007407 -0.716825
vn -0.918013 -0.069148 -0.390475
vn -0.918013 -0.069148 -0.390475
vn -0.918013 -0.069148 -0.390475
vn -0.92139 -0.065798 -0.38303
vn -0.92139 -0.065798 -0.38303
vn -0.92139 -0.065798 -0.38303
vn -0.99511 -0.065871 0.073602
vn -0.99511 -0.065871 0.073602
vn -0.99511 -0.065871 0.073602
vn -0.99389 -0.053018 0.096808
vn -0.99389 -0.053018 0.096808
vn -0.99389 -0.053018 0.096808
vn -0.849345 0.025228 0.527235
vn -0.849345 0.025228 0.527235
vn -0.849345 0.025228 0.527235
vn -0.849345 0.025228 0.527235
vn -0.849345 0.025228 0.527235
vn -0.849345 0.025228 0.527235
vn -0.512939 0.176647 0.840053
vn -0.512939 0.176647 0.840053
vn -0.512939 0.176647 0.840053
vn -0.530252 0.159716 0.832661
vn -0.530252 0.159716 0.832661
vn -0.530252 0.159716 0.832661
vn -0.082021 0.335076 0.938614
vn -0.082021 0.335076 0.938614
vn -0.082021 0.335076 0.938614
vn -0.087519 0.329271 0.940171
vn -0.087519 0.329271 0.940171
vn -0.087519 0.329271 0.940171
vn 0.27479 0.456853 0.846036
vn 0.27479 0.456853 0.846036
vn 0.27479 0.456853 0.846036
vn 0.280697 0.465677 0.839258
vn 0.280697 0.465677 0.839258
vn 0.280697 0.465677 0.839258
vn 0.506327 0.550741 0.663564
vn 0.506327 0.550741 0.663564
vn 0.506327 0.550741 0.663564
vn 0.50969 0.559703 0.653413
vn 0.50969 0.559703 0.653413
vn 0.50969 0.559703 0.653413
vn 0.641905 0.638605 0.424431
vn 0.641905 0.638605 0.424431
vn 0.641905 0.638605 0.424431
vn 0.641825 0.633493 0.432143
vn 0.641825 0.633493 0.432143
vn 0.641825 0.633493 0.432143
vn 0.692926 0.719842 0.040999
vn 0.692926 0.719842 0.040999
vn 0.692926 0.719842 0.040999
vn 0.700624 0.710749 0.06295
vn 0.700624 0.710749 0.06295
vn 0.700624 0.710749 0.06295
vn 0.516645 0.673919 -0.528121
vn 0.516645 0.673919 -0.528121
vn 0.516645 0.673919 -0.528121
vn 0.516645 0.673919 -0.528121
vn 0.516645 0.673919 -0.528121
vn 0.516645 0.673919 -0.528121
vn 0.110795 0.429854 -0.896075
vn 0.110795 0.429854 -0.896075
vn 0.110795 0.429854 -0.896075
vn 0.088597 0.426795 -0.899998
vn 0.088597 0.426795 -0.899998
vn 0.088597 0.426795 -0.899998
vn -0.220881 0.221361 -0.949848
vn -0.220881 0.221361 -0.949848
vn -0.220881 0.221361 -0.949848
vn -0.229122 0.220888 -0.948004
vn -0.229122 0.220888 -0.948004
vn -0.229122 0.220888 -0.948004
vn -0.468344 0.093273 -0.878609
vn -0.468344 0.093273 -0.878609
vn -0.468344 0.093273 -0.878609
vn -0.456408 0.091962 -0.885005
vn -0.456408 0.091962 -0.885005
vn -0.456408 0.091962 -0.885005
vn -0.659767 -0.137547 -0.738775
vn -0.659767 -0.137547 -0.738775
vn -0.659767 -0.137547 -0.738775
vn -0.653265 -0.139673 -0.744134
vn -0.653265 -0.139673 -0.744134
vn -0.653265 -0.139673 -0.744134
vn -0.889889 -0.222843 -0.398044
vn -0.889889 -0.222843 -0.398044
vn -0.889889 -0.222843 -0.398044
vn -0.892517 -0.220787 -0.393277
vn -0.892517 -0.220787 -0.393277
vn -0.892517 -0.220787 -0.393277
vn -0.966363 -0.23523 0.103966
vn -0.966363 -0.23523 0.103966
vn -0.966363 -0.23523 0.103966
vn -0.966549 -0.22675 0.119861
vn -0.966549 -0.22675 0.119861
vn -0.966549 -0.22675 0.119861
vn -0.815265 -0.151436 0.558936
vn -0.815265 -0.151436 0.558936
vn -0.815265 -0.151436 0.558936
vn -0.815265 -0.151436 0.558936
vn -0.815265 -0.151436 0.558936
vn -0.815265 -0.151436 0.558936
vn -0.481731 0.004886 0.876306
vn -0.481731 0.004886 0.876306
vn -0.481731 0.004886 0.876306
vn -0.492617 -0.007542 0.870214
vn -0.492617 -0.007542 0.870214
vn -0.492617 -0.007542 0.870214
vn -0.022673 0.194775 0.980586
vn -0.022673 0.194775 0.980586
vn -0.022673 0.194775 0.980586
vn -0.026172 0.190507 0.981337
vn -0.026172 0.190507 0.981337
vn -0.026172 0.190507 0.981337
vn 0.355099 0.342185 0.869951
vn 0.355099 0.342185 0.869951
vn 0.355099 0.342185 0.869951
vn 0.358951 0.34849 0.865857
vn 0.358951 0.34849 0.865857
vn 0.358951 0.34849 0.865857
vn 0.589962 0.440992 0.676367
vn 0.589962 0.440992 0.676367
vn 0.589962 0.440992 0.676367
vn 0.592512 0.447279 0.669979
vn 0.592512 0.447279 0.669979
vn 0.592512 0.447279 0.669979
vn 0.72844 0.517646 0.448797
vn 0.72844 0.517646 0.448797
vn 0.72844 0.517646 0.448797
vn 0.727921 0.514082 0.453707
vn 0.727921 0.514082 0.453707
vn 0.727921 0.514082 0.453707
vn 0.806805 0.586949 0.0675
vn 0.806805 0.586949 0.0675
vn 0.806805 0.586949 0.0675
vn 0.810345 0.580188 0.082002
vn 0.810345 0.580188 0.082002
vn 0.810345 0.580188 0.082002
vn 0.636634 0.529845 -0.560323
vn 0.636634 0.529845 -0.560323
vn 0.636634 0.529845 -0.560323
vn 0.636634 0.529845 -0.560323
vn 0.636634 0.529845 -0.560323
vn 0.636634 0.529845 -0.560323
vn 0.173229 0.276066 -0.945399
vn 0.173229 0.276066 -0.945399
vn 0.173229 0.276066 -0.945399
vn 0.158016 0.275315 -0.948279
vn 0.158016 0.275315 -0.948279
vn 0.158016 0.275315 -0.948279
vn -0.170831 0.084606 -0.981661
vn -0.170831 0.084606 -0.981661
vn -0.170831 0.084606 -0.981661
vn -0.176538 0.084672 -0.980645
vn -0.176538 0.084672 -0.980645
vn -0.176538 0.084672 -0.980645
vn -0.411665 -0.032173 -0.910767
vn -0.411665 -0.032173 -0.910767
vn -0.411665 -0.032173 -0.910767
vn -0.403301 -0.033282 -0.914462
vn -0.403301 -0.033282 -0.914462
vn -0.403301 -0.033282 -0.914462
vn -0.615998 -0.237077 -0.751227
vn -0.615998 -0.237077 -0.751227
vn -0.615998 -0.237077 -0.751227
vn -0.613638 -0.237746 -0.752944
vn -0.613638 -0.237746 -0.752944
vn -0.613638 -0.237746 -0.752944
vn -0.85318 -0.337286 -0.397897
vn -0.85318 -0.337286 -0.397897
vn -0.85318 -0.337286 -0.397897
vn -0.854183 -0.336647 -0.396284
vn -0.854183 -0.336647 -0.396284
vn -0.854183 -0.336647 -0.396284
vn -0.924862 -0.359744 0.123345
vn -0.924862 -0.359744 0.123345
vn -0.924862 -0.359744 0.123345
vn -0.925189 -0.356918 0.128978
vn -0.925189 -0.356918 0.128978
vn -0.925189 -0.356918 0.128978
vn -0.77144 -0.281712 0.570542
vn -0.77144 -0.281712 0.570542
vn -0.77144 -0.281712 0.570542
vn -0.77144 -0.281712 0.570542
vn -0.77144 -0.281712 0.570542
vn -0.77144 -0.281712 0.570542
vn -0.445478 -0.127707 0.886138
vn -0.445478 -0.127707 0.886138
vn -0.445478 -0.127707 0.886138
vn -0.449075 -0.132204 0.883659
vn -0.449075 -0.132204 0.883659
vn -0.449075 -0.132204 0.883659
vn 0.024325 0.083142 0.996241
vn 0.024325 0.083142 0.996241
vn 0.024325 0.083142 0.996241
vn 0.023137 0.081569 0.996399
vn 0.023137 0.081569 0.996399
vn 0.023137 0.081569 0.996399
vn 0.409834 0.251377 0.876838
vn 0.409834 0.251377 0.876838
vn 0.409834 0.251377 0.876838
vn 0.41119 0.253675 0.875541
vn 0.41119 0.253675 0.875541
vn 0.41119 0.253675 0.875541
vn 0.643735 0.354782 0.678038
vn 0.643735 0.354782 0.678038
vn 0.643735 0.354782 0.678038
vn 0.644727 0.357032 0.675911
vn 0.644727 0.357032 0.675911
vn 0.644727 0.357032 0.675911
vn 0.781834 0.421077 0.459815
vn 0.781834 0.421077 0.459815
vn 0.781834 0.421077 0.459815
vn 0.781528 0.419831 0.461472
vn 0.781528 0.419831 0.461472
vn 0.781528 0.419831 0.461472
vn 0.876817 0.473352 0.084446
vn 0.876817 0.473352 0.084446
vn 0.876817 0.473352 0.084446
vn 0.877607 0.470962 0.089451
vn 0.877607 0.470962 0.089451
vn 0.877607 0.470962 0.089451
vn 0.7154 0.402037 -0.571462
vn 0.7154 0.402037 -0.571462
vn 0.7154 0.402037 -0.571462
vn 0.7154 0.402037 -0.571462
vn 0.7154 0.402037 -0.571462
vn 0.7154 0.402037 -0.571462
vn 0.218159 0.15583 -0.963392
vn 0.218159 0.15583 -0.963392
vn 0.218159 0.15583 -0.963392
vn 0.21279 0.155885 -0.964583
vn 0.21279 0.155885 -0.964583
vn 0.21279 0.155885 -0.964583
vn -0.131413 -0.016459 -0.991191
vn -0.131413 -0.016459 -0.991191
vn -0.131413 -0.016459 -0.991191
vn -0.133455 -0.016355 -0.99092
vn -0.133455 -0.016355 -0.99092
vn -0.133455 -0.016355 -0.99092
vn -0.364875 -0.125354 -0.92258
vn -0.364875 -0.125354 -0.92258
vn -0.364875 -0.125354 -0.92258
vn -0.361865 -0.125762 -0.923709
vn -0.361865 -0.125762 -0.923709
vn -0.361865 -0.125762 -0.923709
vn -0.572353 -0.326949 -0.752008
vn -0.572353 -0.326949 -0.752008
vn -0.572353 -0.326949 -0.752008
vn -0.574782 -0.326371 -0.750405
vn -0.574782 -0.326371 -0.750405
vn -0.574782 -0.326371 -0.750405
vn -0.807338 -0.43811 -0.395304
vn -0.807338 -0.43811 -0.395304
vn -0.807338 -0.43811 -0.395304
vn -0.80627 -0.438656 -0.396875
vn -0.80627 -0.438656 -0.396875
vn -0.80627 -0.438656 -0.396875
vn -0.873503 -0.469112 0.130104
vn -0.873503 -0.469112 0.130104
vn -0.873503 -0.469112 0.130104
vn -0.872929 -0.471713 0.124429
vn -0.872929 -0.471713 0.124429
vn -0.872929 -0.471713 0.124429
vn -0.718711 -0.395792 0.571667
vn -0.718711 -0.395792 0.571667
vn -0.718711 -0.395792 0.571667
vn -0.718711 -0.395792 0.571667
vn -0.718711 -0.395792 0.571667
vn -0.718711 -0.395792 0.571667
vn -0.397181 -0.244303 0.884626
vn -0.397181 -0.244303 0.884626
vn -0.397181 -0.244303 0.884626
vn -0.393762 -0.239774 0.887389
vn -0.393762 -0.239774 0.887389
vn -0.393762 -0.239774 0.887389
vn 0.070022 -0.019875 0.997347
vn 0.070022 -0.019875 0.997347
vn 0.070022 -0.019875 0.997347
vn 0.071192 -0.018248 0.997296
vn 0.071192 -0.018248 0.997296
vn 0.071192 -0.018248 0.997296
vn 0.452463 0.164466 0.876486
vn 0.452463 0.164466 0.876486
vn 0.452463 0.164466 0.876486
vn 0.451063 0.162089 0.87765
vn 0.451063 0.162089 0.87765
vn 0.451063 0.162089 0.87765
vn 0.68399 0.272217 0.676798
vn 0.68399 0.272217 0.676798
vn 0.68399 0.272217 0.676798
vn 0.682887 0.269939 0.678821
vn 0.682887 0.269939 0.678821
vn 0.682887 0.269939 0.678821
vn 0.823056 0.329885 0.462337
vn 0.823056 0.329885 0.462337
vn 0.823056 0.329885 0.462337
vn 0.823469 0.331105 0.460726
vn 0.823469 0.331105 0.460726
vn 0.823469 0.331105 0.460726
vn 0.927549 0.362576 0.090506
vn 0.927549 0.362576 0.090506
vn 0.927549 0.362576 0.090506
vn 0.927119 0.364876 0.085529
vn 0.927119 0.364876 0.085529
vn 0.927119 0.364876 0.085529
vn 0.77405 0.275148 -0.570211
vn 0.77405 0.275148 -0.570211
vn 0.77405 0.275148 -0.570211
vn 0.77405 0.275148 -0.570211
vn 0.77405 0.275148 -0.570211
vn 0.77405 0.275148 -0.570211
vn 0.262894 0.047572 -0.963651
vn 0.262894 0.047572 -0.963651
vn 0.262894 0.047572 -0.963651
vn 0.268291 0.047276 -0.962177
vn 0.268291 0.047276 -0.962177
vn 0.268291 0.047276 -0.962177
vn -0.091894 -0.106286 -0.99008
vn -0.091894 -0.106286 -0.99008
vn -0.091894 -0.106286 -0.99008
vn -0.089812 -0.106447 -0.990254
vn -0.089812 -0.106447 -0.990254
vn -0.089812 -0.106447 -0.990254
vn -0.322626 -0.210587 -0.922803
vn -0.322626 -0.210587 -0.922803
vn -0.322626 -0.210587 -0.922803
vn -0.325697 -0.210185 -0.921815
vn -0.325697 -0.210185 -0.921815
vn -0.325697 -0.210185 -0.921815
vn -0.522018 -0.422629 -0.740865
vn -0.522018 -0.422629 -0.740865
vn -0.522018 -0.422629 -0.740865
vn -0.529153 -0.42132 -0.736537
vn -0.529153 -0.42132 -0.736537
vn -0.529153 -0.42132 -0.736537
vn -0.744915 -0.541085 -0.390294
vn -0.744915 -0.541085 -0.390294
vn -0.744915 -0.541085 -0.390294
vn -0.741708 -0.542305 -0.394683
vn -0.741708 -0.542305 -0.394683
vn -0.741708 -0.542305 -0.394683
vn -0.80383 -0.581893 0.123521
vn -0.80383 -0.581893 0.123521
vn -0.80383 -0.581893 0.123521
vn -0.801488 -0.588307 0.10729
vn -0.801488 -0.588307 0.10729
vn -0.801488 -0.588307 0.10729
vn -0.647798 -0.513751 0.56251
vn -0.647798 -0.513751 0.56251
vn -0.647798 -0.513751 0.56251
vn -0.647798 -0.513751 0.56251
vn -0.647798 -0.513751 0.56251
vn -0.647798 -0.513751 0.56251
vn -0.328166 -0.361897 0.872546
vn -0.328166 -0.361897 0.872546
vn -0.328166 -0.361897 0.872546
vn -0.318862 -0.349103 0.881167
vn -0.318862 -0.349103 0.881167
vn -0.318862 -0.349103 0.881167
vn 0.121774 -0.129635 0.984056
vn 0.121774 -0.129635 0.984056
vn 0.121774 -0.129635 0.984056
vn 0.125106 -0.124869 0.984254
vn 0.125106 -0.124869 0.984254
vn 0.125106 -0.124869 0.984254
vn 0.490093 0.065486 0.869207
vn 0.490093 0.065486 0.869207
vn 0.490093 0.065486 0.869207
vn 0.485846 0.058473 0.872087
vn 0.485846 0.058473 0.872087
vn 0.485846 0.058473 0.872087
vn 0.718206 0.176455 0.673085
vn 0.718206 0.176455 0.673085
vn 0.718206 0.176455 0.673085
vn 0.714652 0.169928 0.678526
vn 0.714652 0.169928 0.678526
vn 0.714652 0.169928 0.678526
vn 0.860536 0.22631 0.456357
vn 0.860536 0.22631 0.456357
vn 0.860536 0.22631 0.456357
vn 0.862025 0.229648 0.451857
vn 0.862025 0.229648 0.451857
vn 0.862025 0.229648 0.451857
vn 0.967864 0.236571 0.085284
vn 0.967864 0.236571 0.085284
vn 0.967864 0.236571 0.085284
vn 0.967529 0.242584 0.071002
vn 0.967529 0.242584 0.071002
vn 0.967529 0.242584 0.071002
vn 0.820272 0.132543 -0.556404
vn 0.820272 0.132543 -0.556404
vn 0.820272 0.132543 -0.556404
vn 0.820272 0.132543 -0.556404
vn 0.820272 0.132543 -0.556404
vn 0.820272 0.132543 -0.556404
vn 0.3169 -0.067681 -0.946041
vn 0.3169 -0.067681 -0.946041
vn 0.3169 -0.067681 -0.946041
vn 0.332311 -0.069045 -0.940639
vn 0.332311 -0.069045 -0.940639
vn 0.332311 -0.069045 -0.940639
vn -0.043642 -0.202971 -0.978212
vn -0.043642 -0.202971 -0.978212
vn -0.043642 -0.202971 -0.978212
vn -0.03758 -0.203543 -0.978344
vn -0.03758 -0.203543 -0.978344
vn -0.03758 -0.203543 -0.978344
vn -0.27781 -0.304198 -0.9112
vn -0.27781 -0.304198 -0.9112
vn -0.27781 -0.304198 -0.9112
vn -0.286746 -0.303133 -0.908783
vn -0.286746 -0.303133 -0.908783
vn -0.286746 -0.303133 -0.908783
vn -0.448877 -0.54214 -0.710348
vn -0.448877 -0.54214 -0.710348
vn -0.448877 -0.54214 -0.710348
vn -0.459817 -0.540976 -0.704212
vn -0.459817 -0.540976 -0.704212
vn -0.459817 -0.540976 -0.704212
vn -0.646452 -0.662974 -0.377578
vn -0.646452 -0.662974 -0.377578
vn -0.646452 -0.662974 -0.377578
vn -0.64155 -0.66405 -0.383993
vn -0.64155 -0.66405 -0.383993
vn -0.64155 -0.66405 -0.383993
vn -0.691295 -0.715098 0.103663
vn -0.691295 -0.715098 0.103663
vn -0.691295 -0.715098 0.103663
vn -0.687046 -0.722225 0.079742
vn -0.687046 -0.722225 0.079742
vn -0.687046 -0.722225 0.079742
vn -0.535088 -0.654666 0.533941
vn -0.535088 -0.654666 0.533941
vn -0.535088 -0.654666 0.533941
vn -0.535088 -0.654667 0.533941
vn -0.535088 -0.654667 0.533941
vn -0.535088 -0.654667 0.533941
vn -0.223559 -0.5005 0.836374
vn -0.223559 -0.5005 0.836374
vn -0.223559 -0.5005 0.836374
vn -0.210385 -0.482213 0.850417
vn -0.210385 -0.482213 0.850417
vn -0.210385 -0.482213 0.850417
vn 0.188255 -0.267524 0.944982
vn 0.188255 -0.267524 0.944982
vn 0.188255 -0.267524 0.944982
vn 0.193305 -0.260343 0.945968
vn 0.193305 -0.260343 0.945968
vn 0.193305 -0.260343 0.945968
vn 0.528752 -0.069185 0.845952
vn 0.528752 -0.069185 0.845952
vn 0.528752 -0.069185 0.845952
vn 0.52175 -0.079892 0.84935
vn 0.52175 -0.079892 0.84935
vn 0.52175 -0.079892 0.84935
vn 0.750421 0.041712 0.659643
vn 0.750421 0.041712 0.659643
vn 0.750421 0.041712 0.659643
vn 0.744251 0.032169 0.667125
vn 0.744251 0.032169 0.667125
vn 0.744251 0.032169 0.667125
vn 0.89565 0.082152 0.437106
vn 0.89565 0.082152 0.437106
vn 0.89565 0.082152 0.437106
vn 0.89841 0.086681 0.430517
vn 0.89841 0.086681 0.430517
vn 0.89841 0.086681 0.430517
vn 0.995421 0.066059 0.069092
vn 0.995421 0.066059 0.069092
vn 0.995421 0.066059 0.069092
vn 0.996165 0.07343 0.047583
vn 0.996165 0.07343 0.047583
vn 0.996165 0.07343 0.047583
vn 0.852014 -0.051653 -0.520964
vn 0.852014 -0.051653 -0.520964
vn 0.852014 -0.051653 -0.520964
vn 0.852014 -0.051653 -0.520964
vn 0.852014 -0.051653 -0.520964
vn 0.852014 -0.051653 -0.520964
vn 0.386762 -0.216364 -0.896438
vn 0.386762 -0.216364 -0.896438
vn 0.386762 -0.216364 -0.896438
vn 0.409243 -0.218736 -0.885819
vn 0.409243 -0.218736 -0.885819
vn 0.409243 -0.218736 -0.885819
vn 0.025426 -0.330124 -0.943595
vn 0.025426 -0.330124 -0.943595
vn 0.025426 -0.330124 -0.943595
vn 0.034615 -0.331022 -0.942988
vn 0.034615 -0.331022 -0.942988
vn 0.034615 -0.331022 -0.942988
vn -0.216178 -0.426256 -0.878393
vn -0.216178 -0.426256 -0.878393
vn -0.216178 -0.426256 -0.878393
vn -0.229778 -0.425006 -0.875541
vn -0.229778 -0.425006 -0.875541
vn -0.229778 -0.425006 -0.875541
vn -0.303678 -0.716822 -0.627651
vn -0.303678 -0.716822 -0.627651
vn -0.303678 -0.716822 -0.627651
vn -0.315907 -0.717262 -0.621078
vn -0.315907 -0.717262 -0.621078
vn -0.315907 -0.717262 -0.621078
vn -0.452202 -0.826475 -0.335339
vn -0.452202 -0.826475 -0.335339
vn -0.452202 -0.826475 -0.335339
vn -0.447135 -0.826339 -0.342395
vn -0.447135 -0.826339 -0.342395
vn -0.447135 -0.826339 -0.342395
vn -0.466153 -0.881862 0.070852
vn -0.466153 -0.881862 0.070852
vn -0.466153 -0.881862 0.070852
vn -0.462255 -0.885578 0.045509
vn -0.462255 -0.885578 0.045509
vn -0.462255 -0.885578 0.045509
vn -0.318932 -0.833283 0.451577
vn -0.318932 -0.833283 0.451577
vn -0.318932 -0.833283 0.451577
vn -0.318932 -0.833283 0.451577
vn -0.318932 -0.833283 0.451577
vn -0.318932 -0.833283 0.451577
vn -0.049192 -0.688301 0.723756
vn -0.049192 -0.688301 0.723756
vn -0.049192 -0.688301 0.723756
vn -0.035295 -0.670727 0.740864
vn -0.035295 -0.670727 0.740864
vn -0.035295 -0.670727 0.740864
vn 0.284391 -0.476891 0.831683
vn 0.284391 -0.476891 0.831683
vn 0.284391 -0.476891 0.831683
vn 0.290325 -0.469298 0.833949
vn 0.290325 -0.469298 0.833949
vn 0.290325 -0.469298 0.833949
vn 0.57184 -0.294113 0.765831
vn 0.57184 -0.294113 0.765831
vn 0.57184 -0.294113 0.765831
vn 0.562651 -0.30568 0.768104
vn 0.562651 -0.30568 0.768104
vn 0.562651 -0.30568 0.768104
vn 0.773586 -0.193595 0.603395
vn 0.773586 -0.193595 0.603395
vn 0.773586 -0.193595 0.603395
vn 0.765218 -0.203104 0.610893
vn 0.765218 -0.203104 0.610893
vn 0.765218 -0.203104 0.610893
vn 0.908143 -0.168335 0.383326
vn 0.908143 -0.168335 0.383326
vn 0.908143 -0.168335 0.383326
vn 0.911871 -0.164528 0.376061
vn 0.911871 -0.164528 0.376061
vn 0.911871 -0.164528 0.376061
vn 0.976566 -0.210817 0.043307
vn 0.976566 -0.210817 0.043307
vn 0.976566 -0.210817 0.043307
vn 0.978291 -0.206311 0.01955
vn 0.978291 -0.206311 0.01955
vn 0.978291 -0.206311 0.01955
vn 0.841069 -0.326305 -0.431425
vn 0.841069 -0.326305 -0.431425
vn 0.841069 -0.326305 -0.431425
vn 0.841069 -0.326305 -0.431425
vn 0.841069 -0.326305 -0.431425
vn 0.841069 -0.326305 -0.431425
vn 0.471761 -0.446555 -0.760283
vn 0.471761 -0.446555 -0.760283
vn 0.471761 -0.446555 -0.760283
vn 0.494432 -0.447995 -0.744874
vn 0.494432 -0.447995 -0.744874
vn 0.494432 -0.447995 -0.744874
vn 0.140989 -0.532382 -0.834681
vn 0.140989 -0.532382 -0.834681
vn 0.140989 -0.532382 -0.834681
vn 0.151119 -0.532908 -0.832569
vn 0.151119 -0.532908 -0.832569
vn 0.151119 -0.532908 -0.832569
vn -0.098048 -0.614639 -0.782691
vn -0.098048 -0.614639 -0.782691
vn -0.098048 -0.614639 -0.782691
vn -0.113402 -0.614442 -0.78077
vn -0.113402 -0.614442 -0.78077
vn -0.113402 -0.614442 -0.78077
vn 0.08667 -0.940547 -0.328422
vn 0.08667 -0.940547 -0.328422
vn 0.08667 -0.940547 -0.328422
vn 0.030004 -0.984971 -0.170092
vn 0.030004 -0.984971 -0.170092
vn 0.030004 -0.984971 -0.170092
vn 0.046717 -0.998534 0.027351
vn 0.046717 -0.998534 0.027351
vn 0.046717 -0.998534 0.027351
vn 0.126739 -0.969061 0.211799
vn 0.126739 -0.969061 0.211799
vn 0.126739 -0.969061 0.211799
vn 0.253111 -0.899903 0.355119
vn 0.253111 -0.899903 0.355119
vn 0.253111 -0.899903 0.355119
vn 0.409067 -0.803826 0.431889
vn 0.409067 -0.803826 0.431889
vn 0.409067 -0.803826 0.431889
vn 0.558281 -0.715174 0.420533
vn 0.558281 -0.715174 0.420533
vn 0.558281 -0.715174 0.420533
vn 0.668777 -0.663794 0.334837
vn 0.668777 -0.663794 0.334837
vn 0.668777 -0.663794 0.334837
vn 0.730594 -0.653335 0.198457
vn 0.730594 -0.653335 0.198457
vn 0.730594 -0.653335 0.198457
vn 0.73421 -0.678756 0.015036
vn 0.73421 -0.678756 0.015036
vn 0.73421 -0.678756 0.015036
vn 0.654468 -0.731291 -0.192057
vn 0.654468 -0.731291 -0.192057
vn 0.654468 -0.731291 -0.192057
vn 0.502911 -0.789288 -0.352285
vn 0.502911 -0.789288 -0.352285
vn 0.502911 -0.789288 -0.352285
vn 0.339406 -0.840275 -0.422779
vn 0.339406 -0.840275 -0.422779
vn 0.339406 -0.840275 -0.422779
vn 0.197721 -0.8889 -0.413234
vn 0.197721 -0.8889 -0.413234
vn 0.197721 -0.8889 -0.413234
f 2269//2269 2271//2271 2270//2270
f 2272//2272 2274//2274 2273//2273
f 2275//2275 2277//2277 2276//2276
f 2278//2278 2280//2280 2279//2279
f 2281//2281 2283//2283 2282//2282
f 2284//2284 2286//2286 2285//2285
f 2287//2287 2289//2289 2288//2288
f 2290//2290 2292//2292 2291//2291
f 2293//2293 2295//2295 2294//2294
f 2296//2296 2298//2298 2297//2297
f 2299//2299 2301//2301 2300//2300
f 2302//2302 2304//2304 2303//2303
f 2305//2305 2307//2307 2306//2306
f 2308//2308 2310//2310 2309//2309
f 2311//2311 2313//2313 2312//2312
f 2314//2314 2316//2316 2315//2315
f 2317//2317 2319//2319 2318//2318
f 2320//2320 2322//2322 2321//2321
f 2323//2323 2325//2325 2324//2324
f 2326//2326 2328//2328 2327//2327
f 2329//2329 2331//2331 2330//2330
f 2332//2332 2334//2334 2333//2333
f 2335//2335 2337//2337 2336//2336
f 2338//2338 2340//2340 2339//2339
f 2341//2341 2343//2343 2342//2342
f 2344//2344 2346//2346 2345//2345
f 2347//2347 2349//2349 2348//2348
f 2350//2350 2352//2352 2351//2351
f 2353//2353 2355//2355 2354//2354
f 2356//2356 2358//2358 2357//2357
f 2359//2359 2361//2361 2360//2360
f 2362//2362 2364//2364 2363//2363
f 2365//2365 2367//2367 2366//2366
f 2368//2368 2370//2370 2369//2369
f 2371//2371 2373//2373 2372//2372
f 2374//2374 2376//2376 2375//2375
f 2377//2377 2379//2379 2378//2378
f 2380//2380 2382//2382 2381//2381
f 2383//2383 2385//2385 2384//2384
f 2386//2386 2388//2388 2387//2387
f 2389//2389 2391//2391 2390//2390
f 2392//2392 2394//2394 2393//2393
f 2395//2395 2397//2397 2396//2396
f 2398//2398 2400//2400 2399//2399
f 2401//2401 2403//2403 2402//2402
f 2404//2404 2406//2406 2405//2405
f 2407//2407 2409//2409 2408//2408
f 2410//2410 2412//2412 2411//2411
f 2413//2413 2415//2415 2414//2414
f 2416//2416 2418//2418 2417//2417
f 2419//2419 2421//2421 2420//2420
f 2422//2422 2424//2424 2423//2423
f 2425//2425 2427//2427 2426//2426
f 2428//2428 2430//2430 2429//2429
f 2431//2431 2433//2433 2432//2432
f 2434//2434 2436//2436 2435//2435
f 2437//2437 2439//2439 2438//2438
f 2440//2440 2442//2442 2441//2441
f 2443//2443 2445//2445 2444//2444
f 2446//2446 2448//2448 2447//2447
f 2449//2449 2451//2451 2450//2450
f 2452//2452 2454//2454 2453//2453
f 2455//2455 2457//2457 2456//2456
f 2458//2458 2460//2460 2459//2459
f 2461//2461 2463//2463 2462//2462
f 2464//2464 2466//2466 2465//2465
f 2467//2467 2469//2469 2468//2468
f 2470//2470 2472//2472 2471//2471
f 2473//2473 2475//2475 2474//2474
f 2476//2476 2478//2478 2477//2477
f 2479//2479 2481//2481 2480//2480
f 2482//2482 2484//2484 2483//2483
f 2485//2485 2487//2487 2486//2486
f 2488//2488 2490//2490 2489//2489
f 2491//2491 2493//2493 2492//2492
f 2494//2494 2496//2496 2495//2495
f 2497//2497 2499//2499 2498//2498
f 2500//2500 2502//2502 2501//2501
f 2503//2503 2505//2505 2504//2504
f 2506//2506 2508//2508 2507//2507
f 2509//2509 2511//2511 2510//2510
f 2512//2512 2514//2514 2513//2513
f 2515//2515 2517//2517 2516//2516
f 2518//2518 2520//2520 2519//2519
f 2521//2521 2523//2523 2522//2522
f 2524//2524 2526//2526 2525//2525
f 2527//2527 2529//2529 2528//2528
f 2530//2530 2532//2532 2531//2531
f 2533//2533 2535//2535 2534//2534
f 2536//2536 2538//2538 2537//2537
f 2539//2539 2541//2541 2540//2540
f 2542//2542 2544//2544 2543//2543
f 2545//2545 2547//2547 2546//2546
f 2548//2548 2550//2550 2549//2549
f 2551//2551 2553//2553 2552//2552
f 2554//2554 2556//2556 2555//2555
f 2557//2557 2559//2559 2558//2558
f 2560//2560 2562//2562 2561//2561
f 2563//2563 2565//2565 2564//2564
f 2566//2566 2568//2568 2567//2567
f 2569//2569 2571//2571 2570//2570
f 2572//2572 2574//2574 2573//2573
f 2575//2575 2577//2577 2576//2576
f 2578//2578 2580//2580 2579//2579
f 2581//2581 2583//2583 2582//2582
f 2584//2584 2586//2586 2585//2585
f 2587//2587 2589//2589 2588//2588
f 2590//2590 2592//2592 2591//2591
f 2593//2593 2595//2595 2594//2594
f 2596//2596 2598//2598 2597//2597
f 2599//2599 2601//2601 2600//2600
f 2602//2602 2604//2604 2603//2603
f 2605//2605 2607//2607 2606//2606
f 2608//2608 2610//2610 2609//2609
f 2611//2611 2613//2613 2612//2612
f 2614//2614 2616//2616 2615//2615
f 2617//2617 2619//2619 2618//2618
f 2620//2620 2622//2622 2621//2621
f 2623//2623 2625//2625 2624//2624
f 2626//2626 2628//2628 2627//2627
f 2629//2629 2631//2631 2630//2630
f 2632//2632 2634//2634 2633//2633
f 2635//2635 2637//2637 2636//2636
f 2638//2638 2640//2640 2639//2639
f 2641//2641 2643//2643 2642//2642
f 2644//2644 2646//2646 2645//2645
f 2647//2647 2649//2649 2648//2648
f 2650//2650 2652//2652 2651//2651
f 2653//2653 2655//2655 2654//2654
f 2656//2656 2658//2658 2657//2657
f 2659//2659 2661//2661 2660//2660
f 2662//2662 2664//2664 2663//2663
f 2665//2665 2667//2667 2666//2666
f 2668//2668 2670//2670 2669//2669
f 2671//2671 2673//2673 2672//2672
f 2674//2674 2676//2676 2675//2675
f 2677//2677 2679//2679 2678//2678
f 2680//2680 2682//2682 2681//2681
f 2683//2683 2685//2685 2684//2684
f 2686//2686 2688//2688 2687//2687
f 2689//2689 2691//2691 2690//2690
f 2692//2692 2694//2694 2693//2693
f 2695//2695 2697//2697 2696//2696
f 2698//2698 2700//2700 2699//2699
f 2701//2701 2703//2703 2702//2702
f 2704//2704 2706//2706 2705//2705
f 2707//2707 2709//2709 2708//2708
f 2710//2710 2712//2712 2711//2711
f 2713//2713 2715//2715 2714//2714
f 2716//2716 2718//2718 2717//2717
f 2719//2719 2721//2721 2720//2720
f 2722//2722 2724//2724 2723//2723
f 2725//2725 2727//2727 2726//2726
f 2728//2728 2730//2730 2729//2729
f 2731//2731 2733//2733 2732//2732
f 2734//2734 2736//2736 2735//2735
f 2737//2737 2739//2739 2738//2738
f 2740//2740 2742//2742 2741//2741
f 2743//2743 2745//2745 2744//2744
f 2746//2746 2748//2748 2747//2747
f 2749//2749 2751//2751 2750//2750
f 2752//2752 2754//2754 2753//2753
f 2755//2755 2757//2757 2756//2756
f 2758//2758 2760//2760 2759//2759
f 2761//2761 2763//2763 2762//2762
f 2764//2764 2766//2766 2765//2765
f 2767//2767 2769//2769 2768//2768
f 2770//2770 2772//2772 2771//2771
f 2773//2773 2775//2775 2774//2774
f 2776//2776 2778//2778 2777//2777
f 2779//2779 2781//2781 2780//2780
f 2782//2782 2784//2784 2783//2783
f 2785//2785 2787//2787 2786//2786
f 2788//2788 2790//2790 2789//2789
f 2791//2791 2793//2793 2792//2792
f 2794//2794 2796//2796 2795//2795
f 2797//2797 2799//2799 2798//2798
f 2800//2800 2802//2802 2801//2801
f 2803//2803 2805//2805 2804//2804
f 2806//2806 2808//2808 2807//2807
f 2809//2809 2811//2811 2810//2810
f 2812//2812 2814//2814 2813//2813
f 2815//2815 2817//2817 2816//2816
f 2818//2818 2820//2820 2819//2819
f 2821//2821 2823//2823 2822//2822
f 2824//2824 2826//2826 2825//2825
f 2827//2827 2829//2829 2828//2828
f 2830//2830 2832//2832 2831//2831
f 2833//2833 2835//2835 2834//2834
f 2836//2836 2838//2838 2837//2837
f 2839//2839 2841//2841 2840//2840
f 2842//2842 2844//2844 2843//2843
f 2845//2845 2847//2847 2846//2846
f 2848//2848 2850//2850 2849//2849
f 2851//2851 2853//2853 2852//2852
f 2854//2854 2856//2856 2855//2855
f 2857//2857 2859//2859 2858//2858
f 2860//2860 2862//2862 2861//2861
f 2863//2863 2865//2865 2864//2864
f 2866//2866 2868//2868 2867//2867
f 2869//2869 2871//2871 2870//2870
f 2872//2872 2874//2874 2873//2873
f 2875//2875 2877//2877 2876//2876
f 2878//2878 2880//2880 2879//2879
f 2881//2881 2883//2883 2882//2882
f 2884//2884 2886//2886 2885//2885
f 2887//2887 2889//2889 2888//2888
f 2890//2890 2892//2892 2891//2891
f 2893//2893 2895//2895 2894//2894
f 2896//2896 2898//2898 2897//2897
f 2899//2899 2901//2901 2900//2900
f 2902//2902 2904//2904 2903//2903
f 2905//2905 2907//2907 2906//2906
f 2908//2908 2910//2910 2909//2909
f 2911//2911 2913//2913 2912//2912
f 2914//2914 2916//2916 2915//2915
f 2917//2917 2919//2919 2918//2918
f 2920//2920 2922//2922 2921//2921
f 2923//2923 2925//2925 2924//2924
f 2926//2926 2928//2928 2927//2927
f 2929//2929 2931//2931 2930//2930
f 2932//2932 2934//2934 2933//2933
f 2935//2935 2937//2937 2936//2936
f 2938//2938 2940//2940 2939//2939
f 2941//2941 2943//2943 2942//2942
f 2944//2944 2946//2946 2945//2945
f 2947//2947 2949//2949 2948//2948
f 2950//2950 2952//2952 2951//2951
f 2953//2953 2955//2955 2954//2954
f 2956//2956 2958//2958 2957//2957
f 2959//2959 2961//2961 2960//2960
f 2962//2962 2964//2964 2963//2963
f 2965//2965 2967//2967 2966//2966
f 2968//2968 2970//2970 2969//2969
f 2971//2971 2973//2973 2972//2972
f 2974//2974 2976//2976 2975//2975
f 2977//2977 2979//2979 2978//2978
f 2980//2980 2982//2982 2981//2981
f 2983//2983 2985//2985 2984//2984
f 2986//2986 2988//2988 2987//2987
f 2989//2989 2991//2991 2990//2990
f 2992//2992 2994//2994 2993//2993
f 2995//2995 2997//2997 2996//2996
f 2998//2998 3000//3000 2999//2999
f 3001//3001 3003//3003 3002//3002
f 3004//3004 3006//3006 3005//3005
f 3007//3007 3009//3009 3008//3008
f 3010//3010 3012//3012 3011//3011
f 3013//3013 3015//3015 3014//3014
f 3016//3016 3018//3018 3017//3017
f 3019//3019 3021//3021 3020//3020
f 3022//3022 3024//3024 3023//3023
o Wax_leaf
usemtl Mint
v 0.080045 0.969214 -0.065741
v 0.150134 0.96663 -0.092172
v 0.148462 0.966045 -0.053874
v 0.080045 0.969214 -0.065741
v 0.139735 0.96162 -0.124984
v 0.150134 0.96663 -0.092172
v 0.080045 0.969214 -0.065741
v 0.120148 0.952395 -0.145133
v 0.139735 0.96162 -0.124984
v 0.080045 0.969214 -0.065741
v 0.095885 0.941068 -0.150305
v 0.120148 0.952395 -0.145133
v 0.080045 0.969214 -0.065741
v 0.070848 0.92946 -0.139669
v 0.095885 0.941068 -0.150305
v 0.080045 0.969214 -0.065741
v 0.05001 0.919887 -0.113516
v 0.070848 0.92946 -0.139669
v 0.080045 0.969214 -0.065741
v 0.038493 0.914705 -0.077317
v 0.05001 0.919887 -0.113516
v 0.080045 0.969214 -0.065741
v 0.038003 0.914669 -0.039573
v 0.038493 0.914705 -0.077317
v 0.080045 0.969214 -0.065741
v 0.047652 0.919329 -0.006761
v 0.038003 0.914669 -0.039573
v 0.080045 0.969214 -0.065741
v 0.066352 0.928151 0.015298
v 0.047652 0.919329 -0.006761
v 0.080045 0.969214 -0.065741
v 0.091029 0.939671 0.020559
v 0.066352 0.928151 0.015298
v 0.080045 0.969214 -0.065741
v 0.115896 0.951189 0.007786
v 0.091029 0.939671 0.020559
v 0.080045 0.969214 -0.065741
v 0.136038 0.960437 -0.018675
v 0.115896 0.951189 0.007786
v 0.080045 0.969214 -0.065741
v 0.148462 0.966045 -0.053874
v 0.136038 0.960437 -0.018675
v 0.148462 0.966045 -0.053874
v 0.150134 0.96663 -0.092172
v 0.24124 0.907093 -0.1162
v 0.148462 0.966045 -0.053874
v 0.24124 0.907093 -0.1162
v 0.237046 0.905511 -0.042877
v 0.150134 0.96663 -0.092172
v 0.139735 0.96162 -0.124984
v 0.220816 0.897264 -0.178612
v 0.150134 0.96663 -0.092172
v 0.220816 0.897264 -0.178612
v 0.24124 0.907093 -0.1162
v 0.139735 0.96162 -0.124984
v 0.120148 0.952395 -0.145133
v 0.1828 0.879371 -0.215296
v 0.139735 0.96162 -0.124984
v 0.1828 0.879371 -0.215296
v 0.220816 0.897264 -0.178612
v 0.120148 0.952395 -0.145133
v 0.095885 0.941068 -0.150305
v 0.137003 0.85799 -0.225059
v 0.120148 0.952395 -0.145133
v 0.137003 0.85799 -0.225059
v 0.1828 0.879371 -0.215296
v 0.095885 0.941068 -0.150305
v 0.070848 0.92946 -0.139669
v 0.089234 0.835834 -0.206661
v 0.095885 0.941068 -0.150305
v 0.089234 0.835834 -0.206661
v 0.137003 0.85799 -0.225059
v 0.070848 0.92946 -0.139669
v 0.05001 0.919887 -0.113516
v 0.049001 0.817345 -0.15718
v 0.070848 0.92946 -0.139669
v 0.049001 0.817345 -0.15718
v 0.089234 0.835834 -0.206661
v 0.05001 0.919887 -0.113516
v 0.038493 0.914705 -0.077317
v 0.027872 0.807857 -0.087467
v 0.05001 0.919887 -0.113516
v 0.027872 0.807857 -0.087467
v 0.049001 0.817345 -0.15718
v 0.038493 0.914705 -0.077317
v 0.038003 0.914669 -0.039573
v 0.027956 0.808257 -0.01615
v 0.038493 0.914705 -0.077317
v 0.027956 0.808257 -0.01615
v 0.027872 0.807857 -0.087467
v 0.038003 0.914669 -0.039573
v 0.047652 0.919329 -0.006761
v 0.045665 0.816822 0.046261
v 0.038003 0.914669 -0.039573
v 0.045665 0.816822 0.046261
v 0.027956 0.808257 -0.01615
v 0.047652 0.919329 -0.006761
v 0.066352 0.928151 0.015298
v 0.080473 0.833255 0.089861
v 0.047652 0.919329 -0.006761
v 0.080473 0.833255 0.089861
v 0.045665 0.816822 0.046261
v 0.066352 0.928151 0.015298
v 0.091029 0.939671 0.020559
v 0.127767 0.855335 0.099943
v 0.066352 0.928151 0.015298
v 0.127767 0.855335 0.099943
v 0.080473 0.833255 0.089861
v 0.091029 0.939671 0.020559
v 0.115896 0.951189 0.007786
v 0.174919 0.877165 0.073814
v 0.091029 0.939671 0.020559
v 0.174919 0.877165 0.073814
v 0.127767 0.855335 0.099943
v 0.115896 0.951189 0.007786
v 0.136038 0.960437 -0.018675
v 0.212636 0.894476 0.023218
v 0.115896 0.951189 0.007786
v 0.212636 0.894476 0.023218
v 0.174919 0.877165 0.073814
v 0.136038 0.960437 -0.018675
v 0.148462 0.966045 -0.053874
v 0.237046 0.905511 -0.042877
v 0.136038 0.960437 -0.018675
v 0.237046 0.905511 -0.042877
v 0.212636 0.894476 0.023218
v 0.237046 0.905511 -0.042877
v 0.24124 0.907093 -0.1162
v 0.344007 0.796227 -0.135266
v 0.237046 0.905511 -0.042877
v 0.344007 0.796227 -0.135266
v 0.337127 0.793536 -0.033825
v 0.24124 0.907093 -0.1162
v 0.220816 0.897264 -0.178612
v 0.315193 0.782371 -0.221168
v 0.24124 0.907093 -0.1162
v 0.315193 0.782371 -0.221168
v 0.344007 0.796227 -0.135266
v 0.220816 0.897264 -0.178612
v 0.1828 0.879371 -0.215296
v 0.262036 0.757365 -0.269869
v 0.220816 0.897264 -0.178612
v 0.262036 0.757365 -0.269869
v 0.315193 0.782371 -0.221168
v 0.1828 0.879371 -0.215296
v 0.137003 0.85799 -0.225059
v 0.199389 0.728118 -0.283224
v 0.1828 0.879371 -0.215296
v 0.199389 0.728118 -0.283224
v 0.262036 0.757365 -0.269869
v 0.137003 0.85799 -0.225059
v 0.089234 0.835834 -0.206661
v 0.133482 0.697538 -0.259904
v 0.137003 0.85799 -0.225059
v 0.133482 0.697538 -0.259904
v 0.199389 0.728118 -0.283224
v 0.089234 0.835834 -0.206661
v 0.049001 0.817345 -0.15718
v 0.077454 0.671785 -0.192087
v 0.089234 0.835834 -0.206661
v 0.077454 0.671785 -0.192087
v 0.133482 0.697538 -0.259904
v 0.049001 0.817345 -0.15718
v 0.027872 0.807857 -0.087467
v 0.049222 0.659126 -0.095198
v 0.049001 0.817345 -0.15718
v 0.049222 0.659126 -0.095198
v 0.077454 0.671785 -0.192087
v 0.027872 0.807857 -0.087467
v 0.027956 0.808257 -0.01615
v 0.050446 0.66019 0.002441
v 0.027872 0.807857 -0.087467
v 0.050446 0.66019 0.002441
v 0.049222 0.659126 -0.095198
v 0.027956 0.808257 -0.01615
v 0.045665 0.816822 0.046261
v 0.074118 0.671651 0.088343
v 0.027956 0.808257 -0.01615
v 0.074118 0.671651 0.088343
v 0.050446 0.66019 0.002441
v 0.045665 0.816822 0.046261
v 0.080473 0.833255 0.089861
v 0.121195 0.693892 0.150144
v 0.045665 0.816822 0.046261
v 0.121195 0.693892 0.150144
v 0.074118 0.671651 0.088343
v 0.080473 0.833255 0.089861
v 0.127767 0.855335 0.099943
v 0.186678 0.724463 0.164103
v 0.080473 0.833255 0.089861
v 0.186678 0.724463 0.164103
v 0.121195 0.693892 0.150144
v 0.127767 0.855335 0.099943
v 0.174919 0.877165 0.073814
v 0.251418 0.754425 0.126138
v 0.127767 0.855335 0.099943
v 0.251418 0.754425 0.126138
v 0.186678 0.724463 0.164103
v 0.174919 0.877165 0.073814
v 0.212636 0.894476 0.023218
v 0.302678 0.777946 0.056209
v 0.174919 0.877165 0.073814
v 0.302678 0.777946 0.056209
v 0.251418 0.754425 0.126138
v 0.212636 0.894476 0.023218
v 0.237046 0.905511 -0.042877
v 0.337127 0.793536 -0.033825
v 0.212636 0.894476 0.023218
v 0.337127 0.793536 -0.033825
v 0.302678 0.777946 0.056209
v 0.337127 0.793536 -0.033825
v 0.344007 0.796227 -0.135266
v 0.447831 0.644632 -0.147248
v 0.337127 0.793536 -0.033825
v 0.447831 0.644632 -0.147248
v 0.438906 0.641081 -0.027606
v 0.344007 0.796227 -0.135266
v 0.315193 0.782371 -0.221168
v 0.413427 0.628096 -0.248233
v 0.344007 0.796227 -0.135266
v 0.413427 0.628096 -0.248233
v 0.447831 0.644632 -0.147248
v 0.315193 0.782371 -0.221168
v 0.262036 0.757365 -0.269869
v 0.35031 0.598415 -0.304133
v 0.315193 0.782371 -0.221168
v 0.35031 0.598415 -0.304133
v 0.413427 0.628096 -0.248233
v 0.262036 0.757365 -0.269869
v 0.199389 0.728118 -0.283224
v 0.276957 0.56417 -0.319769
v 0.262036 0.757365 -0.269869
v 0.276957 0.56417 -0.319769
v 0.35031 0.598415 -0.304133
v 0.199389 0.728118 -0.283224
v 0.133482 0.697538 -0.259904
v 0.199358 0.528157 -0.293867
v 0.199389 0.728118 -0.283224
v 0.199358 0.528157 -0.293867
v 0.276957 0.56417 -0.319769
v 0.133482 0.697538 -0.259904
v 0.077454 0.671785 -0.192087
v 0.133001 0.497652 -0.214361
v 0.133482 0.697538 -0.259904
v 0.133001 0.497652 -0.214361
v 0.199358 0.528157 -0.293867
v 0.077454 0.671785 -0.192087
v 0.049222 0.659126 -0.095198
v 0.100454 0.483073 -0.099754
v 0.077454 0.671785 -0.192087
v 0.100454 0.483073 -0.099754
v 0.133001 0.497652 -0.214361
v 0.049222 0.659126 -0.095198
v 0.050446 0.66019 0.002441
v 0.102729 0.484712 0.014635
v 0.049222 0.659126 -0.095198
v 0.102729 0.484712 0.014635
v 0.100454 0.483073 -0.099754
v 0.050446 0.66019 0.002441
v 0.074118 0.671651 0.088343
v 0.130026 0.497937 0.115619
v 0.050446 0.66019 0.002441
v 0.130026 0.497937 0.115619
v 0.102729 0.484712 0.014635
v 0.074118 0.671651 0.088343
v 0.121195 0.693892 0.150144
v 0.184742 0.523797 0.189623
v 0.074118 0.671651 0.088343
v 0.184742 0.523797 0.189623
v 0.130026 0.497937 0.115619
v 0.121195 0.693892 0.150144
v 0.186678 0.724463 0.164103
v 0.262014 0.559872 0.206095
v 0.121195 0.693892 0.150144
v 0.262014 0.559872 0.206095
v 0.184742 0.523797 0.189623
v 0.186678 0.724463 0.164103
v 0.251418 0.754425 0.126138
v 0.338 0.595031 0.159952
v 0.186678 0.724463 0.164103
v 0.338 0.595031 0.159952
v 0.262014 0.559872 0.206095
v 0.251418 0.754425 0.126138
v 0.302678 0.777946 0.056209
v 0.397767 0.622452 0.077529
v 0.251418 0.754425 0.126138
v 0.397767 0.622452 0.077529
v 0.338 0.595031 0.159952
v 0.302678 0.777946 0.056209
v 0.337127 0.793536 -0.033825
v 0.438906 0.641081 -0.027606
v 0.302678 0.777946 0.056209
v 0.438906 0.641081 -0.027606
v 0.397767 0.622452 0.077529
v 0.438906 0.641081 -0.027606
v 0.447831 0.644632 -0.147248
v 0.542109 0.466944 -0.150769
v 0.438906 0.641081 -0.027606
v 0.542109 0.466944 -0.150769
v 0.532422 0.46307 -0.024827
v 0.447831 0.644632 -0.147248
v 0.413427 0.628096 -0.248233
v 0.505743 0.449468 -0.256951
v 0.447831 0.644632 -0.147248
v 0.505743 0.449468 -0.256951
v 0.542109 0.466944 -0.150769
v 0.413427 0.628096 -0.248233
v 0.35031 0.598415 -0.304133
v 0.43915 0.418155 -0.315237
v 0.413427 0.628096 -0.248233
v 0.43915 0.418155 -0.315237
v 0.505743 0.449468 -0.256951
v 0.35031 0.598415 -0.304133
v 0.276957 0.56417 -0.319769
v 0.362129 0.382197 -0.331656
v 0.35031 0.598415 -0.304133
v 0.362129 0.382197 -0.331656
v 0.43915 0.418155 -0.315237
v 0.276957 0.56417 -0.319769
v 0.199358 0.528157 -0.293867
v 0.280492 0.344308 -0.304968
v 0.276957 0.56417 -0.319769
v 0.280492 0.344308 -0.304968
v 0.362129 0.382197 -0.331656
v 0.199358 0.528157 -0.293867
v 0.133001 0.497652 -0.214361
v 0.210542 0.31215 -0.22145
v 0.199358 0.528157 -0.293867
v 0.210542 0.31215 -0.22145
v 0.280492 0.344308 -0.304968
v 0.133001 0.497652 -0.214361
v 0.100454 0.483073 -0.099754
v 0.176553 0.29693 -0.100688
v 0.133001 0.497652 -0.214361
v 0.176553 0.29693 -0.100688
v 0.210542 0.31215 -0.22145
v 0.100454 0.483073 -0.099754
v 0.102729 0.484712 0.014635
v 0.179248 0.298794 0.019445
v 0.100454 0.483073 -0.099754
v 0.179248 0.298794 0.019445
v 0.176553 0.29693 -0.100688
v 0.102729 0.484712 0.014635
v 0.130026 0.497937 0.115619
v 0.207758 0.312611 0.125625
v 0.102729 0.484712 0.014635
v 0.207758 0.312611 0.125625
v 0.179248 0.298794 0.019445
v 0.130026 0.497937 0.115619
v 0.184742 0.523797 0.189623
v 0.265061 0.339698 0.203928
v 0.130026 0.497937 0.115619
v 0.265061 0.339698 0.203928
v 0.207758 0.312611 0.125625
v 0.184742 0.523797 0.189623
v 0.262014 0.559872 0.206095
v 0.346416 0.377679 0.22127
v 0.184742 0.523797 0.189623
v 0.346416 0.377679 0.22127
v 0.265061 0.339698 0.203928
v 0.262014 0.559872 0.206095
v 0.338 0.595031 0.159952
v 0.426269 0.414624 0.172206
v 0.262014 0.559872 0.206095
v 0.426269 0.414624 0.172206
v 0.346416 0.377679 0.22127
v 0.338 0.595031 0.159952
v 0.397767 0.622452 0.077529
v 0.488934 0.443373 0.085461
v 0.338 0.595031 0.159952
v 0.488934 0.443373 0.085461
v 0.426269 0.414624 0.172206
v 0.397767 0.622452 0.077529
v 0.438906 0.641081 -0.027606
v 0.532422 0.46307 -0.024828
v 0.397767 0.622452 0.077529
v 0.532422 0.46307 -0.024828
v 0.488934 0.443373 0.085461
v 0.532422 0.46307 -0.024827
v 0.542109 0.466944 -0.150769
v 0.617445 0.280478 -0.145404
v 0.532422 0.46307 -0.024827
v 0.617445 0.280478 -0.145404
v 0.608521 0.276927 -0.025762
v 0.542109 0.466944 -0.150769
v 0.505743 0.449468 -0.256951
v 0.583042 0.263942 -0.246389
v 0.542109 0.466944 -0.150769
v 0.583042 0.263942 -0.246389
v 0.617445 0.280478 -0.145404
v 0.505743 0.449468 -0.256951
v 0.43915 0.418155 -0.315237
v 0.519924 0.234261 -0.302289
v 0.505743 0.449468 -0.256951
v 0.519924 0.234261 -0.302289
v 0.583042 0.263942 -0.246389
v 0.43915 0.418155 -0.315237
v 0.362129 0.382197 -0.331656
v 0.446572 0.200016 -0.317925
v 0.43915 0.418155 -0.315237
v 0.446572 0.200016 -0.317925
v 0.519924 0.234261 -0.302289
v 0.362129 0.382197 -0.331656
v 0.280492 0.344308 -0.304968
v 0.368973 0.164003 -0.292023
v 0.362129 0.382197 -0.331656
v 0.368973 0.164003 -0.292023
v 0.446572 0.200016 -0.317925
v 0.280492 0.344308 -0.304968
v 0.210542 0.31215 -0.22145
v 0.302615 0.133498 -0.212517
v 0.280492 0.344308 -0.304968
v 0.302615 0.133498 -0.212517
v 0.368973 0.164003 -0.292023
v 0.210542 0.31215 -0.22145
v 0.176553 0.29693 -0.100688
v 0.270069 0.118919 -0.09791
v 0.210542 0.31215 -0.22145
v 0.270069 0.118919 -0.09791
v 0.302615 0.133498 -0.212517
v 0.176553 0.29693 -0.100688
v 0.179248 0.298794 0.019445
v 0.272344 0.120558 0.016479
v 0.176553 0.29693 -0.100688
v 0.272344 0.120558 0.016479
v 0.270069 0.118919 -0.09791
v 0.179248 0.298794 0.019445
v 0.207758 0.312611 0.125625
v 0.299641 0.133783 0.117462
v 0.179248 0.298794 0.019445
v 0.299641 0.133783 0.117462
v 0.272344 0.120558 0.016479
v 0.207758 0.312611 0.125625
v 0.265061 0.339698 0.203928
v 0.354356 0.159643 0.191466
v 0.207758 0.312611 0.125625
v 0.354356 0.159643 0.191466
v 0.299641 0.133783 0.117462
v 0.265061 0.339698 0.203928
v 0.346416 0.377679 0.22127
v 0.431629 0.195718 0.207939
v 0.265061 0.339698 0.203928
v 0.431629 0.195718 0.207939
v 0.354356 0.159643 0.191466
v 0.346416 0.377679 0.22127
v 0.426269 0.414624 0.172206
v 0.507614 0.230877 0.161796
v 0.346416 0.377679 0.22127
v 0.507614 0.230877 0.161796
v 0.431629 0.195718 0.207939
v 0.426269 0.414624 0.172206
v 0.488934 0.443373 0.085461
v 0.567382 0.258298 0.079373
v 0.426269 0.414624 0.172206
v 0.567382 0.258298 0.079373
v 0.507614 0.230877 0.161796
v 0.488934 0.443373 0.085461
v 0.532422 0.46307 -0.024828
v 0.608521 0.276927 -0.025762
v 0.488934 0.443373 0.085461
v 0.608521 0.276927 -0.025762
v 0.567382 0.258298 0.079373
v 0.608521 0.276927 -0.025762
v 0.617445 0.280478 -0.145404
v 0.666633 0.103565 -0.131758
v 0.608521 0.276927 -0.025762
v 0.666633 0.103565 -0.131758
v 0.659753 0.100874 -0.030318
v 0.617445 0.280478 -0.145404
v 0.583042 0.263942 -0.246389
v 0.637819 0.089709 -0.217661
v 0.617445 0.280478 -0.145404
v 0.637819 0.089709 -0.217661
v 0.666633 0.103565 -0.131758
v 0.583042 0.263942 -0.246389
v 0.519924 0.234261 -0.302289
v 0.584662 0.064703 -0.266362
v 0.583042 0.263942 -0.246389
v 0.584662 0.064703 -0.266362
v 0.637819 0.089709 -0.217661
v 0.519924 0.234261 -0.302289
v 0.446572 0.200016 -0.317925
v 0.522015 0.035456 -0.279716
v 0.519924 0.234261 -0.302289
v 0.522015 0.035456 -0.279716
v 0.584662 0.064703 -0.266362
v 0.446572 0.200016 -0.317925
v 0.368973 0.164003 -0.292023
v 0.456108 0.004876 -0.256397
v 0.446572 0.200016 -0.317925
v 0.456108 0.004876 -0.256397
v 0.522015 0.035456 -0.279716
v 0.368973 0.164003 -0.292023
v 0.302615 0.133498 -0.212517
v 0.40008 -0.020877 -0.18858
v 0.368973 0.164003 -0.292023
v 0.40008 -0.020877 -0.18858
v 0.456108 0.004876 -0.256397
v 0.302615 0.133498 -0.212517
v 0.270069 0.118919 -0.09791
v 0.371848 -0.033536 -0.091691
v 0.302615 0.133498 -0.212517
v 0.371848 -0.033536 -0.091691
v 0.40008 -0.020877 -0.18858
v 0.270069 0.118919 -0.09791
v 0.272344 0.120558 0.016479
v 0.373072 -0.032472 0.005948
v 0.270069 0.118919 -0.09791
v 0.373072 -0.032472 0.005948
v 0.371848 -0.033536 -0.091691
v 0.272344 0.120558 0.016479
v 0.299641 0.133783 0.117462
v 0.396744 -0.021011 0.09185
v 0.272344 0.120558 0.016479
v 0.396744 -0.021011 0.09185
v 0.373072 -0.032472 0.005948
v 0.299641 0.133783 0.117462
v 0.354356 0.159643 0.191466
v 0.443821 0.00123 0.153651
v 0.299641 0.133783 0.117462
v 0.443821 0.00123 0.153651
v 0.396744 -0.021011 0.09185
v 0.354356 0.159643 0.191466
v 0.431629 0.195718 0.207939
v 0.509304 0.031801 0.16761
v 0.354356 0.159643 0.191466
v 0.509304 0.031801 0.16761
v 0.443821 0.00123 0.153651
v 0.431629 0.195718 0.207939
v 0.507614 0.230877 0.161796
v 0.574044 0.061763 0.129645
v 0.431629 0.195718 0.207939
v 0.574044 0.061763 0.129645
v 0.509304 0.031801 0.16761
v 0.507614 0.230877 0.161796
v 0.567382 0.258298 0.079373
v 0.625304 0.085284 0.059717
v 0.507614 0.230877 0.161796
v 0.625304 0.085284 0.059717
v 0.574044 0.061763 0.129645
v 0.567382 0.258298 0.079373
v 0.608521 0.276927 -0.025762
v 0.659753 0.100874 -0.030318
v 0.567382 0.258298 0.079373
v 0.659753 0.100874 -0.030318
v 0.625304 0.085284 0.059717
v 0.659753 0.100874 -0.030318
v 0.666633 0.103565 -0.131758
v 0.685297 -0.046274 -0.111372
v 0.659753 0.100874 -0.030318
v 0.685297 -0.046274 -0.111372
v 0.681103 -0.047857 -0.038049
v 0.666633 0.103565 -0.131758
v 0.637819 0.089709 -0.217661
v 0.664873 -0.056103 -0.173784
v 0.666633 0.103565 -0.131758
v 0.664873 -0.056103 -0.173784
v 0.685297 -0.046274 -0.111372
v 0.637819 0.089709 -0.217661
v 0.584662 0.064703 -0.266362
v 0.626856 -0.073997 -0.210469
v 0.637819 0.089709 -0.217661
v 0.626856 -0.073997 -0.210469
v 0.664873 -0.056103 -0.173784
v 0.584662 0.064703 -0.266362
v 0.522015 0.035456 -0.279716
v 0.581059 -0.095377 -0.220232
v 0.584662 0.064703 -0.266362
v 0.581059 -0.095377 -0.220232
v 0.626856 -0.073997 -0.210469
v 0.522015 0.035456 -0.279716
v 0.456108 0.004876 -0.256397
v 0.533291 -0.117534 -0.201834
v 0.522015 0.035456 -0.279716
v 0.533291 -0.117534 -0.201834
v 0.581059 -0.095377 -0.220232
v 0.456108 0.004876 -0.256397
v 0.40008 -0.020877 -0.18858
v 0.493057 -0.136023 -0.152352
v 0.456108 0.004876 -0.256397
v 0.493057 -0.136023 -0.152352
v 0.533291 -0.117534 -0.201834
v 0.40008 -0.020877 -0.18858
v 0.371848 -0.033536 -0.091691
v 0.471929 -0.145511 -0.082639
v 0.40008 -0.020877 -0.18858
v 0.471929 -0.145511 -0.082639
v 0.493057 -0.136023 -0.152352
v 0.371848 -0.033536 -0.091691
v 0.373072 -0.032472 0.005948
v 0.472012 -0.145111 -0.011323
v 0.371848 -0.033536 -0.091691
v 0.472012 -0.145111 -0.011323
v 0.471929 -0.145511 -0.082639
v 0.373072 -0.032472 0.005948
v 0.396744 -0.021011 0.09185
v 0.489722 -0.136546 0.051089
v 0.373072 -0.032472 0.005948
v 0.489722 -0.136546 0.051089
v 0.472012 -0.145111 -0.011323
v 0.396744 -0.021011 0.09185
v 0.443821 0.00123 0.153651
v 0.52453 -0.120113 0.094688
v 0.396744 -0.021011 0.09185
v 0.52453 -0.120113 0.094688
v 0.489722 -0.136546 0.051089
v 0.443821 0.00123 0.153651
v 0.509304 0.031801 0.16761
v 0.571824 -0.098033 0.10477
v 0.443821 0.00123 0.153651
v 0.571824 -0.098033 0.10477
v 0.52453 -0.120113 0.094688
v 0.509304 0.031801 0.16761
v 0.574044 0.061763 0.129645
v 0.618976 -0.076203 0.078642
v 0.509304 0.031801 0.16761
v 0.618976 -0.076203 0.078642
v 0.571824 -0.098033 0.10477
v 0.574044 0.061763 0.129645
v 0.625304 0.085284 0.059717
v 0.656692 -0.058892 0.028046
v 0.574044 0.061763 0.129645
v 0.656692 -0.058892 0.028046
v 0.618976 -0.076203 0.078642
v 0.625304 0.085284 0.059717
v 0.659753 0.100874 -0.030318
v 0.681103 -0.047857 -0.038049
v 0.625304 0.085284 0.059717
v 0.681103 -0.047857 -0.038049
v 0.656692 -0.058892 0.028046
v 0.681103 -0.047857 -0.038049
v 0.685297 -0.046274 -0.111372
v 0.672154 -0.154121 -0.086497
v 0.681103 -0.047857 -0.038049
v 0.672154 -0.154121 -0.086497
v 0.670482 -0.154706 -0.048199
v 0.685297 -0.046274 -0.111372
v 0.664873 -0.056103 -0.173784
v 0.661755 -0.159131 -0.119309
v 0.685297 -0.046274 -0.111372
v 0.661755 -0.159131 -0.119309
v 0.672154 -0.154121 -0.086497
v 0.664873 -0.056103 -0.173784
v 0.626856 -0.073997 -0.210469
v 0.642168 -0.168356 -0.139458
v 0.664873 -0.056103 -0.173784
v 0.642168 -0.168356 -0.139458
v 0.661755 -0.159131 -0.119309
v 0.626856 -0.073997 -0.210469
v 0.581059 -0.095377 -0.220232
v 0.617905 -0.179683 -0.14463
v 0.626856 -0.073997 -0.210469
v 0.617905 -0.179683 -0.14463
v 0.642168 -0.168356 -0.139458
v 0.581059 -0.095377 -0.220232
v 0.533291 -0.117534 -0.201834
v 0.592868 -0.191291 -0.133994
v 0.581059 -0.095377 -0.220232
v 0.592868 -0.191291 -0.133994
v 0.617905 -0.179683 -0.14463
v 0.533291 -0.117534 -0.201834
v 0.493057 -0.136023 -0.152352
v 0.57203 -0.200864 -0.107841
v 0.533291 -0.117534 -0.201834
v 0.57203 -0.200864 -0.107841
v 0.592868 -0.191291 -0.133994
v 0.493057 -0.136023 -0.152352
v 0.471929 -0.145511 -0.082639
v 0.560513 -0.206045 -0.071642
v 0.493057 -0.136023 -0.152352
v 0.560513 -0.206045 -0.071642
v 0.57203 -0.200864 -0.107841
v 0.471929 -0.145511 -0.082639
v 0.472012 -0.145111 -0.011323
v 0.560023 -0.206082 -0.033898
v 0.471929 -0.145511 -0.082639
v 0.560023 -0.206082 -0.033898
v 0.560513 -0.206045 -0.071642
v 0.472012 -0.145111 -0.011323
v 0.489722 -0.136546 0.051089
v 0.569672 -0.201422 -0.001087
v 0.472012 -0.145111 -0.011323
v 0.569672 -0.201422 -0.001087
v 0.560023 -0.206082 -0.033898
v 0.489722 -0.136546 0.051089
v 0.52453 -0.120113 0.094688
v 0.588372 -0.1926 0.020973
v 0.489722 -0.136546 0.051089
v 0.588372 -0.1926 0.020973
v 0.569672 -0.201422 -0.001087
v 0.52453 -0.120113 0.094688
v 0.571824 -0.098033 0.10477
v 0.613049 -0.18108 0.026234
v 0.52453 -0.120113 0.094688
v 0.613049 -0.18108 0.026234
v 0.588372 -0.1926 0.020973
v 0.571824 -0.098033 0.10477
v 0.618976 -0.076203 0.078642
v 0.637915 -0.169562 0.013461
v 0.571824 -0.098033 0.10477
v 0.637915 -0.169562 0.013461
v 0.613049 -0.18108 0.026234
v 0.618976 -0.076203 0.078642
v 0.656692 -0.058892 0.028046
v 0.658058 -0.160314 -0.013
v 0.618976 -0.076203 0.078642
v 0.658058 -0.160314 -0.013
v 0.637915 -0.169562 0.013461
v 0.656692 -0.058892 0.028046
v 0.681103 -0.047857 -0.038049
v 0.670482 -0.154706 -0.048199
v 0.656692 -0.058892 0.028046
v 0.670482 -0.154706 -0.048199
v 0.658058 -0.160314 -0.013
v 0.670482 -0.154706 -0.048199
v 0.672154 -0.154121 -0.086497
v 0.62893 -0.209214 -0.059774
v 0.672154 -0.154121 -0.086497
v 0.661755 -0.159131 -0.119309
v 0.62893 -0.209214 -0.059774
v 0.661755 -0.159131 -0.119309
v 0.642168 -0.168356 -0.139458
v 0.62893 -0.209214 -0.059774
v 0.642168 -0.168356 -0.139458
v 0.617905 -0.179683 -0.14463
v 0.62893 -0.209214 -0.059774
v 0.617905 -0.179683 -0.14463
v 0.592868 -0.191291 -0.133994
v 0.62893 -0.209214 -0.059774
v 0.592868 -0.191291 -0.133994
v 0.57203 -0.200864 -0.107841
v 0.62893 -0.209214 -0.059774
v 0.57203 -0.200864 -0.107841
v 0.560513 -0.206045 -0.071642
v 0.62893 -0.209214 -0.059774
v 0.560513 -0.206045 -0.071642
v 0.560023 -0.206082 -0.033898
v 0.62893 -0.209214 -0.059774
v 0.560023 -0.206082 -0.033898
v 0.569672 -0.201422 -0.001087
v 0.62893 -0.209214 -0.059774
v 0.569672 -0.201422 -0.001087
v 0.588372 -0.1926 0.020973
v 0.62893 -0.209214 -0.059774
v 0.588372 -0.1926 0.020973
v 0.613049 -0.18108 0.026234
v 0.62893 -0.209214 -0.059774
v 0.613049 -0.18108 0.026234
v 0.637915 -0.169562 0.013461
v 0.62893 -0.209214 -0.059774
v 0.637915 -0.169562 0.013461
v 0.658058 -0.160314 -0.013
v 0.62893 -0.209214 -0.059774
v 0.658058 -0.160314 -0.013
v 0.670482 -0.154706 -0.048199
v 0.62893 -0.209214 -0.059774
vn 0.043284 0.998916 0.017139
vn 0.043284 0.998916 0.017139
vn 0.043284 0.998916 0.017139
vn -0.018306 0.989228 -0.145236
vn -0.018306 0.989228 -0.145236
vn -0.018306 0.989228 -0.145236
vn -0.157689 0.946889 -0.280243
vn -0.157689 0.946889 -0.280243
vn -0.157689 0.946889 -0.280243
vn -0.332842 0.874282 -0.353338
vn -0.332842 0.874282 -0.353338
vn -0.332842 0.874282 -0.353338
vn -0.513289 0.780874 -0.356047
vn -0.513289 0.780874 -0.356047
vn -0.513289 0.780874 -0.356047
vn -0.671404 0.684325 -0.284458
vn -0.671404 0.684325 -0.284458
vn -0.671404 0.684325 -0.284458
vn -0.769268 0.619571 -0.156074
vn -0.769268 0.619571 -0.156074
vn -0.769268 0.619571 -0.156074
vn -0.794241 0.607526 -0.009703
vn -0.794241 0.607526 -0.009703
vn -0.794241 0.607526 -0.009703
vn -0.754069 0.643738 0.130315
vn -0.754069 0.643738 0.130315
vn -0.754069 0.643738 0.130315
vn -0.643234 0.721319 0.256805
vn -0.643234 0.721319 0.256805
vn -0.643234 0.721319 0.256805
vn -0.456356 0.822435 0.339618
vn -0.456356 0.822435 0.339618
vn -0.456356 0.822435 0.339618
vn -0.244723 0.907366 0.341756
vn -0.244723 0.907366 0.341756
vn -0.244723 0.907366 0.341756
vn -0.080082 0.958393 0.27399
vn -0.080082 0.958393 0.27399
vn -0.080082 0.958393 0.27399
vn 0.017352 0.986423 0.163305
vn 0.017352 0.986423 0.163305
vn 0.017352 0.986423 0.163305
vn 0.553461 0.83206 0.036859
vn 0.553461 0.83206 0.036859
vn 0.553461 0.83206 0.036859
vn 0.559276 0.827482 0.049845
vn 0.559276 0.827482 0.049845
vn 0.559276 0.827482 0.049845
vn 0.477298 0.833434 -0.278522
vn 0.477298 0.833434 -0.278522
vn 0.477298 0.833434 -0.278522
vn 0.470395 0.835018 -0.285438
vn 0.470395 0.835018 -0.285438
vn 0.470395 0.835018 -0.285438
vn 0.24129 0.772011 -0.588029
vn 0.24129 0.772011 -0.588029
vn 0.24129 0.772011 -0.588029
vn 0.215496 0.770935 -0.59935
vn 0.215496 0.770935 -0.59935
vn 0.215496 0.770935 -0.59935
vn -0.129094 0.627223 -0.768066
vn -0.129094 0.627223 -0.768066
vn -0.129094 0.627223 -0.768066
vn -0.129094 0.627223 -0.768066
vn -0.129094 0.627223 -0.768066
vn -0.129094 0.627223 -0.768066
vn -0.514497 0.429864 -0.741964
vn -0.514497 0.429864 -0.741964
vn -0.514497 0.429864 -0.741964
vn -0.492156 0.434933 -0.754066
vn -0.492156 0.434933 -0.754066
vn -0.492156 0.434933 -0.754066
vn -0.800098 0.241664 -0.549038
vn -0.800098 0.241664 -0.549038
vn -0.800098 0.241664 -0.549038
vn -0.795121 0.241806 -0.556158
vn -0.795121 0.241806 -0.556158
vn -0.795121 0.241806 -0.556158
vn -0.950757 0.121588 -0.285093
vn -0.950757 0.121588 -0.285093
vn -0.950757 0.121588 -0.285093
vn -0.954077 0.125262 -0.272116
vn -0.954077 0.125262 -0.272116
vn -0.954077 0.125262 -0.272116
vn -0.99575 0.091201 -0.012818
vn -0.99575 0.091201 -0.012818
vn -0.99575 0.091201 -0.012818
vn -0.995102 0.098856 0.000615
vn -0.995102 0.098856 0.000615
vn -0.995102 0.098856 0.000615
vn -0.953824 0.152379 0.258846
vn -0.953824 0.152379 0.258846
vn -0.953824 0.152379 0.258846
vn -0.956824 0.145708 0.251509
vn -0.956824 0.145708 0.251509
vn -0.956824 0.145708 0.251509
vn -0.782924 0.308142 0.540443
vn -0.782924 0.308142 0.540443
vn -0.782924 0.308142 0.540443
vn -0.798314 0.288826 0.528464
vn -0.798314 0.288826 0.528464
vn -0.798314 0.288826 0.528464
vn -0.405216 0.526793 0.747188
vn -0.405216 0.526793 0.747188
vn -0.405216 0.526793 0.747188
vn -0.405216 0.526793 0.747188
vn -0.405216 0.526793 0.747188
vn -0.405216 0.526793 0.747188
vn 0.05313 0.687972 0.72379
vn 0.05313 0.687972 0.72379
vn 0.05313 0.687972 0.72379
vn 0.070022 0.699724 0.710974
vn 0.070022 0.699724 0.710974
vn 0.070022 0.699724 0.710974
vn 0.359935 0.760885 0.539908
vn 0.359935 0.760885 0.539908
vn 0.359935 0.760885 0.539908
vn 0.363292 0.764569 0.532403
vn 0.363292 0.764569 0.532403
vn 0.363292 0.764569 0.532403
vn 0.51039 0.802861 0.308085
vn 0.51039 0.802861 0.308085
vn 0.51039 0.802861 0.308085
vn 0.510649 0.797328 0.321722
vn 0.510649 0.797328 0.321722
vn 0.510649 0.797328 0.321722
vn 0.737051 0.673456 0.05669
vn 0.737051 0.673456 0.05669
vn 0.737051 0.673456 0.05669
vn 0.741137 0.667903 0.067989
vn 0.741137 0.667903 0.067989
vn 0.741137 0.667903 0.067989
vn 0.668573 0.669264 -0.324186
vn 0.668573 0.669264 -0.324186
vn 0.668573 0.669264 -0.324186
vn 0.663084 0.671518 -0.330732
vn 0.663084 0.671518 -0.330732
vn 0.663084 0.671518 -0.330732
vn 0.40751 0.580118 -0.705265
vn 0.40751 0.580118 -0.705265
vn 0.40751 0.580118 -0.705265
vn 0.383966 0.581167 -0.717506
vn 0.383966 0.581167 -0.717506
vn 0.383966 0.581167 -0.717506
vn 0.003043 0.409956 -0.9121
vn 0.003043 0.409956 -0.9121
vn 0.003043 0.409956 -0.9121
vn 0.003043 0.409956 -0.9121
vn 0.003043 0.409956 -0.9121
vn 0.003043 0.409956 -0.9121
vn -0.431697 0.200462 -0.879462
vn -0.431697 0.200462 -0.879462
vn -0.431697 0.200462 -0.879462
vn -0.408729 0.202239 -0.889966
vn -0.408729 0.202239 -0.889966
vn -0.408729 0.202239 -0.889966
vn -0.775824 -0.000342 -0.630949
vn -0.775824 -0.000342 -0.630949
vn -0.775824 -0.000342 -0.630949
vn -0.770692 -0.001266 -0.637206
vn -0.770692 -0.001266 -0.637206
vn -0.770692 -0.001266 -0.637206
vn -0.945447 -0.119976 -0.302879
vn -0.945447 -0.119976 -0.302879
vn -0.945447 -0.119976 -0.302879
vn -0.949476 -0.115628 -0.291764
vn -0.949476 -0.115628 -0.291764
vn -0.949476 -0.115628 -0.291764
vn -0.988696 -0.149924 0.002004
vn -0.988696 -0.149924 0.002004
vn -0.988696 -0.149924 0.002004
vn -0.989654 -0.142792 0.013957
vn -0.989654 -0.142792 0.013957
vn -0.989654 -0.142792 0.013957
vn -0.952931 -0.104241 0.284704
vn -0.952931 -0.104241 0.284704
vn -0.952931 -0.104241 0.284704
vn -0.954345 -0.110093 0.277679
vn -0.954345 -0.110093 0.277679
vn -0.954345 -0.110093 0.277679
vn -0.787563 0.035975 0.615183
vn -0.787563 0.035975 0.615183
vn -0.787563 0.035975 0.615183
vn -0.798466 0.017945 0.601773
vn -0.798466 0.017945 0.601773
vn -0.798466 0.017945 0.601773
vn -0.328088 0.292646 0.898174
vn -0.328088 0.292646 0.898174
vn -0.328088 0.292646 0.898174
vn -0.328088 0.292646 0.898174
vn -0.328088 0.292646 0.898174
vn -0.328088 0.292646 0.898174
vn 0.231109 0.499868 0.834698
vn 0.231109 0.499868 0.834698
vn 0.231109 0.499868 0.834698
vn 0.244737 0.513404 0.822509
vn 0.244737 0.513404 0.822509
vn 0.244737 0.513404 0.822509
vn 0.539426 0.587572 0.603141
vn 0.539426 0.587572 0.603141
vn 0.539426 0.587572 0.603141
vn 0.541979 0.59205 0.596435
vn 0.541979 0.59205 0.596435
vn 0.541979 0.59205 0.596435
vn 0.681536 0.638096 0.35825
vn 0.681536 0.638096 0.35825
vn 0.681536 0.638096 0.35825
vn 0.681492 0.631361 0.370071
vn 0.681492 0.631361 0.370071
vn 0.681492 0.631361 0.370071
vn 0.82558 0.55982 0.070849
vn 0.82558 0.55982 0.070849
vn 0.82558 0.55982 0.070849
vn 0.827664 0.555744 0.078236
vn 0.827664 0.555744 0.078236
vn 0.827664 0.555744 0.078236
vn 0.763437 0.546507 -0.344229
vn 0.763437 0.546507 -0.344229
vn 0.763437 0.546507 -0.344229
vn 0.760174 0.548192 -0.348742
vn 0.760174 0.548192 -0.348742
vn 0.760174 0.548192 -0.348742
vn 0.488726 0.434498 -0.756543
vn 0.488726 0.434498 -0.756543
vn 0.488726 0.434498 -0.756543
vn 0.473236 0.435657 -0.76567
vn 0.473236 0.435657 -0.76567
vn 0.473236 0.435657 -0.76567
vn 0.086059 0.255379 -0.963003
vn 0.086059 0.255379 -0.963003
vn 0.086059 0.255379 -0.963003
vn 0.086059 0.255379 -0.963003
vn 0.086059 0.255379 -0.963003
vn 0.086059 0.255379 -0.963003
vn -0.353593 0.049773 -0.934074
vn -0.353593 0.049773 -0.934074
vn -0.353593 0.049773 -0.934074
vn -0.337067 0.050093 -0.940147
vn -0.337067 0.050093 -0.940147
vn -0.337067 0.050093 -0.940147
vn -0.733717 -0.14926 -0.662858
vn -0.733717 -0.14926 -0.662858
vn -0.733717 -0.14926 -0.662858
vn -0.72992 -0.150175 -0.666831
vn -0.72992 -0.150175 -0.666831
vn -0.72992 -0.150175 -0.666831
vn -0.917631 -0.259238 -0.301248
vn -0.917631 -0.259238 -0.301248
vn -0.917631 -0.259238 -0.301248
vn -0.920827 -0.256119 -0.294078
vn -0.920827 -0.256119 -0.294078
vn -0.920827 -0.256119 -0.294078
vn -0.958544 -0.284544 0.015112
vn -0.958544 -0.284544 0.015112
vn -0.958544 -0.284544 0.015112
vn -0.959755 -0.279889 0.023094
vn -0.959755 -0.279889 0.023094
vn -0.959755 -0.279889 0.023094
vn -0.923798 -0.252065 0.288202
vn -0.923798 -0.252065 0.288202
vn -0.923798 -0.252065 0.288202
vn -0.924302 -0.255702 0.283344
vn -0.924302 -0.255702 0.283344
vn -0.924302 -0.255702 0.283344
vn -0.763137 -0.138605 0.631198
vn -0.763137 -0.138605 0.631198
vn -0.763137 -0.138605 0.631198
vn -0.769203 -0.150033 0.621141
vn -0.769203 -0.150033 0.621141
vn -0.769203 -0.150033 0.621141
vn -0.262013 0.124238 0.957034
vn -0.262013 0.124238 0.957034
vn -0.262013 0.124238 0.957034
vn -0.262013 0.124238 0.957034
vn -0.262013 0.124238 0.957034
vn -0.262013 0.124238 0.957034
vn 0.338051 0.367439 0.866435
vn 0.338051 0.367439 0.866435
vn 0.338051 0.367439 0.866435
vn 0.346619 0.377707 0.858599
vn 0.346619 0.377707 0.858599
vn 0.346619 0.377707 0.858599
vn 0.62923 0.469696 0.619237
vn 0.62923 0.469696 0.619237
vn 0.62923 0.469696 0.619237
vn 0.630902 0.47315 0.614892
vn 0.630902 0.47315 0.614892
vn 0.630902 0.47315 0.614892
vn 0.761342 0.523859 0.382009
vn 0.761342 0.523859 0.382009
vn 0.761342 0.523859 0.382009
vn 0.760943 0.518768 0.389674
vn 0.760943 0.518768 0.389674
vn 0.760943 0.518768 0.389674
vn 0.881211 0.465979 0.079566
vn 0.881211 0.465979 0.079566
vn 0.881211 0.465979 0.079566
vn 0.881757 0.464502 0.082112
vn 0.881757 0.464502 0.082112
vn 0.881757 0.464502 0.082112
vn 0.823957 0.443062 -0.353258
vn 0.823957 0.443062 -0.353258
vn 0.823957 0.443062 -0.353258
vn 0.822936 0.443668 -0.354873
vn 0.822936 0.443668 -0.354873
vn 0.822936 0.443668 -0.354873
vn 0.541891 0.315067 -0.779158
vn 0.541891 0.315067 -0.779158
vn 0.541891 0.315067 -0.779158
vn 0.536626 0.315524 -0.782609
vn 0.536626 0.315524 -0.782609
vn 0.536626 0.315524 -0.782609
vn 0.146947 0.132805 -0.980189
vn 0.146947 0.132805 -0.980189
vn 0.146947 0.132805 -0.980189
vn 0.146947 0.132805 -0.980188
vn 0.146947 0.132805 -0.980188
vn 0.146947 0.132805 -0.980188
vn -0.286941 -0.068936 -0.955465
vn -0.286941 -0.068936 -0.955465
vn -0.286941 -0.068936 -0.955465
vn -0.280931 -0.068959 -0.957247
vn -0.280931 -0.068959 -0.957247
vn -0.280931 -0.068959 -0.957247
vn -0.689009 -0.26219 -0.675665
vn -0.689009 -0.26219 -0.675665
vn -0.689009 -0.26219 -0.675665
vn -0.687578 -0.262557 -0.676979
vn -0.687578 -0.262557 -0.676979
vn -0.687578 -0.262557 -0.676979
vn -0.884402 -0.360069 -0.296957
vn -0.884402 -0.360069 -0.296957
vn -0.884402 -0.360069 -0.296957
vn -0.885669 -0.35896 -0.294514
vn -0.885669 -0.35896 -0.294514
vn -0.885669 -0.35896 -0.294514
vn -0.924695 -0.379962 0.02383
vn -0.924695 -0.379962 0.02383
vn -0.924695 -0.379962 0.02383
vn -0.925261 -0.378397 0.026623
vn -0.925261 -0.378397 0.026623
vn -0.925261 -0.378397 0.026623
vn -0.888792 -0.357284 0.287049
vn -0.888792 -0.357284 0.287049
vn -0.888792 -0.357284 0.287049
vn -0.888879 -0.358456 0.285314
vn -0.888879 -0.358456 0.285314
vn -0.888879 -0.358456 0.285314
vn -0.727421 -0.268286 0.631571
vn -0.727421 -0.268286 0.631571
vn -0.727421 -0.268286 0.631571
vn -0.729299 -0.271989 0.627809
vn -0.729299 -0.271989 0.627809
vn -0.729299 -0.271989 0.627809
vn -0.20291 -0.012445 0.979118
vn -0.20291 -0.012445 0.979118
vn -0.20291 -0.012445 0.979118
vn -0.20291 -0.012445 0.979118
vn -0.20291 -0.012445 0.979118
vn -0.20291 -0.012445 0.979118
vn 0.410378 0.260151 0.87402
vn 0.410378 0.260151 0.87402
vn 0.410378 0.260151 0.87402
vn 0.4133 0.264051 0.87147
vn 0.4133 0.264051 0.87147
vn 0.4133 0.264051 0.87147
vn 0.685841 0.376731 0.622653
vn 0.685841 0.376731 0.622653
vn 0.685841 0.376731 0.622653
vn 0.686443 0.378051 0.621187
vn 0.686443 0.378051 0.621187
vn 0.686443 0.378051 0.621187
vn 0.811126 0.432264 0.393983
vn 0.811126 0.432264 0.393983
vn 0.811126 0.432264 0.393983
vn 0.810863 0.430365 0.396595
vn 0.810863 0.430365 0.396595
vn 0.810863 0.430365 0.396595
vn 0.923193 0.375365 0.082557
vn 0.923193 0.375365 0.082557
vn 0.923193 0.375365 0.082557
vn 0.922808 0.376859 0.080023
vn 0.922808 0.376859 0.080023
vn 0.922808 0.376859 0.080023
vn 0.870167 0.34238 -0.354379
vn 0.870167 0.34238 -0.354379
vn 0.870167 0.34238 -0.354379
vn 0.871073 0.341784 -0.352725
vn 0.871073 0.341784 -0.352725
vn 0.871073 0.341784 -0.352725
vn 0.588873 0.203584 -0.782165
vn 0.588873 0.203584 -0.782165
vn 0.588873 0.203584 -0.782165
vn 0.593912 0.203136 -0.778463
vn 0.593912 0.203136 -0.778463
vn 0.593912 0.203136 -0.778463
vn 0.200012 0.018877 -0.979612
vn 0.200012 0.018877 -0.979612
vn 0.200012 0.018877 -0.979612
vn 0.200012 0.018877 -0.979612
vn 0.200012 0.018877 -0.979612
vn 0.200012 0.018877 -0.979612
vn -0.228733 -0.18092 -0.95653
vn -0.228733 -0.18092 -0.95653
vn -0.228733 -0.18092 -0.95653
vn -0.234869 -0.180845 -0.955056
vn -0.234869 -0.180845 -0.955056
vn -0.234869 -0.180845 -0.955056
vn -0.640356 -0.363848 -0.67643
vn -0.640356 -0.363848 -0.67643
vn -0.640356 -0.363848 -0.67643
vn -0.641883 -0.363464 -0.675189
vn -0.641883 -0.363464 -0.675189
vn -0.641883 -0.363464 -0.675189
vn -0.84423 -0.448096 -0.294085
vn -0.84423 -0.448096 -0.294085
vn -0.84423 -0.448096 -0.294085
vn -0.842809 -0.449191 -0.296482
vn -0.842809 -0.449191 -0.296482
vn -0.842809 -0.449191 -0.296482
vn -0.885865 -0.463154 0.027054
vn -0.885865 -0.463154 0.027054
vn -0.885865 -0.463154 0.027054
vn -0.88517 -0.464635 0.024257
vn -0.88517 -0.464635 0.024257
vn -0.88517 -0.464635 0.024257
vn -0.847006 -0.448246 0.285755
vn -0.847006 -0.448246 0.285755
vn -0.847006 -0.448246 0.285755
vn -0.846975 -0.447176 0.287518
vn -0.846975 -0.447176 0.287518
vn -0.846975 -0.447176 0.287518
vn -0.67881 -0.380126 0.628268
vn -0.67881 -0.380126 0.628268
vn -0.67881 -0.380126 0.628268
vn -0.677038 -0.376729 0.632214
vn -0.677038 -0.376729 0.632214
vn -0.677038 -0.376729 0.632214
vn -0.143886 -0.139165 0.97976
vn -0.143886 -0.139165 0.97976
vn -0.143886 -0.139165 0.97976
vn -0.143886 -0.139165 0.97976
vn -0.143886 -0.139165 0.97976
vn -0.143886 -0.139165 0.97976
vn 0.463751 0.155898 0.872142
vn 0.463751 0.155898 0.872142
vn 0.463751 0.155898 0.872142
vn 0.4608 0.151726 0.874439
vn 0.4608 0.151726 0.874439
vn 0.4608 0.151726 0.874439
vn 0.728308 0.288258 0.621671
vn 0.728308 0.288258 0.621671
vn 0.728308 0.288258 0.621671
vn 0.727665 0.286843 0.623077
vn 0.727665 0.286843 0.623077
vn 0.727665 0.286843 0.623077
vn 0.850264 0.34561 0.396994
vn 0.850264 0.34561 0.396994
vn 0.850264 0.34561 0.396994
vn 0.850645 0.347589 0.394443
vn 0.850645 0.347589 0.394443
vn 0.850645 0.347589 0.394443
vn 0.958794 0.272718 0.079617
vn 0.958794 0.272718 0.079617
vn 0.958794 0.272718 0.079617
vn 0.958156 0.276954 0.072338
vn 0.958156 0.276954 0.072338
vn 0.958156 0.276954 0.072338
vn 0.909456 0.228663 -0.347279
vn 0.909456 0.228663 -0.347279
vn 0.909456 0.228663 -0.347279
vn 0.911691 0.227066 -0.342432
vn 0.911691 0.227066 -0.342432
vn 0.911691 0.227066 -0.342432
vn 0.638925 0.081872 -0.7649
vn 0.638925 0.081872 -0.7649
vn 0.638925 0.081872 -0.7649
vn 0.652371 0.080846 -0.753576
vn 0.652371 0.080846 -0.753576
vn 0.652371 0.080846 -0.753576
vn 0.254593 -0.106454 -0.961171
vn 0.254593 -0.106454 -0.961171
vn 0.254593 -0.106454 -0.961171
vn 0.254593 -0.106454 -0.961171
vn 0.254593 -0.106454 -0.961171
vn 0.254593 -0.106454 -0.961171
vn -0.171781 -0.303868 -0.937099
vn -0.171781 -0.303868 -0.937099
vn -0.171781 -0.303868 -0.937099
vn -0.189482 -0.303675 -0.933744
vn -0.189482 -0.303675 -0.933744
vn -0.189482 -0.303675 -0.933744
vn -0.580718 -0.469738 -0.664915
vn -0.580718 -0.469738 -0.664915
vn -0.580718 -0.469738 -0.664915
vn -0.585369 -0.46866 -0.661589
vn -0.585369 -0.46866 -0.661589
vn -0.585369 -0.46866 -0.661589
vn -0.789672 -0.539135 -0.292834
vn -0.789672 -0.539135 -0.292834
vn -0.789672 -0.539135 -0.292834
vn -0.785085 -0.542117 -0.299586
vn -0.785085 -0.542117 -0.299586
vn -0.785085 -0.542117 -0.299586
vn -0.834264 -0.550822 0.024479
vn -0.834264 -0.550822 0.024479
vn -0.834264 -0.550822 0.024479
vn -0.831888 -0.5547 0.01647
vn -0.831888 -0.5547 0.01647
vn -0.831888 -0.5547 0.01647
vn -0.79016 -0.542774 0.284681
vn -0.79016 -0.542774 0.284681
vn -0.79016 -0.542774 0.284681
vn -0.790164 -0.540052 0.2898
vn -0.790164 -0.540052 0.2898
vn -0.790164 -0.540052 0.2898
vn -0.608763 -0.49231 0.622124
vn -0.608763 -0.49231 0.622124
vn -0.608763 -0.49231 0.622124
vn -0.603659 -0.483556 0.633853
vn -0.603659 -0.483556 0.633853
vn -0.603659 -0.483556 0.633853
vn -0.077205 -0.272536 0.959043
vn -0.077205 -0.272536 0.959043
vn -0.077205 -0.272536 0.959043
vn -0.077205 -0.272536 0.959043
vn -0.077205 -0.272536 0.959043
vn -0.077205 -0.272536 0.959043
vn 0.506742 0.035291 0.861375
vn 0.506742 0.035291 0.861375
vn 0.506742 0.035291 0.861375
vn 0.497911 0.022655 0.866932
vn 0.497911 0.022655 0.866932
vn 0.497911 0.022655 0.866932
vn 0.764977 0.186049 0.6166
vn 0.764977 0.186049 0.6166
vn 0.764977 0.186049 0.6166
vn 0.762942 0.181743 0.620395
vn 0.762942 0.181743 0.620395
vn 0.762942 0.181743 0.620395
vn 0.886481 0.247856 0.390793
vn 0.886481 0.247856 0.390793
vn 0.886481 0.247856 0.390793
vn 0.887945 0.253679 0.383668
vn 0.887945 0.253679 0.383668
vn 0.887945 0.253679 0.383668
vn 0.988634 0.132747 0.070579
vn 0.988634 0.132747 0.070579
vn 0.988634 0.132747 0.070579
vn 0.988528 0.13881 0.059537
vn 0.988528 0.13881 0.059537
vn 0.988528 0.13881 0.059537
vn 0.941586 0.075977 -0.32809
vn 0.941586 0.075977 -0.32809
vn 0.941586 0.075977 -0.32809
vn 0.944297 0.073994 -0.320669
vn 0.944297 0.073994 -0.320669
vn 0.944297 0.073994 -0.320669
vn 0.693147 -0.077898 -0.716574
vn 0.693147 -0.077898 -0.716574
vn 0.693147 -0.077898 -0.716574
vn 0.711095 -0.078316 -0.698721
vn 0.711095 -0.078316 -0.698721
vn 0.711095 -0.078316 -0.698721
vn 0.319301 -0.269035 -0.908662
vn 0.319301 -0.269035 -0.908662
vn 0.319301 -0.269035 -0.908662
vn 0.319301 -0.269035 -0.908662
vn 0.319301 -0.269035 -0.908662
vn 0.319301 -0.269035 -0.908662
vn -0.100502 -0.457243 -0.883645
vn -0.100502 -0.457243 -0.883645
vn -0.100502 -0.457243 -0.883645
vn -0.126829 -0.457411 -0.880164
vn -0.126829 -0.457411 -0.880164
vn -0.126829 -0.457411 -0.880164
vn -0.492385 -0.596892 -0.633464
vn -0.492385 -0.596892 -0.633464
vn -0.492385 -0.596892 -0.633464
vn -0.499835 -0.595496 -0.628927
vn -0.499835 -0.595496 -0.628927
vn -0.499835 -0.595496 -0.628927
vn -0.701913 -0.650755 -0.289545
vn -0.701913 -0.650755 -0.289545
vn -0.701913 -0.650755 -0.289545
vn -0.694071 -0.654666 -0.299465
vn -0.694071 -0.654666 -0.299465
vn -0.694071 -0.654666 -0.299465
vn -0.749948 -0.661288 0.016605
vn -0.749948 -0.661288 0.016605
vn -0.749948 -0.661288 0.016605
vn -0.745777 -0.66618 0.004615
vn -0.745777 -0.66618 0.004615
vn -0.745777 -0.66618 0.004615
vn -0.69717 -0.659896 0.280162
vn -0.69717 -0.659896 0.280162
vn -0.69717 -0.659896 0.280162
vn -0.697178 -0.656538 0.287925
vn -0.697178 -0.656538 0.287925
vn -0.697178 -0.656538 0.287925
vn -0.497134 -0.623746 0.603158
vn -0.497134 -0.623746 0.603158
vn -0.497134 -0.623746 0.603158
vn -0.488848 -0.612545 0.621141
vn -0.488848 -0.612545 0.621141
vn -0.488848 -0.612545 0.621141
vn 0.009417 -0.431961 0.901843
vn 0.009417 -0.431961 0.901843
vn 0.009417 -0.431961 0.901843
vn 0.009417 -0.431961 0.901843
vn 0.009417 -0.431961 0.901843
vn 0.009417 -0.431961 0.901843
vn 0.545285 -0.128629 0.828323
vn 0.545285 -0.128629 0.828323
vn 0.545285 -0.128629 0.828323
vn 0.53094 -0.148165 0.834356
vn 0.53094 -0.148165 0.834356
vn 0.53094 -0.148165 0.834356
vn 0.798986 0.042173 0.599869
vn 0.798986 0.042173 0.599869
vn 0.798986 0.042173 0.599869
vn 0.795413 0.035378 0.605034
vn 0.795413 0.035378 0.605034
vn 0.795413 0.035378 0.605034
vn 0.921314 0.112916 0.372062
vn 0.921314 0.112916 0.372062
vn 0.921314 0.112916 0.372062
vn 0.924305 0.121774 0.361706
vn 0.924305 0.121774 0.361706
vn 0.924305 0.121774 0.361706
vn 0.992614 -0.108414 0.054436
vn 0.992614 -0.108414 0.054436
vn 0.992614 -0.108414 0.054436
vn 0.993827 -0.102759 0.041809
vn 0.993827 -0.102759 0.041809
vn 0.993827 -0.102759 0.041809
vn 0.943296 -0.177028 -0.280809
vn 0.943296 -0.177028 -0.280809
vn 0.943296 -0.177028 -0.280809
vn 0.945538 -0.178081 -0.272481
vn 0.945538 -0.178081 -0.272481
vn 0.945538 -0.178081 -0.272481
vn 0.731293 -0.330389 -0.596702
vn 0.731293 -0.330389 -0.596702
vn 0.731293 -0.330389 -0.596702
vn 0.748019 -0.327774 -0.577089
vn 0.748019 -0.327774 -0.577089
vn 0.748019 -0.327774 -0.577089
vn 0.400029 -0.508777 -0.762314
vn 0.400029 -0.508777 -0.762314
vn 0.400029 -0.508777 -0.762314
vn 0.400029 -0.508777 -0.762314
vn 0.400029 -0.508777 -0.762314
vn 0.400029 -0.508777 -0.762314
vn 0.022471 -0.666902 -0.744806
vn 0.022471 -0.666902 -0.744806
vn 0.022471 -0.666902 -0.744806
vn -0.0056 -0.668973 -0.743266
vn -0.0056 -0.668973 -0.743266
vn -0.0056 -0.668973 -0.743266
vn -0.32248 -0.770353 -0.550057
vn -0.32248 -0.770353 -0.550057
vn -0.32248 -0.770353 -0.550057
vn -0.331369 -0.769637 -0.545759
vn -0.331369 -0.769637 -0.545759
vn -0.331369 -0.769637 -0.545759
vn -0.520632 -0.810588 -0.268121
vn -0.520632 -0.810588 -0.268121
vn -0.520632 -0.810588 -0.268121
vn -0.510615 -0.813329 -0.27887
vn -0.510615 -0.813329 -0.27887
vn -0.510615 -0.813329 -0.27887
vn -0.568542 -0.822637 0.005284
vn -0.568542 -0.822637 0.005284
vn -0.568542 -0.822637 0.005284
vn -0.563497 -0.826078 -0.008109
vn -0.563497 -0.826078 -0.008109
vn -0.563497 -0.826078 -0.008109
vn -0.502867 -0.825588 0.255987
vn -0.502867 -0.825588 0.255987
vn -0.502867 -0.825588 0.255987
vn -0.502372 -0.823155 0.264647
vn -0.502372 -0.823155 0.264647
vn -0.502372 -0.823155 0.264647
vn -0.289984 -0.795886 0.531484
vn -0.289984 -0.795886 0.531484
vn -0.289984 -0.795886 0.531484
vn -0.278798 -0.786629 0.550897
vn -0.278798 -0.786629 0.550897
vn -0.278798 -0.786629 0.550897
vn 0.139606 -0.642912 0.75311
vn 0.139606 -0.642912 0.75311
vn 0.139606 -0.642912 0.75311
vn 0.139606 -0.642912 0.75311
vn 0.139606 -0.642912 0.75311
vn 0.139606 -0.642912 0.75311
vn 0.577322 -0.385439 0.719817
vn 0.577322 -0.385439 0.719817
vn 0.577322 -0.385439 0.719817
vn 0.559283 -0.405913 0.722799
vn 0.559283 -0.405913 0.722799
vn 0.559283 -0.405913 0.722799
vn 0.817006 -0.206833 0.538258
vn 0.817006 -0.206833 0.538258
vn 0.817006 -0.206833 0.538258
vn 0.811858 -0.214444 0.543048
vn 0.811858 -0.214444 0.543048
vn 0.811858 -0.214444 0.543048
vn 0.93737 -0.124095 0.32548
vn 0.93737 -0.124095 0.32548
vn 0.93737 -0.124095 0.32548
vn 0.942363 -0.114541 0.314378
vn 0.942363 -0.114541 0.314378
vn 0.942363 -0.114541 0.314378
vn 0.792422 -0.609449 0.025283
vn 0.792422 -0.609449 0.025283
vn 0.792422 -0.609449 0.025283
vn 0.746005 -0.651711 -0.136927
vn 0.746005 -0.651711 -0.136927
vn 0.746005 -0.651711 -0.136927
vn 0.624431 -0.732286 -0.271741
vn 0.624431 -0.732286 -0.271741
vn 0.624431 -0.732286 -0.271741
vn 0.456432 -0.820251 -0.344757
vn 0.456432 -0.820251 -0.344757
vn 0.456432 -0.820251 -0.344757
vn 0.268831 -0.8983 -0.347545
vn 0.268831 -0.8983 -0.347545
vn 0.268831 -0.8983 -0.347545
vn 0.092908 -0.956614 -0.276149
vn 0.092908 -0.956614 -0.276149
vn 0.092908 -0.956614 -0.276149
vn -0.020129 -0.988793 -0.14793
vn -0.020129 -0.988793 -0.14793
vn -0.020129 -0.988793 -0.14793
vn -0.045985 -0.998941 -0.001569
vn -0.045985 -0.998941 -0.001569
vn -0.045985 -0.998941 -0.001569
vn 0.00704 -0.990325 0.138589
vn 0.00704 -0.990325 0.138589
vn 0.00704 -0.990325 0.138589
vn 0.137253 -0.95435 0.26529
vn 0.137253 -0.95435 0.26529
vn 0.137253 -0.95435 0.26529
vn 0.334583 -0.875671 0.348217
vn 0.334583 -0.875671 0.348217
vn 0.334583 -0.875671 0.348217
vn 0.535764 -0.768302 0.350241
vn 0.535764 -0.768302 0.350241
vn 0.535764 -0.768302 0.350241
vn 0.681027 -0.67567 0.282264
vn 0.681027 -0.67567 0.282264
vn 0.681027 -0.67567 0.282264
vn 0.765607 -0.620044 0.171439
vn 0.765607 -0.620044 0.171439
vn 0.765607 -0.620044 0.171439
f 3025//3025 3027//3027 3026//3026
f 3028//3028 3030//3030 3029//3029
f 3031//3031 3033//3033 3032//3032
f 3034//3034 3036//3036 3035//3035
f 3037//3037 3039//3039 3038//3038
f 3040//3040 3042//3042 3041//3041
f 3043//3043 3045//3045 3044//3044
f 3046//3046 3048//3048 3047//3047
f 3049//3049 3051//3051 3050//3050
f 3052//3052 3054//3054 3053//3053
f 3055//3055 3057//3057 3056//3056
f 3058//3058 3060//3060 3059//3059
f 3061//3061 3063//3063 3062//3062
f 3064//3064 3066//3066 3065//3065
f 3067//3067 3069//3069 3068//3068
f 3070//3070 3072//3072 3071//3071
f 3073//3073 3075//3075 3074//3074
f 3076//3076 3078//3078 3077//3077
f 3079//3079 3081//3081 3080//3080
f 3082//3082 3084//3084 3083//3083
f 3085//3085 3087//3087 3086//3086
f 3088//3088 3090//3090 3089//3089
f 3091//3091 3093//3093 3092//3092
f 3094//3094 3096//3096 3095//3095
f 3097//3097 3099//3099 3098//3098
f 3100//3100 3102//3102 3101//3101
f 3103//3103 3105//3105 3104//3104
f 3106//3106 3108//3108 3107//3107
f 3109//3109 3111//3111 3110//3110
f 3112//3112 3114//3114 3113//3113
f 3115//3115 3117//3117 3116//3116
f 3118//3118 3120//3120 3119//3119
f 3121//3121 3123//3123 3122//3122
f 3124//3124 3126//3126 3125//3125
f 3127//3127 3129//3129 3128//3128
f 3130//3130 3132//3132 3131//3131
f 3133//3133 3135//3135 3134//3134
f 3136//3136 3138//3138 3137//3137
f 3139//3139 3141//3141 3140//3140
f 3142//3142 3144//3144 3143//3143
f 3145//3145 3147//3147 3146//3146
f 3148//3148 3150//3150 3149//3149
f 3151//3151 3153//3153 3152//3152
f 3154//3154 3156//3156 3155//3155
f 3157//3157 3159//3159 3158//3158
f 3160//3160 3162//3162 3161//3161
f 3163//3163 3165//3165 3164//3164
f 3166//3166 3168//3168 3167//3167
f 3169//3169 3171//3171 3170//3170
f 3172//3172 3174//3174 3173//3173
f 3175//3175 3177//3177 3176//3176
f 3178//3178 3180//3180 3179//3179
f 3181//3181 3183//3183 3182//3182
f 3184//3184 3186//3186 3185//3185
f 3187//3187 3189//3189 3188//3188
f 3190//3190 3192//3192 3191//3191
f 3193//3193 3195//3195 3194//3194
f 3196//3196 3198//3198 3197//3197
f 3199//3199 3201//3201 3200//3200
f 3202//3202 3204//3204 3203//3203
f 3205//3205 3207//3207 3206//3206
f 3208//3208 3210//3210 3209//3209
f 3211//3211 3213//3213 3212//3212
f 3214//3214 3216//3216 3215//3215
f 3217//3217 3219//3219 3218//3218
f 3220//3220 3222//3222 3221//3221
f 3223//3223 3225//3225 3224//3224
f 3226//3226 3228//3228 3227//3227
f 3229//3229 3231//3231 3230//3230
f 3232//3232 3234//3234 3233//3233
f 3235//3235 3237//3237 3236//3236
f 3238//3238 3240//3240 3239//3239
f 3241//3241 3243//3243 3242//3242
f 3244//3244 3246//3246 3245//3245
f 3247//3247 3249//3249 3248//3248
f 3250//3250 3252//3252 3251//3251
f 3253//3253 3255//3255 3254//3254
f 3256//3256 3258//3258 3257//3257
f 3259//3259 3261//3261 3260//3260
f 3262//3262 3264//3264 3263//3263
f 3265//3265 3267//3267 3266//3266
f 3268//3268 3270//3270 3269//3269
f 3271//3271 3273//3273 3272//3272
f 3274//3274 3276//3276 3275//3275
f 3277//3277 3279//3279 3278//3278
f 3280//3280 3282//3282 3281//3281
f 3283//3283 3285//3285 3284//3284
f 3286//3286 3288//3288 3287//3287
f 3289//3289 3291//3291 3290//3290
f 3292//3292 3294//3294 3293//3293
f 3295//3295 3297//3297 3296//3296
f 3298//3298 3300//3300 3299//3299
f 3301//3301 3303//3303 3302//3302
f 3304//3304 3306//3306 3305//3305
f 3307//3307 3309//3309 3308//3308
f 3310//3310 3312//3312 3311//3311
f 3313//3313 3315//3315 3314//3314
f 3316//3316 3318//3318 3317//3317
f 3319//3319 3321//3321 3320//3320
f 3322//3322 3324//3324 3323//3323
f 3325//3325 3327//3327 3326//3326
f 3328//3328 3330//3330 3329//3329
f 3331//3331 3333//3333 3332//3332
f 3334//3334 3336//3336 3335//3335
f 3337//3337 3339//3339 3338//3338
f 3340//3340 3342//3342 3341//3341
f 3343//3343 3345//3345 3344//3344
f 3346//3346 3348//3348 3347//3347
f 3349//3349 3351//3351 3350//3350
f 3352//3352 3354//3354 3353//3353
f 3355//3355 3357//3357 3356//3356
f 3358//3358 3360//3360 3359//3359
f 3361//3361 3363//3363 3362//3362
f 3364//3364 3366//3366 3365//3365
f 3367//3367 3369//3369 3368//3368
f 3370//3370 3372//3372 3371//3371
f 3373//3373 3375//3375 3374//3374
f 3376//3376 3378//3378 3377//3377
f 3379//3379 3381//3381 3380//3380
f 3382//3382 3384//3384 3383//3383
f 3385//3385 3387//3387 3386//3386
f 3388//3388 3390//3390 3389//3389
f 3391//3391 3393//3393 3392//3392
f 3394//3394 3396//3396 3395//3395
f 3397//3397 3399//3399 3398//3398
f 3400//3400 3402//3402 3401//3401
f 3403//3403 3405//3405 3404//3404
f 3406//3406 3408//3408 3407//3407
f 3409//3409 3411//3411 3410//3410
f 3412//3412 3414//3414 3413//3413
f 3415//3415 3417//3417 3416//3416
f 3418//3418 3420//3420 3419//3419
f 3421//3421 3423//3423 3422//3422
f 3424//3424 3426//3426 3425//3425
f 3427//3427 3429//3429 3428//3428
f 3430//3430 3432//3432 3431//3431
f 3433//3433 3435//3435 3434//3434
f 3436//3436 3438//3438 3437//3437
f 3439//3439 3441//3441 3440//3440
f 3442//3442 3444//3444 3443//3443
f 3445//3445 3447//3447 3446//3446
f 3448//3448 3450//3450 3449//3449
f 3451//3451 3453//3453 3452//3452
f 3454//3454 3456//3456 3455//3455
f 3457//3457 3459//3459 3458//3458
f 3460//3460 3462//3462 3461//3461
f 3463//3463 3465//3465 3464//3464
f 3466//3466 3468//3468 3467//3467
f 3469//3469 3471//3471 3470//3470
f 3472//3472 3474//3474 3473//3473
f 3475//3475 3477//3477 3476//3476
f 3478//3478 3480//3480 3479//3479
f 3481//3481 3483//3483 3482//3482
f 3484//3484 3486//3486 3485//3485
f 3487//3487 3489//3489 3488//3488
f 3490//3490 3492//3492 3491//3491
f 3493//3493 3495//3495 3494//3494
f 3496//3496 3498//3498 3497//3497
f 3499//3499 3501//3501 3500//3500
f 3502//3502 3504//3504 3503//3503
f 3505//3505 3507//3507 3506//3506
f 3508//3508 3510//3510 3509//3509
f 3511//3511 3513//3513 3512//3512
f 3514//3514 3516//3516 3515//3515
f 3517//3517 3519//3519 3518//3518
f 3520//3520 3522//3522 3521//3521
f 3523//3523 3525//3525 3524//3524
f 3526//3526 3528//3528 3527//3527
f 3529//3529 3531//3531 3530//3530
f 3532//3532 3534//3534 3533//3533
f 3535//3535 3537//3537 3536//3536
f 3538//3538 3540//3540 3539//3539
f 3541//3541 3543//3543 3542//3542
f 3544//3544 3546//3546 3545//3545
f 3547//3547 3549//3549 3548//3548
f 3550//3550 3552//3552 3551//3551
f 3553//3553 3555//3555 3554//3554
f 3556//3556 3558//3558 3557//3557
f 3559//3559 3561//3561 3560//3560
f 3562//3562 3564//3564 3563//3563
f 3565//3565 3567//3567 3566//3566
f 3568//3568 3570//3570 3569//3569
f 3571//3571 3573//3573 3572//3572
f 3574//3574 3576//3576 3575//3575
f 3577//3577 3579//3579 3578//3578
f 3580//3580 3582//3582 3581//3581
f 3583//3583 3585//3585 3584//3584
f 3586//3586 3588//3588 3587//3587
f 3589//3589 3591//3591 3590//3590
f 3592//3592 3594//3594 3593//3593
f 3595//3595 3597//3597 3596//3596
f 3598//3598 3600//3600 3599//3599
f 3601//3601 3603//3603 3602//3602
f 3604//3604 3606//3606 3605//3605
f 3607//3607 3609//3609 3608//3608
f 3610//3610 3612//3612 3611//3611
f 3613//3613 3615//3615 3614//3614
f 3616//3616 3618//3618 3617//3617
f 3619//3619 3621//3621 3620//3620
f 3622//3622 3624//3624 3623//3623
f 3625//3625 3627//3627 3626//3626
f 3628//3628 3630//3630 3629//3629
f 3631//3631 3633//3633 3632//3632
f 3634//3634 3636//3636 3635//3635
f 3637//3637 3639//3639 3638//3638
f 3640//3640 3642//3642 3641//3641
f 3643//3643 3645//3645 3644//3644
f 3646//3646 3648//3648 3647//3647
f 3649//3649 3651//3651 3650//3650
f 3652//3652 3654//3654 3653//3653
f 3655//3655 3657//3657 3656//3656
f 3658//3658 3660//3660 3659//3659
f 3661//3661 3663//3663 3662//3662
f 3664//3664 3666//3666 3665//3665
f 3667//3667 3669//3669 3668//3668
f 3670//3670 3672//3672 3671//3671
f 3673//3673 3675//3675 3674//3674
f 3676//3676 3678//3678 3677//3677
f 3679//3679 3681//3681 3680//3680
f 3682//3682 3684//3684 3683//3683
f 3685//3685 3687//3687 3686//3686
f 3688//3688 3690//3690 3689//3689
f 3691//3691 3693//3693 3692//3692
f 3694//3694 3696//3696 3695//3695
f 3697//3697 3699//3699 3698//3698
f 3700//3700 3702//3702 3701//3701
f 3703//3703 3705//3705 3704//3704
f 3706//3706 3708//3708 3707//3707
f 3709//3709 3711//3711 3710//3710
f 3712//3712 3714//3714 3713//3713
f 3715//3715 3717//3717 3716//3716
f 3718//3718 3720//3720 3719//3719
f 3721//3721 3723//3723 3722//3722
f 3724//3724 3726//3726 3725//3725
f 3727//3727 3729//3729 3728//3728
f 3730//3730 3732//3732 3731//3731
f 3733//3733 3735//3735 3734//3734
f 3736//3736 3738//3738 3737//3737
f 3739//3739 3741//3741 3740//3740
f 3742//3742 3744//3744 3743//3743
f 3745//3745 3747//3747 3746//3746
f 3748//3748 3750//3750 3749//3749
f 3751//3751 3753//3753 3752//3752
f 3754//3754 3756//3756 3755//3755
f 3757//3757 3759//3759 3758//3758
f 3760//3760 3762//3762 3761//3761
f 3763//3763 3765//3765 3764//3764
f 3766//3766 3768//3768 3767//3767
f 3769//3769 3771//3771 3770//3770
f 3772//3772 3774//3774 3773//3773
f 3775//3775 3777//3777 3776//3776
f 3778//3778 3780//3780 3779//3779
o Wax_leaf
usemtl Pine
v -0.576704 0.96989 -0.18635
v -0.585325 0.930119 -0.123409
v -0.609235 0.91938 -0.151389
v -0.576704 0.96989 -0.18635
v -0.556618 0.943231 -0.108786
v -0.585325 0.930119 -0.123409
v -0.576704 0.96989 -0.18635
v -0.529815 0.955649 -0.11024
v -0.556618 0.943231 -0.108786
v -0.576704 0.96989 -0.18635
v -0.509566 0.965197 -0.125815
v -0.529815 0.955649 -0.11024
v -0.576704 0.96989 -0.18635
v -0.499128 0.970341 -0.153004
v -0.509566 0.965197 -0.125815
v -0.576704 0.96989 -0.18635
v -0.501765 0.969521 -0.187677
v -0.499128 0.970341 -0.153004
v -0.576704 0.96989 -0.18635
v -0.517458 0.962657 -0.221978
v -0.501765 0.969521 -0.187677
v -0.576704 0.96989 -0.18635
v -0.541826 0.951691 -0.248638
v -0.517458 0.962657 -0.221978
v -0.576704 0.96989 -0.18635
v -0.570012 0.938827 -0.263853
v -0.541826 0.951691 -0.248638
v -0.576704 0.96989 -0.18635
v -0.597449 0.926139 -0.264431
v -0.570012 0.938827 -0.263853
v -0.576704 0.96989 -0.18635
v -0.618044 0.916428 -0.24859
v -0.597449 0.926139 -0.264431
v -0.576704 0.96989 -0.18635
v -0.626965 0.911971 -0.220048
v -0.618044 0.916428 -0.24859
v -0.576704 0.96989 -0.18635
v -0.623642 0.913111 -0.18571
v -0.626965 0.911971 -0.220048
v -0.576704 0.96989 -0.18635
v -0.609235 0.91938 -0.151389
v -0.623642 0.913111 -0.18571
v -0.609235 0.91938 -0.151389
v -0.585325 0.930119 -0.123409
v -0.566782 0.836303 -0.066163
v -0.609235 0.91938 -0.151389
v -0.566782 0.836303 -0.066163
v -0.611866 0.816072 -0.120518
v -0.585325 0.930119 -0.123409
v -0.556618 0.943231 -0.108786
v -0.51173 0.861457 -0.038858
v -0.585325 0.930119 -0.123409
v -0.51173 0.861457 -0.038858
v -0.566782 0.836303 -0.066163
v -0.556618 0.943231 -0.108786
v -0.529815 0.955649 -0.11024
v -0.461293 0.884845 -0.043366
v -0.556618 0.943231 -0.108786
v -0.461293 0.884845 -0.043366
v -0.51173 0.861457 -0.038858
v -0.529815 0.955649 -0.11024
v -0.509566 0.965197 -0.125815
v -0.423072 0.902867 -0.072763
v -0.529815 0.955649 -0.11024
v -0.423072 0.902867 -0.072763
v -0.461293 0.884845 -0.043366
v -0.509566 0.965197 -0.125815
v -0.499128 0.970341 -0.153004
v -0.401916 0.91324 -0.12332
v -0.509566 0.965197 -0.125815
v -0.401916 0.91324 -0.12332
v -0.423072 0.902867 -0.072763
v -0.499128 0.970341 -0.153004
v -0.501765 0.969521 -0.187677
v -0.406345 0.911956 -0.18956
v -0.499128 0.970341 -0.153004
v -0.406345 0.911956 -0.18956
v -0.401916 0.91324 -0.12332
v -0.501765 0.969521 -0.187677
v -0.517458 0.962657 -0.221978
v -0.437296 0.89839 -0.254785
v -0.501765 0.969521 -0.187677
v -0.437296 0.89839 -0.254785
v -0.406345 0.911956 -0.18956
v -0.517458 0.962657 -0.221978
v -0.541826 0.951691 -0.248638
v -0.484041 0.877336 -0.304363
v -0.517458 0.962657 -0.221978
v -0.484041 0.877336 -0.304363
v -0.437296 0.89839 -0.254785
v -0.541826 0.951691 -0.248638
v -0.570012 0.938827 -0.263853
v -0.537206 0.853079 -0.333812
v -0.541826 0.951691 -0.248638
v -0.537206 0.853079 -0.333812
v -0.484041 0.877336 -0.304363
v -0.570012 0.938827 -0.263853
v -0.597449 0.926139 -0.264431
v -0.589939 0.828714 -0.336654
v -0.570012 0.938827 -0.263853
v -0.589939 0.828714 -0.336654
v -0.537206 0.853079 -0.333812
v -0.597449 0.926139 -0.264431
v -0.618044 0.916428 -0.24859
v -0.62941 0.810103 -0.306296
v -0.597449 0.926139 -0.264431
v -0.62941 0.810103 -0.306296
v -0.589939 0.828714 -0.336654
v -0.618044 0.916428 -0.24859
v -0.626965 0.911971 -0.220048
v -0.645077 0.802213 -0.250845
v -0.618044 0.916428 -0.24859
v -0.645077 0.802213 -0.250845
v -0.62941 0.810103 -0.306296
v -0.626965 0.911971 -0.220048
v -0.623642 0.913111 -0.18571
v -0.638168 0.804658 -0.185818
v -0.626965 0.911971 -0.220048
v -0.638168 0.804658 -0.185818
v -0.645077 0.802213 -0.250845
v -0.623642 0.913111 -0.18571
v -0.609235 0.91938 -0.151389
v -0.611866 0.816072 -0.120518
v -0.623642 0.913111 -0.18571
v -0.611866 0.816072 -0.120518
v -0.638168 0.804658 -0.185818
v -0.611866 0.816072 -0.120518
v -0.566782 0.836303 -0.066163
v -0.522717 0.69771 -0.020707
v -0.611866 0.816072 -0.120518
v -0.522717 0.69771 -0.020707
v -0.584341 0.670078 -0.096758
v -0.566782 0.836303 -0.066163
v -0.51173 0.861457 -0.038858
v -0.446456 0.732565 0.016318
v -0.566782 0.836303 -0.066163
v -0.446456 0.732565 0.016318
v -0.522717 0.69771 -0.020707
v -0.51173 0.861457 -0.038858
v -0.461293 0.884845 -0.043366
v -0.37763 0.764502 0.00821
v -0.51173 0.861457 -0.038858
v -0.37763 0.764502 0.00821
v -0.446456 0.732565 0.016318
v -0.461293 0.884845 -0.043366
v -0.423072 0.902867 -0.072763
v -0.325347 0.789155 -0.032002
v -0.461293 0.884845 -0.043366
v -0.325347 0.789155 -0.032002
v -0.37763 0.764502 0.00821
v -0.423072 0.902867 -0.072763
v -0.401916 0.91324 -0.12332
v -0.294806 0.804075 -0.10032
v -0.423072 0.902867 -0.072763
v -0.294806 0.804075 -0.10032
v -0.325347 0.789155 -0.032002
v -0.401916 0.91324 -0.12332
v -0.406345 0.911956 -0.18956
v -0.300261 0.802608 -0.191806
v -0.401916 0.91324 -0.12332
v -0.300261 0.802608 -0.191806
v -0.294806 0.804075 -0.10032
v -0.406345 0.911956 -0.18956
v -0.437296 0.89839 -0.254785
v -0.344066 0.783379 -0.281561
v -0.406345 0.911956 -0.18956
v -0.344066 0.783379 -0.281561
v -0.300261 0.802608 -0.191806
v -0.437296 0.89839 -0.254785
v -0.484041 0.877336 -0.304363
v -0.408834 0.754188 -0.348561
v -0.437296 0.89839 -0.254785
v -0.408834 0.754188 -0.348561
v -0.344066 0.783379 -0.281561
v -0.484041 0.877336 -0.304363
v -0.537206 0.853079 -0.333812
v -0.48152 0.721034 -0.38965
v -0.484041 0.877336 -0.304363
v -0.48152 0.721034 -0.38965
v -0.408834 0.754188 -0.348561
v -0.537206 0.853079 -0.333812
v -0.589939 0.828714 -0.336654
v -0.554697 0.687245 -0.395466
v -0.537206 0.853079 -0.333812
v -0.554697 0.687245 -0.395466
v -0.48152 0.721034 -0.38965
v -0.589939 0.828714 -0.336654
v -0.62941 0.810103 -0.306296
v -0.609347 0.661475 -0.353433
v -0.589939 0.828714 -0.336654
v -0.609347 0.661475 -0.353433
v -0.554697 0.687245 -0.395466
v -0.62941 0.810103 -0.306296
v -0.645077 0.802213 -0.250845
v -0.629489 0.65126 -0.275843
v -0.62941 0.810103 -0.306296
v -0.629489 0.65126 -0.275843
v -0.609347 0.661475 -0.353433
v -0.645077 0.802213 -0.250845
v -0.638168 0.804658 -0.185818
v -0.619338 0.654926 -0.186656
v -0.645077 0.802213 -0.250845
v -0.619338 0.654926 -0.186656
v -0.629489 0.65126 -0.275843
v -0.638168 0.804658 -0.185818
v -0.611866 0.816072 -0.120518
v -0.584341 0.670078 -0.096758
v -0.638168 0.804658 -0.185818
v -0.584341 0.670078 -0.096758
v -0.619338 0.654926 -0.186656
v -0.584341 0.670078 -0.096758
v -0.522717 0.69771 -0.020707
v -0.457234 0.528012 0.007902
v -0.584341 0.670078 -0.096758
v -0.457234 0.528012 0.007902
v -0.529353 0.49569 -0.082435
v -0.522717 0.69771 -0.020707
v -0.446456 0.732565 0.016318
v -0.367215 0.569162 0.051009
v -0.522717 0.69771 -0.020707
v -0.367215 0.569162 0.051009
v -0.457234 0.528012 0.007902
v -0.446456 0.732565 0.016318
v -0.37763 0.764502 0.00821
v -0.286754 0.606515 0.04004
v -0.446456 0.732565 0.016318
v -0.286754 0.606515 0.04004
v -0.367215 0.569162 0.051009
v -0.37763 0.764502 0.00821
v -0.325347 0.789155 -0.032002
v -0.225537 0.635381 -0.007044
v -0.37763 0.764502 0.00821
v -0.225537 0.635381 -0.007044
v -0.286754 0.606515 0.04004
v -0.325347 0.789155 -0.032002
v -0.294806 0.804075 -0.10032
v -0.18856 0.653406 -0.0864
v -0.325347 0.789155 -0.032002
v -0.18856 0.653406 -0.0864
v -0.225537 0.635381 -0.007044
v -0.294806 0.804075 -0.10032
v -0.300261 0.802608 -0.191806
v -0.194488 0.651909 -0.194186
v -0.294806 0.804075 -0.10032
v -0.194488 0.651909 -0.194186
v -0.18856 0.653406 -0.0864
v -0.300261 0.802608 -0.191806
v -0.344066 0.783379 -0.281561
v -0.246893 0.628882 -0.299685
v -0.300261 0.802608 -0.191806
v -0.246893 0.628882 -0.299685
v -0.194488 0.651909 -0.194186
v -0.344066 0.783379 -0.281561
v -0.408834 0.754188 -0.348561
v -0.323357 0.594405 -0.377514
v -0.344066 0.783379 -0.281561
v -0.323357 0.594405 -0.377514
v -0.246893 0.628882 -0.299685
v -0.408834 0.754188 -0.348561
v -0.48152 0.721034 -0.38965
v -0.408436 0.555606 -0.426236
v -0.408834 0.754188 -0.348561
v -0.408436 0.555606 -0.426236
v -0.323357 0.594405 -0.377514
v -0.48152 0.721034 -0.38965
v -0.554697 0.687245 -0.395466
v -0.494909 0.515694 -0.43451
v -0.48152 0.721034 -0.38965
v -0.494909 0.515694 -0.43451
v -0.408436 0.555606 -0.426236
v -0.554697 0.687245 -0.395466
v -0.609347 0.661475 -0.353433
v -0.559398 0.485284 -0.384909
v -0.554697 0.687245 -0.395466
v -0.559398 0.485284 -0.384909
v -0.494909 0.515694 -0.43451
v -0.609347 0.661475 -0.353433
v -0.629489 0.65126 -0.275843
v -0.582003 0.473761 -0.292739
v -0.609347 0.661475 -0.353433
v -0.582003 0.473761 -0.292739
v -0.559398 0.485284 -0.384909
v -0.629489 0.65126 -0.275843
v -0.619338 0.654926 -0.186656
v -0.569586 0.478297 -0.188131
v -0.629489 0.65126 -0.275843
v -0.569586 0.478297 -0.188131
v -0.582003 0.473761 -0.292739
v -0.619338 0.654926 -0.186656
v -0.584341 0.670078 -0.096758
v -0.529353 0.49569 -0.082435
v -0.619338 0.654926 -0.186656
v -0.529353 0.49569 -0.082435
v -0.569586 0.478297 -0.188131
v -0.529353 0.49569 -0.082435
v -0.457234 0.528012 0.007902
v -0.376573 0.343904 0.016372
v -0.529353 0.49569 -0.082435
v -0.376573 0.343904 0.016372
v -0.452285 0.309977 -0.078952
v -0.457234 0.528012 0.007902
v -0.367215 0.569162 0.051009
v -0.281787 0.387235 0.061546
v -0.457234 0.528012 0.007902
v -0.281787 0.387235 0.061546
v -0.376573 0.343904 0.016372
v -0.367215 0.569162 0.051009
v -0.286754 0.606515 0.04004
v -0.197348 0.426441 0.049492
v -0.367215 0.569162 0.051009
v -0.197348 0.426441 0.049492
v -0.281787 0.387235 0.061546
v -0.286754 0.606515 0.04004
v -0.225537 0.635381 -0.007044
v -0.133069 0.456751 0.000053
v -0.286754 0.606515 0.04004
v -0.133069 0.456751 0.000053
v -0.197348 0.426441 0.049492
v -0.225537 0.635381 -0.007044
v -0.18856 0.653406 -0.0864
v -0.093801 0.475879 -0.08304
v -0.225537 0.635381 -0.007044
v -0.093801 0.475879 -0.08304
v -0.133069 0.456751 0.000053
v -0.18856 0.653406 -0.0864
v -0.194488 0.651909 -0.194186
v -0.099858 0.474387 -0.196458
v -0.18856 0.653406 -0.0864
v -0.099858 0.474387 -0.196458
v -0.093801 0.475879 -0.08304
v -0.194488 0.651909 -0.194186
v -0.246893 0.628882 -0.299685
v -0.155289 0.450024 -0.307381
v -0.194488 0.651909 -0.194186
v -0.155289 0.450024 -0.307381
v -0.099858 0.474387 -0.196458
v -0.246893 0.628882 -0.299685
v -0.323357 0.594405 -0.377514
v -0.235805 0.413714 -0.388877
v -0.246893 0.628882 -0.299685
v -0.235805 0.413714 -0.388877
v -0.155289 0.450024 -0.307381
v -0.323357 0.594405 -0.377514
v -0.408436 0.555606 -0.426236
v -0.325129 0.372981 -0.440258
v -0.323357 0.594405 -0.377514
v -0.325129 0.372981 -0.440258
v -0.235805 0.413714 -0.388877
v -0.408436 0.555606 -0.426236
v -0.494909 0.515694 -0.43451
v -0.416215 0.330946 -0.449479
v -0.408436 0.555606 -0.426236
v -0.416215 0.330946 -0.449479
v -0.325129 0.372981 -0.440258
v -0.494909 0.515694 -0.43451
v -0.559398 0.485284 -0.384909
v -0.484112 0.29893 -0.397258
v -0.494909 0.515694 -0.43451
v -0.484112 0.29893 -0.397258
v -0.416215 0.330946 -0.449479
v -0.559398 0.485284 -0.384909
v -0.582003 0.473761 -0.292739
v -0.507491 0.286989 -0.299998
v -0.559398 0.485284 -0.384909
v -0.507491 0.286989 -0.299998
v -0.484112 0.29893 -0.397258
v -0.582003 0.473761 -0.292739
v -0.569586 0.478297 -0.188131
v -0.494259 0.291841 -0.190092
v -0.582003 0.473761 -0.292739
v -0.494259 0.291841 -0.190092
v -0.507491 0.286989 -0.299998
v -0.569586 0.478297 -0.188131
v -0.529353 0.49569 -0.082435
v -0.452285 0.309977 -0.078951
v -0.569586 0.478297 -0.188131
v -0.452285 0.309977 -0.078951
v -0.494259 0.291841 -0.190092
v -0.452285 0.309977 -0.078952
v -0.376573 0.343904 0.016372
v -0.288563 0.16344 0.003689
v -0.452285 0.309977 -0.078952
v -0.288563 0.16344 0.003689
v -0.360682 0.131118 -0.086648
v -0.376573 0.343904 0.016372
v -0.281787 0.387235 0.061546
v -0.198543 0.20459 0.046796
v -0.376573 0.343904 0.016372
v -0.198543 0.20459 0.046796
v -0.288563 0.16344 0.003689
v -0.281787 0.387235 0.061546
v -0.197348 0.426441 0.049492
v -0.118083 0.241943 0.035827
v -0.281787 0.387235 0.061546
v -0.118083 0.241943 0.035827
v -0.198543 0.20459 0.046796
v -0.197348 0.426441 0.049492
v -0.133069 0.456751 0.000053
v -0.056865 0.270809 -0.011257
v -0.197348 0.426441 0.049492
v -0.056865 0.270809 -0.011257
v -0.118083 0.241943 0.035827
v -0.133069 0.456751 0.000053
v -0.093801 0.475879 -0.08304
v -0.019889 0.288834 -0.090613
v -0.133069 0.456751 0.000053
v -0.019889 0.288834 -0.090613
v -0.056865 0.270809 -0.011257
v -0.093801 0.475879 -0.08304
v -0.099858 0.474387 -0.196458
v -0.025816 0.287337 -0.198398
v -0.093801 0.475879 -0.08304
v -0.025816 0.287337 -0.198398
v -0.019889 0.288834 -0.090613
v -0.099858 0.474387 -0.196458
v -0.155289 0.450024 -0.307381
v -0.078221 0.26431 -0.303897
v -0.099858 0.474387 -0.196458
v -0.078221 0.26431 -0.303897
v -0.025816 0.287337 -0.198398
v -0.155289 0.450024 -0.307381
v -0.235805 0.413714 -0.388877
v -0.154685 0.229833 -0.381726
v -0.155289 0.450024 -0.307381
v -0.154685 0.229833 -0.381726
v -0.078221 0.26431 -0.303897
v -0.235805 0.413714 -0.388877
v -0.325129 0.372981 -0.440258
v -0.239764 0.191034 -0.430449
v -0.235805 0.413714 -0.388877
v -0.239764 0.191034 -0.430449
v -0.154685 0.229833 -0.381726
v -0.325129 0.372981 -0.440258
v -0.416215 0.330946 -0.449479
v -0.326237 0.151122 -0.438723
v -0.325129 0.372981 -0.440258
v -0.326237 0.151122 -0.438723
v -0.239764 0.191034 -0.430449
v -0.416215 0.330946 -0.449479
v -0.484112 0.29893 -0.397258
v -0.390727 0.120712 -0.389122
v -0.416215 0.330946 -0.449479
v -0.390727 0.120712 -0.389122
v -0.326237 0.151122 -0.438723
v -0.484112 0.29893 -0.397258
v -0.507491 0.286989 -0.299998
v -0.413332 0.109189 -0.296952
v -0.484112 0.29893 -0.397258
v -0.413332 0.109189 -0.296952
v -0.390727 0.120712 -0.389122
v -0.507491 0.286989 -0.299998
v -0.494259 0.291841 -0.190092
v -0.400914 0.113725 -0.192344
v -0.507491 0.286989 -0.299998
v -0.400914 0.113725 -0.192344
v -0.413332 0.109189 -0.296952
v -0.494259 0.291841 -0.190092
v -0.452285 0.309977 -0.078951
v -0.360682 0.131118 -0.086648
v -0.494259 0.291841 -0.190092
v -0.360682 0.131118 -0.086648
v -0.400914 0.113725 -0.192344
v -0.360682 0.131118 -0.086648
v -0.288563 0.16344 0.003689
v -0.201885 0.004253 -0.028721
v -0.360682 0.131118 -0.086648
v -0.201885 0.004253 -0.028721
v -0.263509 -0.023379 -0.104771
v -0.288563 0.16344 0.003689
v -0.198543 0.20459 0.046796
v -0.125623 0.039108 0.008305
v -0.288563 0.16344 0.003689
v -0.125623 0.039108 0.008305
v -0.201885 0.004253 -0.028721
v -0.198543 0.20459 0.046796
v -0.118083 0.241943 0.035827
v -0.056797 0.071045 0.000197
v -0.198543 0.20459 0.046796
v -0.056797 0.071045 0.000197
v -0.125623 0.039108 0.008305
v -0.118083 0.241943 0.035827
v -0.056865 0.270809 -0.011257
v -0.004515 0.095698 -0.040015
v -0.118083 0.241943 0.035827
v -0.004515 0.095698 -0.040015
v -0.056797 0.071045 0.000197
v -0.056865 0.270809 -0.011257
v -0.019889 0.288834 -0.090613
v 0.026026 0.110618 -0.108333
v -0.056865 0.270809 -0.011257
v 0.026026 0.110618 -0.108333
v -0.004515 0.095698 -0.040015
v -0.019889 0.288834 -0.090613
v -0.025816 0.287337 -0.198398
v 0.020572 0.109151 -0.199819
v -0.019889 0.288834 -0.090613
v 0.020572 0.109151 -0.199819
v 0.026026 0.110618 -0.108333
v -0.025816 0.287337 -0.198398
v -0.078221 0.26431 -0.303897
v -0.023233 0.089922 -0.289575
v -0.025816 0.287337 -0.198398
v -0.023233 0.089922 -0.289575
v 0.020572 0.109151 -0.199819
v -0.078221 0.26431 -0.303897
v -0.154685 0.229833 -0.381726
v -0.088001 0.060731 -0.356574
v -0.078221 0.26431 -0.303897
v -0.088001 0.060731 -0.356574
v -0.023233 0.089922 -0.289575
v -0.154685 0.229833 -0.381726
v -0.239764 0.191034 -0.430449
v -0.160688 0.027577 -0.397663
v -0.154685 0.229833 -0.381726
v -0.160688 0.027577 -0.397663
v -0.088001 0.060731 -0.356574
v -0.239764 0.191034 -0.430449
v -0.326237 0.151122 -0.438723
v -0.233865 -0.006212 -0.403479
v -0.239764 0.191034 -0.430449
v -0.233865 -0.006212 -0.403479
v -0.160688 0.027577 -0.397663
v -0.326237 0.151122 -0.438723
v -0.390727 0.120712 -0.389122
v -0.288514 -0.031982 -0.361446
v -0.326237 0.151122 -0.438723
v -0.288514 -0.031982 -0.361446
v -0.233865 -0.006212 -0.403479
v -0.390727 0.120712 -0.389122
v -0.413332 0.109189 -0.296952
v -0.308656 -0.042197 -0.283856
v -0.390727 0.120712 -0.389122
v -0.308656 -0.042197 -0.283856
v -0.288514 -0.031982 -0.361446
v -0.413332 0.109189 -0.296952
v -0.400914 0.113725 -0.192344
v -0.298506 -0.038532 -0.194669
v -0.413332 0.109189 -0.296952
v -0.298506 -0.038532 -0.194669
v -0.308656 -0.042197 -0.283856
v -0.400914 0.113725 -0.192344
v -0.360682 0.131118 -0.086648
v -0.263508 -0.023379 -0.104771
v -0.400914 0.113725 -0.192344
v -0.263508 -0.023379 -0.104771
v -0.298506 -0.038532 -0.194669
v -0.263509 -0.023379 -0.104771
v -0.201885 0.004253 -0.028721
v -0.125193 -0.118159 -0.077192
v -0.263509 -0.023379 -0.104771
v -0.125193 -0.118159 -0.077192
v -0.170278 -0.13839 -0.131547
v -0.201885 0.004253 -0.028721
v -0.125623 0.039108 0.008305
v -0.070142 -0.093005 -0.049888
v -0.201885 0.004253 -0.028721
v -0.070142 -0.093005 -0.049888
v -0.125193 -0.118159 -0.077192
v -0.125623 0.039108 0.008305
v -0.056797 0.071045 0.000197
v -0.019704 -0.069617 -0.054396
v -0.125623 0.039108 0.008305
v -0.019704 -0.069617 -0.054396
v -0.070142 -0.093005 -0.049888
v -0.056797 0.071045 0.000197
v -0.004515 0.095698 -0.040015
v 0.018516 -0.051595 -0.083792
v -0.056797 0.071045 0.000197
v 0.018516 -0.051595 -0.083792
v -0.019704 -0.069617 -0.054396
v -0.004515 0.095698 -0.040015
v 0.026026 0.110618 -0.108333
v 0.039673 -0.041222 -0.13435
v -0.004515 0.095698 -0.040015
v 0.039673 -0.041222 -0.13435
v 0.018516 -0.051595 -0.083792
v 0.026026 0.110618 -0.108333
v 0.020572 0.109151 -0.199819
v 0.035243 -0.042506 -0.20059
v 0.026026 0.110618 -0.108333
v 0.035243 -0.042506 -0.20059
v 0.039673 -0.041222 -0.13435
v 0.020572 0.109151 -0.199819
v -0.023233 0.089922 -0.289575
v 0.004292 -0.056072 -0.265815
v 0.020572 0.109151 -0.199819
v 0.004292 -0.056072 -0.265815
v 0.035243 -0.042506 -0.20059
v -0.023233 0.089922 -0.289575
v -0.088001 0.060731 -0.356574
v -0.042452 -0.077126 -0.315392
v -0.023233 0.089922 -0.289575
v -0.042452 -0.077126 -0.315392
v 0.004292 -0.056072 -0.265815
v -0.088001 0.060731 -0.356574
v -0.160688 0.027577 -0.397663
v -0.095617 -0.101383 -0.344841
v -0.088001 0.060731 -0.356574
v -0.095617 -0.101383 -0.344841
v -0.042452 -0.077126 -0.315392
v -0.160688 0.027577 -0.397663
v -0.233865 -0.006212 -0.403479
v -0.148351 -0.125748 -0.347684
v -0.160688 0.027577 -0.397663
v -0.148351 -0.125748 -0.347684
v -0.095617 -0.101383 -0.344841
v -0.233865 -0.006212 -0.403479
v -0.288514 -0.031982 -0.361446
v -0.187821 -0.14436 -0.317326
v -0.233865 -0.006212 -0.403479
v -0.187821 -0.14436 -0.317326
v -0.148351 -0.125748 -0.347684
v -0.288514 -0.031982 -0.361446
v -0.308656 -0.042197 -0.283856
v -0.203488 -0.152249 -0.261874
v -0.288514 -0.031982 -0.361446
v -0.203488 -0.152249 -0.261874
v -0.187821 -0.14436 -0.317326
v -0.308656 -0.042197 -0.283856
v -0.298506 -0.038532 -0.194669
v -0.19658 -0.149804 -0.196848
v -0.308656 -0.042197 -0.283856
v -0.19658 -0.149804 -0.196848
v -0.203488 -0.152249 -0.261874
v -0.298506 -0.038532 -0.194669
v -0.263508 -0.023379 -0.104771
v -0.170278 -0.13839 -0.131547
v -0.298506 -0.038532 -0.194669
v -0.170278 -0.13839 -0.131547
v -0.19658 -0.149804 -0.196848
v -0.170278 -0.13839 -0.131547
v -0.125193 -0.118159 -0.077192
v -0.066207 -0.191919 -0.136375
v -0.170278 -0.13839 -0.131547
v -0.066207 -0.191919 -0.136375
v -0.090117 -0.202657 -0.164355
v -0.125193 -0.118159 -0.077192
v -0.070142 -0.093005 -0.049888
v -0.0375 -0.178806 -0.121752
v -0.125193 -0.118159 -0.077192
v -0.0375 -0.178806 -0.121752
v -0.066207 -0.191919 -0.136375
v -0.070142 -0.093005 -0.049888
v -0.019704 -0.069617 -0.054396
v -0.010697 -0.166389 -0.123206
v -0.070142 -0.093005 -0.049888
v -0.010697 -0.166389 -0.123206
v -0.0375 -0.178806 -0.121752
v -0.019704 -0.069617 -0.054396
v 0.018516 -0.051595 -0.083792
v 0.009552 -0.15684 -0.13878
v -0.019704 -0.069617 -0.054396
v 0.009552 -0.15684 -0.13878
v -0.010697 -0.166389 -0.123206
v 0.018516 -0.051595 -0.083792
v 0.039673 -0.041222 -0.13435
v 0.01999 -0.151697 -0.16597
v 0.018516 -0.051595 -0.083792
v 0.01999 -0.151697 -0.16597
v 0.009552 -0.15684 -0.13878
v 0.039673 -0.041222 -0.13435
v 0.035243 -0.042506 -0.20059
v 0.017353 -0.152516 -0.200643
v 0.039673 -0.041222 -0.13435
v 0.017353 -0.152516 -0.200643
v 0.01999 -0.151697 -0.16597
v 0.035243 -0.042506 -0.20059
v 0.004292 -0.056072 -0.265815
v 0.00166 -0.15938 -0.234943
v 0.035243 -0.042506 -0.20059
v 0.00166 -0.15938 -0.234943
v 0.017353 -0.152516 -0.200643
v 0.004292 -0.056072 -0.265815
v -0.042452 -0.077126 -0.315392
v -0.022708 -0.170346 -0.261603
v 0.004292 -0.056072 -0.265815
v -0.022708 -0.170346 -0.261603
v 0.00166 -0.15938 -0.234943
v -0.042452 -0.077126 -0.315392
v -0.095617 -0.101383 -0.344841
v -0.050893 -0.183211 -0.276818
v -0.042452 -0.077126 -0.315392
v -0.050893 -0.183211 -0.276818
v -0.022708 -0.170346 -0.261603
v -0.095617 -0.101383 -0.344841
v -0.148351 -0.125748 -0.347684
v -0.078331 -0.195898 -0.277396
v -0.095617 -0.101383 -0.344841
v -0.078331 -0.195898 -0.277396
v -0.050893 -0.183211 -0.276818
v -0.148351 -0.125748 -0.347684
v -0.187821 -0.14436 -0.317326
v -0.098926 -0.20561 -0.261556
v -0.148351 -0.125748 -0.347684
v -0.098926 -0.20561 -0.261556
v -0.078331 -0.195898 -0.277396
v -0.187821 -0.14436 -0.317326
v -0.203488 -0.152249 -0.261874
v -0.107847 -0.210067 -0.233014
v -0.187821 -0.14436 -0.317326
v -0.107847 -0.210067 -0.233014
v -0.098926 -0.20561 -0.261556
v -0.203488 -0.152249 -0.261874
v -0.19658 -0.149804 -0.196848
v -0.104524 -0.208926 -0.198676
v -0.203488 -0.152249 -0.261874
v -0.104524 -0.208926 -0.198676
v -0.107847 -0.210067 -0.233014
v -0.19658 -0.149804 -0.196848
v -0.170278 -0.13839 -0.131547
v -0.090117 -0.202657 -0.164355
v -0.19658 -0.149804 -0.196848
v -0.090117 -0.202657 -0.164355
v -0.104524 -0.208926 -0.198676
v -0.090117 -0.202657 -0.164355
v -0.066207 -0.191919 -0.136375
v -0.030871 -0.20989 -0.199983
v -0.066207 -0.191919 -0.136375
v -0.0375 -0.178806 -0.121752
v -0.030871 -0.20989 -0.199983
v -0.0375 -0.178806 -0.121752
v -0.010697 -0.166389 -0.123206
v -0.030871 -0.20989 -0.199983
v -0.010697 -0.166389 -0.123206
v 0.009552 -0.15684 -0.13878
v -0.030871 -0.20989 -0.199983
v 0.009552 -0.15684 -0.13878
v 0.01999 -0.151697 -0.16597
v -0.030871 -0.20989 -0.199983
v 0.01999 -0.151697 -0.16597
v 0.017353 -0.152516 -0.200643
v -0.030871 -0.20989 -0.199983
v 0.017353 -0.152516 -0.200643
v 0.00166 -0.15938 -0.234943
v -0.030871 -0.20989 -0.199983
v 0.00166 -0.15938 -0.234943
v -0.022708 -0.170346 -0.261603
v -0.030871 -0.20989 -0.199983
v -0.022708 -0.170346 -0.261603
v -0.050893 -0.183211 -0.276818
v -0.030871 -0.20989 -0.199983
v -0.050893 -0.183211 -0.276818
v -0.078331 -0.195898 -0.277396
v -0.030871 -0.20989 -0.199983
v -0.078331 -0.195898 -0.277396
v -0.098926 -0.20561 -0.261556
v -0.030871 -0.20989 -0.199983
v -0.098926 -0.20561 -0.261556
v -0.107847 -0.210067 -0.233014
v -0.030871 -0.20989 -0.199983
v -0.107847 -0.210067 -0.233014
v -0.104524 -0.208926 -0.198676
v -0.030871 -0.20989 -0.199983
v -0.104524 -0.208926 -0.198676
v -0.090117 -0.202657 -0.164355
v -0.030871 -0.20989 -0.199983
vn -0.676788 0.660673 0.32476
vn -0.676788 0.660673 0.32476
vn -0.676788 0.660673 0.32476
vn -0.540557 0.742685 0.395243
vn -0.540557 0.742685 0.395243
vn -0.540557 0.742685 0.395243
vn -0.37041 0.844748 0.386261
vn -0.37041 0.844748 0.386261
vn -0.37041 0.844748 0.386261
vn -0.206894 0.930713 0.30161
vn -0.206894 0.930713 0.30161
vn -0.206894 0.930713 0.30161
vn -0.073638 0.984689 0.158004
vn -0.073638 0.984689 0.158004
vn -0.073638 0.984689 0.158004
vn 0.004497 0.999702 -0.023975
vn 0.004497 0.999702 -0.023975
vn 0.004497 0.999702 -0.023975
vn 0.00134 0.980441 -0.19681
vn 0.00134 0.980441 -0.19681
vn 0.00134 0.980441 -0.19681
vn -0.076372 0.944743 -0.318792
vn -0.076372 0.944743 -0.318792
vn -0.076372 0.944743 -0.318792
vn -0.206856 0.901845 -0.379322
vn -0.206856 0.901845 -0.379322
vn -0.206856 0.901845 -0.379322
vn -0.383132 0.845493 -0.371957
vn -0.383132 0.845493 -0.371957
vn -0.383132 0.845493 -0.371957
vn -0.576093 0.768766 -0.277697
vn -0.576093 0.768766 -0.277697
vn -0.576093 0.768766 -0.277697
vn -0.715716 0.688665 -0.116156
vn -0.715716 0.688665 -0.116156
vn -0.715716 0.688665 -0.116156
vn -0.769343 0.636608 0.053305
vn -0.769343 0.636608 0.053305
vn -0.769343 0.636608 0.053305
vn -0.7537 0.625353 0.202163
vn -0.7537 0.625353 0.202163
vn -0.7537 0.625353 0.202163
vn -0.781568 0.20502 0.589168
vn -0.781568 0.20502 0.589168
vn -0.781568 0.20502 0.589168
vn -0.789337 0.19416 0.582452
vn -0.789337 0.19416 0.582452
vn -0.789337 0.19416 0.582452
vn -0.54714 0.349903 0.760399
vn -0.54714 0.349903 0.760399
vn -0.54714 0.349903 0.760399
vn -0.540953 0.357584 0.761251
vn -0.540953 0.357584 0.761251
vn -0.540953 0.357584 0.761251
vn -0.213009 0.553991 0.804811
vn -0.213009 0.553991 0.804811
vn -0.213009 0.553991 0.804811
vn -0.194811 0.573499 0.795705
vn -0.194811 0.573499 0.795705
vn -0.194811 0.573499 0.795705
vn 0.143675 0.749453 0.64628
vn 0.143675 0.749453 0.64628
vn 0.143675 0.749453 0.64628
vn 0.143675 0.749453 0.64628
vn 0.143675 0.749453 0.64628
vn 0.143675 0.749453 0.64628
vn 0.406124 0.856711 0.317976
vn 0.406124 0.856711 0.317976
vn 0.406124 0.856711 0.317976
vn 0.401945 0.849226 0.342426
vn 0.401945 0.849226 0.342426
vn 0.401945 0.849226 0.342426
vn 0.514787 0.855259 -0.05938
vn 0.514787 0.855259 -0.05938
vn 0.514787 0.855259 -0.05938
vn 0.517379 0.854226 -0.051152
vn 0.517379 0.854226 -0.051152
vn 0.517379 0.854226 -0.051152
vn 0.479982 0.791659 -0.378013
vn 0.479982 0.791659 -0.378013
vn 0.479982 0.791659 -0.378013
vn 0.470448 0.792512 -0.388077
vn 0.470448 0.792512 -0.388077
vn 0.470448 0.792512 -0.388077
vn 0.340032 0.718753 -0.606443
vn 0.340032 0.718753 -0.606443
vn 0.340032 0.718753 -0.606443
vn 0.326058 0.71964 -0.61303
vn 0.326058 0.71964 -0.61303
vn 0.326058 0.71964 -0.61303
vn 0.106901 0.65278 -0.749967
vn 0.106901 0.65278 -0.749967
vn 0.106901 0.65278 -0.749967
vn 0.11719 0.652297 -0.74885
vn 0.11719 0.652297 -0.74885
vn 0.11719 0.652297 -0.74885
vn -0.244748 0.565175 -0.78783
vn -0.244748 0.565175 -0.78783
vn -0.244748 0.565175 -0.78783
vn -0.218361 0.565397 -0.79539
vn -0.218361 0.565397 -0.79539
vn -0.218361 0.565397 -0.79539
vn -0.669666 0.408277 -0.620369
vn -0.669666 0.408277 -0.620369
vn -0.669666 0.408277 -0.620369
vn -0.669666 0.408277 -0.620369
vn -0.669666 0.408277 -0.620369
vn -0.669666 0.408277 -0.620369
vn -0.939019 0.227342 -0.257989
vn -0.939019 0.227342 -0.257989
vn -0.939019 0.227342 -0.257989
vn -0.944934 0.228278 -0.234499
vn -0.944934 0.228278 -0.234499
vn -0.944934 0.228278 -0.234499
vn -0.987037 0.132112 0.091129
vn -0.987037 0.132112 0.091129
vn -0.987037 0.132112 0.091129
vn -0.985859 0.134714 0.099673
vn -0.985859 0.134714 0.099673
vn -0.985859 0.134714 0.099673
vn -0.922361 0.131994 0.363081
vn -0.922361 0.131994 0.363081
vn -0.922361 0.131994 0.363081
vn -0.927753 0.123912 0.352024
vn -0.927753 0.123912 0.352024
vn -0.927753 0.123912 0.352024
vn -0.763569 -0.031234 0.64497
vn -0.763569 -0.031234 0.64497
vn -0.763569 -0.031234 0.64497
vn -0.768927 -0.041138 0.638011
vn -0.768927 -0.041138 0.638011
vn -0.768927 -0.041138 0.638011
vn -0.485883 0.124293 0.865141
vn -0.485883 0.124293 0.865141
vn -0.485883 0.124293 0.865141
vn -0.480929 0.131403 0.866857
vn -0.480929 0.131403 0.866857
vn -0.480929 0.131403 0.866857
vn -0.077299 0.346865 0.934724
vn -0.077299 0.346865 0.934724
vn -0.077299 0.346865 0.934724
vn -0.060764 0.366651 0.928372
vn -0.060764 0.366651 0.928372
vn -0.060764 0.366651 0.928372
vn 0.326697 0.554992 0.765019
vn 0.326697 0.554992 0.765019
vn 0.326697 0.554992 0.765019
vn 0.326697 0.554992 0.765019
vn 0.326697 0.554992 0.765019
vn 0.326697 0.554992 0.765019
vn 0.612137 0.684151 0.396517
vn 0.612137 0.684151 0.396517
vn 0.612137 0.684151 0.396517
vn 0.608808 0.673492 0.419239
vn 0.608808 0.673492 0.419239
vn 0.608808 0.673492 0.419239
vn 0.715754 0.695653 -0.061344
vn 0.715754 0.695653 -0.061344
vn 0.715754 0.695653 -0.061344
vn 0.718415 0.69352 -0.053947
vn 0.718415 0.69352 -0.053947
vn 0.718415 0.69352 -0.053947
vn 0.646339 0.625637 -0.436834
vn 0.646339 0.625637 -0.436834
vn 0.646339 0.625637 -0.436834
vn 0.637857 0.627979 -0.445849
vn 0.637857 0.627979 -0.445849
vn 0.637857 0.627979 -0.445849
vn 0.48418 0.542167 -0.68675
vn 0.48418 0.542167 -0.68675
vn 0.48418 0.542167 -0.68675
vn 0.47214 0.544183 -0.693505
vn 0.47214 0.544183 -0.693505
vn 0.47214 0.544183 -0.693505
vn 0.256341 0.466166 -0.846746
vn 0.256341 0.466166 -0.846746
vn 0.256341 0.466166 -0.846746
vn 0.265272 0.465121 -0.844567
vn 0.265272 0.465121 -0.844567
vn 0.265272 0.465121 -0.844567
vn -0.114881 0.356794 -0.927093
vn -0.114881 0.356794 -0.927093
vn -0.114881 0.356794 -0.927093
vn -0.090158 0.3554 -0.930356
vn -0.090158 0.3554 -0.930356
vn -0.090158 0.3554 -0.930356
vn -0.646248 0.150064 -0.748228
vn -0.646248 0.150064 -0.748228
vn -0.646248 0.150064 -0.748228
vn -0.646248 0.150064 -0.748228
vn -0.646248 0.150064 -0.748228
vn -0.646248 0.150064 -0.748228
vn -0.958985 -0.052911 -0.278474
vn -0.958985 -0.052911 -0.278474
vn -0.958985 -0.052911 -0.278474
vn -0.965185 -0.048787 -0.256978
vn -0.965185 -0.048787 -0.256978
vn -0.965185 -0.048787 -0.256978
vn -0.986148 -0.124629 0.109455
vn -0.986148 -0.124629 0.109455
vn -0.986148 -0.124629 0.109455
vn -0.98569 -0.121187 0.117167
vn -0.98569 -0.121187 0.117167
vn -0.98569 -0.121187 0.117167
vn -0.915235 -0.109448 0.387772
vn -0.915235 -0.109448 0.387772
vn -0.915235 -0.109448 0.387772
vn -0.918544 -0.117625 0.377414
vn -0.918544 -0.117625 0.377414
vn -0.918544 -0.117625 0.377414
vn -0.733758 -0.172348 0.657187
vn -0.733758 -0.172348 0.657187
vn -0.733758 -0.172348 0.657187
vn -0.736741 -0.178748 0.652121
vn -0.736741 -0.178748 0.652121
vn -0.736741 -0.178748 0.652121
vn -0.43036 -0.0171 0.902496
vn -0.43036 -0.0171 0.902496
vn -0.43036 -0.0171 0.902496
vn -0.427233 -0.012447 0.904056
vn -0.427233 -0.012447 0.904056
vn -0.427233 -0.012447 0.904056
vn 0.018774 0.207835 0.977984
vn 0.018774 0.207835 0.977984
vn 0.018774 0.207835 0.977984
vn 0.030047 0.221499 0.974698
vn 0.030047 0.221499 0.974698
vn 0.030047 0.221499 0.974698
vn 0.427635 0.408448 0.806411
vn 0.427635 0.408448 0.806411
vn 0.427635 0.408448 0.806411
vn 0.427635 0.408448 0.806411
vn 0.427635 0.408448 0.806411
vn 0.427635 0.408448 0.806411
vn 0.714895 0.54463 0.438524
vn 0.714895 0.54463 0.438524
vn 0.714895 0.54463 0.438524
vn 0.712155 0.535851 0.45354
vn 0.712155 0.535851 0.45354
vn 0.712155 0.535851 0.45354
vn 0.816706 0.574143 -0.057893
vn 0.816706 0.574143 -0.057893
vn 0.816706 0.574143 -0.057893
vn 0.818397 0.572209 -0.052951
vn 0.818397 0.572209 -0.052951
vn 0.818397 0.572209 -0.052951
vn 0.724784 0.510181 -0.463037
vn 0.724784 0.510181 -0.463037
vn 0.724784 0.510181 -0.463037
vn 0.719344 0.512301 -0.469141
vn 0.719344 0.512301 -0.469141
vn 0.719344 0.512301 -0.469141
vn 0.551219 0.424984 -0.718016
vn 0.551219 0.424984 -0.718016
vn 0.551219 0.424984 -0.718016
vn 0.543473 0.426629 -0.722928
vn 0.543473 0.426629 -0.722928
vn 0.543473 0.426629 -0.722928
vn 0.338614 0.343342 -0.876047
vn 0.338614 0.343342 -0.876047
vn 0.338614 0.343342 -0.876047
vn 0.344337 0.342594 -0.874106
vn 0.344337 0.342594 -0.874106
vn 0.344337 0.342594 -0.874106
vn -0.02154 0.214723 -0.976437
vn -0.02154 0.214723 -0.976437
vn -0.02154 0.214723 -0.976437
vn -0.005187 0.213752 -0.976874
vn -0.005187 0.213752 -0.976874
vn -0.005187 0.213752 -0.976874
vn -0.601172 -0.027752 -0.798638
vn -0.601172 -0.027752 -0.798638
vn -0.601172 -0.027752 -0.798638
vn -0.601172 -0.027752 -0.798638
vn -0.601172 -0.027752 -0.798638
vn -0.601172 -0.027752 -0.798638
vn -0.935648 -0.224377 -0.272429
vn -0.935648 -0.224377 -0.272429
vn -0.935648 -0.224377 -0.272429
vn -0.940576 -0.22051 -0.25825
vn -0.940576 -0.22051 -0.25825
vn -0.940576 -0.22051 -0.25825
vn -0.955346 -0.270101 0.119834
vn -0.955346 -0.270101 0.119834
vn -0.955346 -0.270101 0.119834
vn -0.955414 -0.267499 0.125014
vn -0.955414 -0.267499 0.125014
vn -0.955414 -0.267499 0.125014
vn -0.887861 -0.248135 0.387468
vn -0.887861 -0.248135 0.387468
vn -0.887861 -0.248135 0.387468
vn -0.889392 -0.253699 0.380289
vn -0.889392 -0.253699 0.380289
vn -0.889392 -0.253699 0.380289
vn -0.700341 -0.276556 0.658057
vn -0.700341 -0.276556 0.658057
vn -0.700341 -0.276556 0.658057
vn -0.701254 -0.2787 0.656177
vn -0.701254 -0.2787 0.656177
vn -0.701254 -0.2787 0.656177
vn -0.381067 -0.125886 0.915937
vn -0.381067 -0.125886 0.915937
vn -0.381067 -0.125886 0.915937
vn -0.380007 -0.124316 0.916592
vn -0.380007 -0.124316 0.916592
vn -0.380007 -0.124316 0.916592
vn 0.090184 0.096806 0.991209
vn 0.090184 0.096806 0.991209
vn 0.090184 0.096806 0.991209
vn 0.094202 0.101598 0.990355
vn 0.094202 0.101598 0.990355
vn 0.094202 0.101598 0.990355
vn 0.494517 0.288562 0.819869
vn 0.494517 0.288562 0.819869
vn 0.494517 0.288562 0.819869
vn 0.494517 0.288562 0.819869
vn 0.494517 0.288562 0.819869
vn 0.494517 0.288562 0.819869
vn 0.779744 0.424913 0.459836
vn 0.779744 0.424913 0.459836
vn 0.779744 0.424913 0.459836
vn 0.778561 0.421496 0.464957
vn 0.778561 0.421496 0.464957
vn 0.778561 0.421496 0.464957
vn 0.880826 0.470239 -0.054968
vn 0.880826 0.470239 -0.054968
vn 0.880826 0.470239 -0.054968
vn 0.881358 0.46944 -0.053239
vn 0.881358 0.46944 -0.053239
vn 0.881358 0.46944 -0.053239
vn 0.774418 0.417095 -0.475718
vn 0.774418 0.417095 -0.475718
vn 0.774418 0.417095 -0.475718
vn 0.772605 0.417965 -0.477899
vn 0.772605 0.417965 -0.477899
vn 0.772605 0.417965 -0.477899
vn 0.594211 0.333932 -0.731712
vn 0.594211 0.333932 -0.731712
vn 0.594211 0.333932 -0.731712
vn 0.591598 0.334556 -0.733542
vn 0.591598 0.334556 -0.733542
vn 0.591598 0.334556 -0.733542
vn 0.393945 0.247667 -0.885138
vn 0.393945 0.247667 -0.885138
vn 0.393945 0.247667 -0.885138
vn 0.395869 0.247428 -0.884346
vn 0.395869 0.247428 -0.884346
vn 0.395869 0.247428 -0.884346
vn 0.048403 0.101131 -0.993695
vn 0.048403 0.101131 -0.993695
vn 0.048403 0.101131 -0.993695
vn 0.053995 0.10091 -0.993429
vn 0.053995 0.10091 -0.993429
vn 0.053995 0.10091 -0.993429
vn -0.550005 -0.167991 -0.818091
vn -0.550005 -0.167991 -0.818091
vn -0.550005 -0.167991 -0.818091
vn -0.550005 -0.167991 -0.818091
vn -0.550005 -0.167991 -0.818091
vn -0.550005 -0.167991 -0.818091
vn -0.899316 -0.348515 -0.264135
vn -0.899316 -0.348515 -0.264135
vn -0.899316 -0.348515 -0.264135
vn -0.901335 -0.346957 -0.259261
vn -0.901335 -0.346957 -0.259261
vn -0.901335 -0.346957 -0.259261
vn -0.919428 -0.37276 0.125307
vn -0.919428 -0.37276 0.125307
vn -0.919428 -0.37276 0.125307
vn -0.919567 -0.3718 0.127127
vn -0.919567 -0.3718 0.127127
vn -0.919567 -0.3718 0.127127
vn -0.855729 -0.347929 0.382981
vn -0.855729 -0.347929 0.382981
vn -0.855729 -0.347929 0.382981
vn -0.856093 -0.349856 0.380402
vn -0.856093 -0.349856 0.380402
vn -0.856093 -0.349856 0.380402
vn -0.659931 -0.367884 0.655098
vn -0.659931 -0.367884 0.655098
vn -0.659931 -0.367884 0.655098
vn -0.659099 -0.365837 0.657078
vn -0.659099 -0.365837 0.657078
vn -0.659099 -0.365837 0.657078
vn -0.333101 -0.225749 0.915468
vn -0.333101 -0.225749 0.915468
vn -0.333101 -0.225749 0.915468
vn -0.334146 -0.22725 0.914715
vn -0.334146 -0.22725 0.914715
vn -0.334146 -0.22725 0.914715
vn 0.146089 -0.010504 0.989216
vn 0.146089 -0.010504 0.989216
vn 0.146089 -0.010504 0.989216
vn 0.14199 -0.015217 0.989751
vn 0.14199 -0.015217 0.989751
vn 0.14199 -0.015217 0.989751
vn 0.547288 0.174503 0.818551
vn 0.547288 0.174503 0.818551
vn 0.547288 0.174503 0.818551
vn 0.547288 0.174503 0.818551
vn 0.547288 0.174503 0.818551
vn 0.547288 0.174503 0.818551
vn 0.830302 0.309329 0.463588
vn 0.830302 0.309329 0.463588
vn 0.830302 0.309329 0.463588
vn 0.831702 0.312957 0.458617
vn 0.831702 0.312957 0.458617
vn 0.831702 0.312957 0.458617
vn 0.928235 0.367994 -0.054408
vn 0.928235 0.367994 -0.054408
vn 0.928235 0.367994 -0.054408
vn 0.927776 0.36889 -0.056142
vn 0.927776 0.36889 -0.056142
vn 0.927776 0.36889 -0.056142
vn 0.813937 0.328785 -0.478965
vn 0.813937 0.328785 -0.478965
vn 0.813937 0.328785 -0.478965
vn 0.815651 0.32781 -0.476712
vn 0.815651 0.32781 -0.476712
vn 0.815651 0.32781 -0.476712
vn 0.630887 0.249755 -0.734577
vn 0.630887 0.249755 -0.734577
vn 0.630887 0.249755 -0.734577
vn 0.633398 0.249106 -0.732635
vn 0.633398 0.249106 -0.732635
vn 0.633398 0.249106 -0.732635
vn 0.437448 0.157506 -0.885342
vn 0.437448 0.157506 -0.885342
vn 0.437448 0.157506 -0.885342
vn 0.435593 0.157703 -0.886222
vn 0.435593 0.157703 -0.886222
vn 0.435593 0.157703 -0.886222
vn 0.104093 -0.007404 -0.99454
vn 0.104093 -0.007404 -0.99454
vn 0.104093 -0.007404 -0.99454
vn 0.098621 -0.007381 -0.995098
vn 0.098621 -0.007381 -0.995098
vn 0.098621 -0.007381 -0.995098
vn -0.49131 -0.294857 -0.819557
vn -0.49131 -0.294857 -0.819557
vn -0.49131 -0.294857 -0.819557
vn -0.49131 -0.294857 -0.819557
vn -0.49131 -0.294857 -0.819557
vn -0.49131 -0.294857 -0.819557
vn -0.85135 -0.455321 -0.26055
vn -0.85135 -0.455321 -0.26055
vn -0.85135 -0.455321 -0.26055
vn -0.848979 -0.456974 -0.265349
vn -0.848979 -0.456974 -0.265349
vn -0.848979 -0.456974 -0.265349
vn -0.878011 -0.461732 0.126094
vn -0.878011 -0.461732 0.126094
vn -0.878011 -0.461732 0.126094
vn -0.877756 -0.462714 0.124261
vn -0.877756 -0.462714 0.124261
vn -0.877756 -0.462714 0.124261
vn -0.816787 -0.434649 0.379393
vn -0.816787 -0.434649 0.379393
vn -0.816787 -0.434649 0.379393
vn -0.816559 -0.432762 0.382031
vn -0.816559 -0.432762 0.382031
vn -0.816559 -0.432762 0.382031
vn -0.605339 -0.461627 0.648433
vn -0.605339 -0.461627 0.648433
vn -0.605339 -0.461627 0.648433
vn -0.603098 -0.456094 0.654409
vn -0.603098 -0.456094 0.654409
vn -0.603098 -0.456094 0.654409
vn -0.279309 -0.332593 0.90076
vn -0.279309 -0.332593 0.90076
vn -0.279309 -0.332593 0.90076
vn -0.282306 -0.336611 0.89833
vn -0.282306 -0.336611 0.89833
vn -0.282306 -0.336611 0.89833
vn 0.194226 -0.13298 0.971902
vn 0.194226 -0.13298 0.971902
vn 0.194226 -0.13298 0.971902
vn 0.182238 -0.145869 0.972374
vn 0.182238 -0.145869 0.972374
vn 0.182238 -0.145869 0.972374
vn 0.595232 0.046199 0.802225
vn 0.595232 0.046199 0.802225
vn 0.595232 0.046199 0.802225
vn 0.595232 0.046199 0.802225
vn 0.595232 0.046199 0.802225
vn 0.595232 0.046199 0.802225
vn 0.875124 0.180835 0.44884
vn 0.875124 0.180835 0.44884
vn 0.875124 0.180835 0.44884
vn 0.879761 0.19155 0.435119
vn 0.879761 0.19155 0.435119
vn 0.879761 0.19155 0.435119
vn 0.966081 0.251956 -0.056625
vn 0.966081 0.251956 -0.056625
vn 0.966081 0.251956 -0.056625
vn 0.96504 0.254757 -0.061618
vn 0.96504 0.254757 -0.061618
vn 0.96504 0.254757 -0.061618
vn 0.850819 0.229454 -0.472714
vn 0.850819 0.229454 -0.472714
vn 0.850819 0.229454 -0.472714
vn 0.855352 0.226394 -0.46596
vn 0.855352 0.226394 -0.46596
vn 0.855352 0.226394 -0.46596
vn 0.669233 0.155842 -0.726527
vn 0.669233 0.155842 -0.726527
vn 0.669233 0.155842 -0.726527
vn 0.676035 0.153982 -0.720601
vn 0.676035 0.153982 -0.720601
vn 0.676035 0.153982 -0.720601
vn 0.477212 0.054946 -0.877069
vn 0.477212 0.054946 -0.877069
vn 0.477212 0.054946 -0.877069
vn 0.472113 0.055312 -0.879801
vn 0.472113 0.055312 -0.879801
vn 0.472113 0.055312 -0.879801
vn 0.153442 -0.129358 -0.979654
vn 0.153442 -0.129358 -0.979654
vn 0.153442 -0.129358 -0.979654
vn 0.138114 -0.130114 -0.981832
vn 0.138114 -0.130114 -0.981832
vn 0.138114 -0.130114 -0.981832
vn -0.417391 -0.424982 -0.803228
vn -0.417391 -0.424982 -0.803228
vn -0.417391 -0.424982 -0.803228
vn -0.417391 -0.424982 -0.803228
vn -0.417391 -0.424982 -0.803228
vn -0.417391 -0.424982 -0.803228
vn -0.7829 -0.564044 -0.262529
vn -0.7829 -0.564044 -0.262529
vn -0.7829 -0.564044 -0.262529
vn -0.774848 -0.568704 -0.276019
vn -0.774848 -0.568704 -0.276019
vn -0.774848 -0.568704 -0.276019
vn -0.822736 -0.555234 0.121741
vn -0.822736 -0.555234 0.121741
vn -0.822736 -0.555234 0.121741
vn -0.821612 -0.558027 0.116448
vn -0.821612 -0.558027 0.116448
vn -0.821612 -0.558027 0.116448
vn -0.76349 -0.524423 0.376913
vn -0.76349 -0.524423 0.376913
vn -0.76349 -0.524423 0.376913
vn -0.763205 -0.519209 0.38463
vn -0.763205 -0.519209 0.38463
vn -0.763205 -0.519209 0.38463
vn -0.520278 -0.575717 0.630762
vn -0.520278 -0.575717 0.630762
vn -0.520278 -0.575717 0.630762
vn -0.516982 -0.56814 0.640271
vn -0.516982 -0.56814 0.640271
vn -0.516982 -0.56814 0.640271
vn -0.205276 -0.465438 0.860947
vn -0.205276 -0.465438 0.860947
vn -0.205276 -0.465438 0.860947
vn -0.209886 -0.470803 0.856909
vn -0.209886 -0.470803 0.856909
vn -0.209886 -0.470803 0.856909
vn 0.245208 -0.293895 0.92385
vn 0.245208 -0.293895 0.92385
vn 0.245208 -0.293895 0.92385
vn 0.226805 -0.311255 0.922865
vn 0.226805 -0.311255 0.922865
vn 0.226805 -0.311255 0.922865
vn 0.641197 -0.124778 0.757163
vn 0.641197 -0.124778 0.757163
vn 0.641197 -0.124778 0.757163
vn 0.641197 -0.124778 0.757163
vn 0.641197 -0.124778 0.757163
vn 0.641197 -0.124778 0.757163
vn 0.911916 0.011672 0.410211
vn 0.911916 0.011672 0.410211
vn 0.911916 0.011672 0.410211
vn 0.920093 0.027743 0.390716
vn 0.920093 0.027743 0.390716
vn 0.920093 0.027743 0.390716
vn 0.993484 0.096419 -0.060776
vn 0.993484 0.096419 -0.060776
vn 0.993484 0.096419 -0.060776
vn 0.992547 0.100911 -0.068325
vn 0.992547 0.100911 -0.068325
vn 0.992547 0.100911 -0.068325
vn 0.886704 0.093488 -0.452787
vn 0.886704 0.093488 -0.452787
vn 0.886704 0.093488 -0.452787
vn 0.892626 0.088598 -0.442007
vn 0.892626 0.088598 -0.442007
vn 0.892626 0.088598 -0.442007
vn 0.712992 0.026261 -0.700681
vn 0.712992 0.026261 -0.700681
vn 0.712992 0.026261 -0.700681
vn 0.72234 0.02371 -0.691131
vn 0.72234 0.02371 -0.691131
vn 0.72234 0.02371 -0.691131
vn 0.519702 -0.085937 -0.850015
vn 0.519702 -0.085937 -0.850015
vn 0.519702 -0.085937 -0.850015
vn 0.512468 -0.085914 -0.854398
vn 0.512468 -0.085914 -0.854398
vn 0.512468 -0.085914 -0.854398
vn 0.207319 -0.288072 -0.934898
vn 0.207319 -0.288072 -0.934898
vn 0.207319 -0.288072 -0.934898
vn 0.185079 -0.291077 -0.938627
vn 0.185079 -0.291077 -0.938627
vn 0.185079 -0.291077 -0.938627
vn -0.310619 -0.575375 -0.756611
vn -0.310619 -0.575375 -0.756611
vn -0.310619 -0.575375 -0.756611
vn -0.310619 -0.575375 -0.756611
vn -0.310619 -0.575375 -0.756611
vn -0.310619 -0.575375 -0.756611
vn -0.670063 -0.693305 -0.265223
vn -0.670063 -0.693305 -0.265223
vn -0.670063 -0.693305 -0.265223
vn -0.655676 -0.699293 -0.284741
vn -0.655676 -0.699293 -0.284741
vn -0.655676 -0.699293 -0.284741
vn -0.731765 -0.672469 0.110925
vn -0.731765 -0.672469 0.110925
vn -0.731765 -0.672469 0.110925
vn -0.729314 -0.676395 0.102913
vn -0.729314 -0.676395 0.102913
vn -0.729314 -0.676395 0.102913
vn -0.677343 -0.635392 0.370788
vn -0.677343 -0.635392 0.370788
vn -0.677343 -0.635392 0.370788
vn -0.677523 -0.628104 0.382684
vn -0.677523 -0.628104 0.382684
vn -0.677523 -0.628104 0.382684
vn -0.354732 -0.741079 0.57006
vn -0.354732 -0.741079 0.57006
vn -0.354732 -0.741079 0.57006
vn -0.350655 -0.734175 0.581402
vn -0.350655 -0.734175 0.581402
vn -0.350655 -0.734175 0.581402
vn -0.072458 -0.656466 0.750868
vn -0.072458 -0.656466 0.750868
vn -0.072458 -0.656466 0.750868
vn -0.078078 -0.661149 0.746181
vn -0.078078 -0.661149 0.746181
vn -0.078078 -0.661149 0.746181
vn 0.316107 -0.530064 0.786835
vn 0.316107 -0.530064 0.786835
vn 0.316107 -0.530064 0.786835
vn 0.295068 -0.545043 0.784769
vn 0.295068 -0.545043 0.784769
vn 0.295068 -0.545043 0.784769
vn 0.669856 -0.387852 0.633138
vn 0.669856 -0.387852 0.633138
vn 0.669856 -0.387852 0.633138
vn 0.669856 -0.387852 0.633138
vn 0.669856 -0.387852 0.633138
vn 0.669856 -0.387852 0.633138
vn 0.909348 -0.2559 0.328027
vn 0.909348 -0.2559 0.328027
vn 0.909348 -0.2559 0.328027
vn 0.920709 -0.23943 0.308169
vn 0.920709 -0.23943 0.308169
vn 0.920709 -0.23943 0.308169
vn 0.985092 -0.160172 -0.062767
vn 0.985092 -0.160172 -0.062767
vn 0.985092 -0.160172 -0.062767
vn 0.985317 -0.15514 -0.071289
vn 0.985317 -0.15514 -0.071289
vn 0.985317 -0.15514 -0.071289
vn 0.905369 -0.142585 -0.39997
vn 0.905369 -0.142585 -0.39997
vn 0.905369 -0.142585 -0.39997
vn 0.910218 -0.147837 -0.386843
vn 0.910218 -0.147837 -0.386843
vn 0.910218 -0.147837 -0.386843
vn 0.75392 -0.201178 -0.625405
vn 0.75392 -0.201178 -0.625405
vn 0.75392 -0.201178 -0.625405
vn 0.762898 -0.202873 -0.613865
vn 0.762898 -0.202873 -0.613865
vn 0.762898 -0.202873 -0.613865
vn 0.56676 -0.320997 -0.758778
vn 0.56676 -0.320997 -0.758778
vn 0.56676 -0.320997 -0.758778
vn 0.559345 -0.322214 -0.763748
vn 0.559345 -0.322214 -0.763748
vn 0.559345 -0.322214 -0.763748
vn 0.284459 -0.521849 -0.804212
vn 0.284459 -0.521849 -0.804212
vn 0.284459 -0.521849 -0.804212
vn 0.261412 -0.528527 -0.807665
vn 0.261412 -0.528527 -0.807665
vn 0.261412 -0.528527 -0.807665
vn -0.127873 -0.76277 -0.633901
vn -0.127873 -0.76277 -0.633901
vn -0.127873 -0.76277 -0.633901
vn -0.127873 -0.76277 -0.633901
vn -0.127873 -0.76277 -0.633901
vn -0.127873 -0.76277 -0.633901
vn -0.445209 -0.860343 -0.24819
vn -0.445209 -0.860343 -0.24819
vn -0.445209 -0.860343 -0.24819
vn -0.426775 -0.863656 -0.268257
vn -0.426775 -0.863656 -0.268257
vn -0.426775 -0.863656 -0.268257
vn -0.53702 -0.838904 0.088594
vn -0.53702 -0.838904 0.088594
vn -0.53702 -0.838904 0.088594
vn -0.533177 -0.842253 0.079573
vn -0.533177 -0.842253 0.079573
vn -0.533177 -0.842253 0.079573
vn -0.499406 -0.79669 0.340409
vn -0.499406 -0.79669 0.340409
vn -0.499406 -0.79669 0.340409
vn -0.500337 -0.790006 0.354335
vn -0.500337 -0.790006 0.354335
vn -0.500337 -0.790006 0.354335
vn 0.068187 -0.949537 0.306153
vn 0.068187 -0.949537 0.306153
vn 0.068187 -0.949537 0.306153
vn 0.219506 -0.900137 0.376259
vn 0.219506 -0.900137 0.376259
vn 0.219506 -0.900137 0.376259
vn 0.407363 -0.836354 0.366835
vn 0.407363 -0.836354 0.366835
vn 0.407363 -0.836354 0.366835
vn 0.577993 -0.765765 0.282006
vn 0.577993 -0.765765 0.282006
vn 0.577993 -0.765765 0.282006
vn 0.704135 -0.696413 0.138578
vn 0.704135 -0.696413 0.138578
vn 0.704135 -0.696413 0.138578
vn 0.76456 -0.64312 -0.042959
vn 0.76456 -0.64312 -0.042959
vn 0.76456 -0.64312 -0.042959
vn 0.746315 -0.62977 -0.215417
vn 0.746315 -0.62977 -0.215417
vn 0.746315 -0.62977 -0.215417
vn 0.667724 -0.663568 -0.337377
vn 0.667724 -0.663568 -0.337377
vn 0.667724 -0.663568 -0.337377
vn 0.550022 -0.734093 -0.398227
vn 0.550022 -0.734093 -0.398227
vn 0.550022 -0.734093 -0.398227
vn 0.393017 -0.832099 -0.391343
vn 0.393017 -0.832099 -0.391343
vn 0.393017 -0.832099 -0.391343
vn 0.210449 -0.931289 -0.297342
vn 0.210449 -0.931289 -0.297342
vn 0.210449 -0.931289 -0.297342
vn 0.060434 -0.988927 -0.135542
vn 0.060434 -0.988927 -0.135542
vn 0.060434 -0.988927 -0.135542
vn -0.012465 -0.99933 0.0344
vn -0.012465 -0.99933 0.0344
vn -0.012465 -0.99933 0.0344
vn -0.009604 -0.982958 0.183578
vn -0.009604 -0.982958 0.183578
vn -0.009604 -0.982958 0.183578
f 3781//3781 3783//3783 3782//3782
f 3784//3784 3786//3786 3785//3785
f 3787//3787 3789//3789 3788//3788
f 3790//3790 3792//3792 3791//3791
f 3793//3793 3795//3795 3794//3794
f 3796//3796 3798//3798 3797//3797
f 3799//3799 3801//3801 3800//3800
f 3802//3802 3804//3804 3803//3803
f 3805//3805 3807//3807 3806//3806
f 3808//3808 3810//3810 3809//3809
f 3811//3811 3813//3813 3812//3812
f 3814//3814 3816//3816 3815//3815
f 3817//3817 3819//3819 3818//3818
f 3820//3820 3822//3822 3821//3821
f 3823//3823 3825//3825 3824//3824
f 3826//3826 3828//3828 3827//3827
f 3829//3829 3831//3831 3830//3830
f 3832//3832 3834//3834 3833//3833
f 3835//3835 3837//3837 3836//3836
f 3838//3838 3840//3840 3839//3839
f 3841//3841 3843//3843 3842//3842
f 3844//3844 3846//3846 3845//3845
f 3847//3847 3849//3849 3848//3848
f 3850//3850 3852//3852 3851//3851
f 3853//3853 3855//3855 3854//3854
f 3856//3856 3858//3858 3857//3857
f 3859//3859 3861//3861 3860//3860
f 3862//3862 3864//3864 3863//3863
f 3865//3865 3867//3867 3866//3866
f 3868//3868 3870//3870 3869//3869
f 3871//3871 3873//3873 3872//3872
f 3874//3874 3876//3876 3875//3875
f 3877//3877 3879//3879 3878//3878
f 3880//3880 3882//3882 3881//3881
f 3883//3883 3885//3885 3884//3884
f 3886//3886 3888//3888 3887//3887
f 3889//3889 3891//3891 3890//3890
f 3892//3892 3894//3894 3893//3893
f 3895//3895 3897//3897 3896//3896
f 3898//3898 3900//3900 3899//3899
f 3901//3901 3903//3903 3902//3902
f 3904//3904 3906//3906 3905//3905
f 3907//3907 3909//3909 3908//3908
f 3910//3910 3912//3912 3911//3911
f 3913//3913 3915//3915 3914//3914
f 3916//3916 3918//3918 3917//3917
f 3919//3919 3921//3921 3920//3920
f 3922//3922 3924//3924 3923//3923
f 3925//3925 3927//3927 3926//3926
f 3928//3928 3930//3930 3929//3929
f 3931//3931 3933//3933 3932//3932
f 3934//3934 3936//3936 3935//3935
f 3937//3937 3939//3939 3938//3938
f 3940//3940 3942//3942 3941//3941
f 3943//3943 3945//3945 3944//3944
f 3946//3946 3948//3948 3947//3947
f 3949//3949 3951//3951 3950//3950
f 3952//3952 3954//3954 3953//3953
f 3955//3955 3957//3957 3956//3956
f 3958//3958 3960//3960 3959//3959
f 3961//3961 3963//3963 3962//3962
f 3964//3964 3966//3966 3965//3965
f 3967//3967 3969//3969 3968//3968
f 3970//3970 3972//3972 3971//3971
f 3973//3973 3975//3975 3974//3974
f 3976//3976 3978//3978 3977//3977
f 3979//3979 3981//3981 3980//3980
f 3982//3982 3984//3984 3983//3983
f 3985//3985 3987//3987 3986//3986
f 3988//3988 3990//3990 3989//3989
f 3991//3991 3993//3993 3992//3992
f 3994//3994 3996//3996 3995//3995
f 3997//3997 3999//3999 3998//3998
f 4000//4000 4002//4002 4001//4001
f 4003//4003 4005//4005 4004//4004
f 4006//4006 4008//4008 4007//4007
f 4009//4009 4011//4011 4010//4010
f 4012//4012 4014//4014 4013//4013
f 4015//4015 4017//4017 4016//4016
f 4018//4018 4020//4020 4019//4019
f 4021//4021 4023//4023 4022//4022
f 4024//4024 4026//4026 4025//4025
f 4027//4027 4029//4029 4028//4028
f 4030//4030 4032//4032 4031//4031
f 4033//4033 4035//4035 4034//4034
f 4036//4036 4038//4038 4037//4037
f 4039//4039 4041//4041 4040//4040
f 4042//4042 4044//4044 4043//4043
f 4045//4045 4047//4047 4046//4046
f 4048//4048 4050//4050 4049//4049
f 4051//4051 4053//4053 4052//4052
f 4054//4054 4056//4056 4055//4055
f 4057//4057 4059//4059 4058//4058
f 4060//4060 4062//4062 4061//4061
f 4063//4063 4065//4065 4064//4064
f 4066//4066 4068//4068 4067//4067
f 4069//4069 4071//4071 4070//4070
f 4072//4072 4074//4074 4073//4073
f 4075//4075 4077//4077 4076//4076
f 4078//4078 4080//4080 4079//4079
f 4081//4081 4083//4083 4082//4082
f 4084//4084 4086//4086 4085//4085
f 4087//4087 4089//4089 4088//4088
f 4090//4090 4092//4092 4091//4091
f 4093//4093 4095//4095 4094//4094
f 4096//4096 4098//4098 4097//4097
f 4099//4099 4101//4101 4100//4100
f 4102//4102 4104//4104 4103//4103
f 4105//4105 4107//4107 4106//4106
f 4108//4108 4110//4110 4109//4109
f 4111//4111 4113//4113 4112//4112
f 4114//4114 4116//4116 4115//4115
f 4117//4117 4119//4119 4118//4118
f 4120//4120 4122//4122 4121//4121
f 4123//4123 4125//4125 4124//4124
f 4126//4126 4128//4128 4127//4127
f 4129//4129 4131//4131 4130//4130
f 4132//4132 4134//4134 4133//4133
f 4135//4135 4137//4137 4136//4136
f 4138//4138 4140//4140 4139//4139
f 4141//4141 4143//4143 4142//4142
f 4144//4144 4146//4146 4145//4145
f 4147//4147 4149//4149 4148//4148
f 4150//4150 4152//4152 4151//4151
f 4153//4153 4155//4155 4154//4154
f 4156//4156 4158//4158 4157//4157
f 4159//4159 4161//4161 4160//4160
f 4162//4162 4164//4164 4163//4163
f 4165//4165 4167//4167 4166//4166
f 4168//4168 4170//4170 4169//4169
f 4171//4171 4173//4173 4172//4172
f 4174//4174 4176//4176 4175//4175
f 4177//4177 4179//4179 4178//4178
f 4180//4180 4182//4182 4181//4181
f 4183//4183 4185//4185 4184//4184
f 4186//4186 4188//4188 4187//4187
f 4189//4189 4191//4191 4190//4190
f 4192//4192 4194//4194 4193//4193
f 4195//4195 4197//4197 4196//4196
f 4198//4198 4200//4200 4199//4199
f 4201//4201 4203//4203 4202//4202
f 4204//4204 4206//4206 4205//4205
f 4207//4207 4209//4209 4208//4208
f 4210//4210 4212//4212 4211//4211
f 4213//4213 4215//4215 4214//4214
f 4216//4216 4218//4218 4217//4217
f 4219//4219 4221//4221 4220//4220
f 4222//4222 4224//4224 4223//4223
f 4225//4225 4227//4227 4226//4226
f 4228//4228 4230//4230 4229//4229
f 4231//4231 4233//4233 4232//4232
f 4234//4234 4236//4236 4235//4235
f 4237//4237 4239//4239 4238//4238
f 4240//4240 4242//4242 4241//4241
f 4243//4243 4245//4245 4244//4244
f 4246//4246 4248//4248 4247//4247
f 4249//4249 4251//4251 4250//4250
f 4252//4252 4254//4254 4253//4253
f 4255//4255 4257//4257 4256//4256
f 4258//4258 4260//4260 4259//4259
f 4261//4261 4263//4263 4262//4262
f 4264//4264 4266//4266 4265//4265
f 4267//4267 4269//4269 4268//4268
f 4270//4270 4272//4272 4271//4271
f 4273//4273 4275//4275 4274//4274
f 4276//4276 4278//4278 4277//4277
f 4279//4279 4281//4281 4280//4280
f 4282//4282 4284//4284 4283//4283
f 4285//4285 4287//4287 4286//4286
f 4288//4288 4290//4290 4289//4289
f 4291//4291 4293//4293 4292//4292
f 4294//4294 4296//4296 4295//4295
f 4297//4297 4299//4299 4298//4298
f 4300//4300 4302//4302 4301//4301
f 4303//4303 4305//4305 4304//4304
f 4306//4306 4308//4308 4307//4307
f 4309//4309 4311//4311 4310//4310
f 4312//4312 4314//4314 4313//4313
f 4315//4315 4317//4317 4316//4316
f 4318//4318 4320//4320 4319//4319
f 4321//4321 4323//4323 4322//4322
f 4324//4324 4326//4326 4325//4325
f 4327//4327 4329//4329 4328//4328
f 4330//4330 4332//4332 4331//4331
f 4333//4333 4335//4335 4334//4334
f 4336//4336 4338//4338 4337//4337
f 4339//4339 4341//4341 4340//4340
f 4342//4342 4344//4344 4343//4343
f 4345//4345 4347//4347 4346//4346
f 4348//4348 4350//4350 4349//4349
f 4351//4351 4353//4353 4352//4352
f 4354//4354 4356//4356 4355//4355
f 4357//4357 4359//4359 4358//4358
f 4360//4360 4362//4362 4361//4361
f 4363//4363 4365//4365 4364//4364
f 4366//4366 4368//4368 4367//4367
f 4369//4369 4371//4371 4370//4370
f 4372//4372 4374//4374 4373//4373
f 4375//4375 4377//4377 4376//4376
f 4378//4378 4380//4380 4379//4379
f 4381//4381 4383//4383 4382//4382
f 4384//4384 4386//4386 4385//4385
f 4387//4387 4389//4389 4388//4388
f 4390//4390 4392//4392 4391//4391
f 4393//4393 4395//4395 4394//4394
f 4396//4396 4398//4398 4397//4397
f 4399//4399 4401//4401 4400//4400
f 4402//4402 4404//4404 4403//4403
f 4405//4405 4407//4407 4406//4406
f 4408//4408 4410//4410 4409//4409
f 4411//4411 4413//4413 4412//4412
f 4414//4414 4416//4416 4415//4415
f 4417//4417 4419//4419 4418//4418
f 4420//4420 4422//4422 4421//4421
f 4423//4423 4425//4425 4424//4424
f 4426//4426 4428//4428 4427//4427
f 4429//4429 4431//4431 4430//4430
f 4432//4432 4434//4434 4433//4433
f 4435//4435 4437//4437 4436//4436
f 4438//4438 4440//4440 4439//4439
f 4441//4441 4443//4443 4442//4442
f 4444//4444 4446//4446 4445//4445
f 4447//4447 4449//4449 4448//4448
f 4450//4450 4452//4452 4451//4451
f 4453//4453 4455//4455 4454//4454
f 4456//4456 4458//4458 4457//4457
f 4459//4459 4461//4461 4460//4460
f 4462//4462 4464//4464 4463//4463
f 4465//4465 4467//4467 4466//4466
f 4468//4468 4470//4470 4469//4469
f 4471//4471 4473//4473 4472//4472
f 4474//4474 4476//4476 4475//4475
f 4477//4477 4479//4479 4478//4478
f 4480//4480 4482//4482 4481//4481
f 4483//4483 4485//4485 4484//4484
f 4486//4486 4488//4488 4487//4487
f 4489//4489 4491//4491 4490//4490
f 4492//4492 4494//4494 4493//4493
f 4495//4495 4497//4497 4496//4496
f 4498//4498 4500//4500 4499//4499
f 4501//4501 4503//4503 4502//4502
f 4504//4504 4506//4506 4505//4505
f 4507//4507 4509//4509 4508//4508
f 4510//4510 4512//4512 4511//4511
f 4513//4513 4515//4515 4514//4514
f 4516//4516 4518//4518 4517//4517
f 4519//4519 4521//4521 4520//4520
f 4522//4522 4524//4524 4523//4523
f 4525//4525 4527//4527 4526//4526
f 4528//4528 4530//4530 4529//4529
f 4531//4531 4533//4533 4532//4532
f 4534//4534 4536//4536 4535//4535
o Wax_leaf
usemtl Mint
v -0.180636 0.969343 0.350015
v -0.188636 0.930791 0.286238
v -0.154024 0.946878 0.289858
v -0.180636 0.969343 0.350015
v -0.218844 0.916697 0.296174
v -0.188636 0.930791 0.286238
v -0.180636 0.969343 0.350015
v -0.238012 0.907697 0.31682
v -0.218844 0.916697 0.296174
v -0.180636 0.969343 0.350015
v -0.243834 0.904882 0.343315
v -0.238012 0.907697 0.31682
v -0.180636 0.969343 0.350015
v -0.235373 0.908704 0.371395
v -0.243834 0.904882 0.343315
v -0.180636 0.969343 0.350015
v -0.21266 0.919173 0.395569
v -0.235373 0.908704 0.371395
v -0.180636 0.969343 0.350015
v -0.180411 0.934118 0.409939
v -0.21266 0.919173 0.395569
v -0.180636 0.969343 0.350015
v -0.146246 0.950003 0.41223
v -0.180411 0.934118 0.409939
v -0.180636 0.969343 0.350015
v -0.116073 0.964076 0.403121
v -0.146246 0.950003 0.41223
v -0.180636 0.969343 0.350015
v -0.095216 0.973859 0.383541
v -0.116073 0.964076 0.403121
v -0.180636 0.969343 0.350015
v -0.089294 0.976722 0.356594
v -0.095216 0.973859 0.383541
v -0.180636 0.969343 0.350015
v -0.099699 0.971995 0.328603
v -0.089294 0.976722 0.356594
v -0.180636 0.969343 0.350015
v -0.122723 0.961378 0.305181
v -0.099699 0.971995 0.328603
v -0.180636 0.969343 0.350015
v -0.154024 0.946878 0.289858
v -0.122723 0.961378 0.305181
v -0.154024 0.946878 0.289858
v -0.188636 0.930791 0.286238
v -0.169398 0.83815 0.227332
v -0.154024 0.946878 0.289858
v -0.169398 0.83815 0.227332
v -0.103179 0.868924 0.235356
v -0.188636 0.930791 0.286238
v -0.218844 0.916697 0.296174
v -0.226888 0.811326 0.24694
v -0.188636 0.930791 0.286238
v -0.226888 0.811326 0.24694
v -0.169398 0.83815 0.227332
v -0.218844 0.916697 0.296174
v -0.238012 0.907697 0.31682
v -0.261898 0.794877 0.287126
v -0.218844 0.916697 0.296174
v -0.261898 0.794877 0.287126
v -0.226888 0.811326 0.24694
v -0.238012 0.907697 0.31682
v -0.243834 0.904882 0.343315
v -0.272886 0.789563 0.337134
v -0.238012 0.907697 0.31682
v -0.272886 0.789563 0.337134
v -0.261898 0.794877 0.287126
v -0.243834 0.904882 0.343315
v -0.235373 0.908704 0.371395
v -0.25846 0.796058 0.390621
v -0.243834 0.904882 0.343315
v -0.25846 0.796058 0.390621
v -0.272886 0.789563 0.337134
v -0.235373 0.908704 0.371395
v -0.21266 0.919173 0.395569
v -0.215525 0.815844 0.437249
v -0.235373 0.908704 0.371395
v -0.215525 0.815844 0.437249
v -0.25846 0.796058 0.390621
v -0.21266 0.919173 0.395569
v -0.180411 0.934118 0.409939
v -0.15337 0.844653 0.463765
v -0.21266 0.919173 0.395569
v -0.15337 0.844653 0.463765
v -0.215525 0.815844 0.437249
v -0.180411 0.934118 0.409939
v -0.146246 0.950003 0.41223
v -0.088768 0.874693 0.466982
v -0.180411 0.934118 0.409939
v -0.088768 0.874693 0.466982
v -0.15337 0.844653 0.463765
v -0.146246 0.950003 0.41223
v -0.116073 0.964076 0.403121
v -0.031406 0.901446 0.450366
v -0.146246 0.950003 0.41223
v -0.031406 0.901446 0.450366
v -0.088768 0.874693 0.466982
v -0.116073 0.964076 0.403121
v -0.095216 0.973859 0.383541
v 0.009717 0.920724 0.414037
v -0.116073 0.964076 0.403121
v 0.009717 0.920724 0.414037
v -0.031406 0.901446 0.450366
v -0.095216 0.973859 0.383541
v -0.089294 0.976722 0.356594
v 0.021065 0.926211 0.362393
v -0.095216 0.973859 0.383541
v 0.021065 0.926211 0.362393
v 0.009717 0.920724 0.414037
v -0.089294 0.976722 0.356594
v -0.099699 0.971995 0.328603
v -0.000392 0.916444 0.309226
v -0.089294 0.976722 0.356594
v -0.000392 0.916444 0.309226
v 0.021065 0.926211 0.362393
v -0.099699 0.971995 0.328603
v -0.122723 0.961378 0.305181
v -0.044455 0.896122 0.265321
v -0.099699 0.971995 0.328603
v -0.044455 0.896122 0.265321
v -0.000392 0.916444 0.309226
v -0.122723 0.961378 0.305181
v -0.154024 0.946878 0.289858
v -0.103179 0.868924 0.235356
v -0.122723 0.961378 0.305181
v -0.103179 0.868924 0.235356
v -0.044455 0.896122 0.265321
v -0.103179 0.868924 0.235356
v -0.169398 0.83815 0.227332
v -0.12464 0.700564 0.179557
v -0.103179 0.868924 0.235356
v -0.12464 0.700564 0.179557
v -0.033079 0.74311 0.191846
v -0.169398 0.83815 0.227332
v -0.226888 0.811326 0.24694
v -0.2038 0.663625 0.207319
v -0.169398 0.83815 0.227332
v -0.2038 0.663625 0.207319
v -0.12464 0.700564 0.179557
v -0.226888 0.811326 0.24694
v -0.261898 0.794877 0.287126
v -0.250404 0.641717 0.263629
v -0.226888 0.811326 0.24694
v -0.250404 0.641717 0.263629
v -0.2038 0.663625 0.207319
v -0.261898 0.794877 0.287126
v -0.272886 0.789563 0.337134
v -0.265436 0.634448 0.332036
v -0.261898 0.794877 0.287126
v -0.265436 0.634448 0.332036
v -0.250404 0.641717 0.263629
v -0.272886 0.789563 0.337134
v -0.25846 0.796058 0.390621
v -0.247401 0.642541 0.405738
v -0.272886 0.789563 0.337134
v -0.247401 0.642541 0.405738
v -0.265436 0.634448 0.332036
v -0.25846 0.796058 0.390621
v -0.215525 0.815844 0.437249
v -0.188598 0.669635 0.47062
v -0.25846 0.796058 0.390621
v -0.188598 0.669635 0.47062
v -0.247401 0.642541 0.405738
v -0.215525 0.815844 0.437249
v -0.15337 0.844653 0.463765
v -0.10216 0.709704 0.506223
v -0.215525 0.815844 0.437249
v -0.10216 0.709704 0.506223
v -0.188598 0.669635 0.47062
v -0.15337 0.844653 0.463765
v -0.088768 0.874693 0.466982
v -0.013662 0.750862 0.509407
v -0.15337 0.844653 0.463765
v -0.013662 0.750862 0.509407
v -0.10216 0.709704 0.506223
v -0.088768 0.874693 0.466982
v -0.031406 0.901446 0.450366
v 0.065257 0.787665 0.48731
v -0.088768 0.874693 0.466982
v 0.065257 0.787665 0.48731
v -0.013662 0.750862 0.509407
v -0.031406 0.901446 0.450366
v 0.009717 0.920724 0.414037
v 0.123442 0.814931 0.438307
v -0.031406 0.901446 0.450366
v 0.123442 0.814931 0.438307
v 0.065257 0.787665 0.48731
v 0.009717 0.920724 0.414037
v 0.021065 0.926211 0.362393
v 0.139154 0.822529 0.366803
v 0.009717 0.920724 0.414037
v 0.139154 0.822529 0.366803
v 0.123442 0.814931 0.438307
v 0.021065 0.926211 0.362393
v -0.000392 0.916444 0.309226
v 0.107799 0.808237 0.293707
v 0.021065 0.926211 0.362393
v 0.107799 0.808237 0.293707
v 0.139154 0.822529 0.366803
v -0.000392 0.916444 0.309226
v -0.044455 0.896122 0.265321
v 0.04686 0.780128 0.233981
v -0.000392 0.916444 0.309226
v 0.04686 0.780128 0.233981
v 0.107799 0.808237 0.293707
v -0.044455 0.896122 0.265321
v -0.103179 0.868924 0.235356
v -0.033079 0.74311 0.191846
v -0.044455 0.896122 0.265321
v -0.033079 0.74311 0.191846
v 0.04686 0.780128 0.233981
v -0.033079 0.74311 0.191846
v -0.12464 0.700564 0.179557
v -0.058537 0.531593 0.148199
v -0.033079 0.74311 0.191846
v -0.058537 0.531593 0.148199
v 0.049416 0.581752 0.163585
v -0.12464 0.700564 0.179557
v -0.2038 0.663625 0.207319
v -0.151621 0.488155 0.18142
v -0.12464 0.700564 0.179557
v -0.151621 0.488155 0.18142
v -0.058537 0.531593 0.148199
v -0.2038 0.663625 0.207319
v -0.250404 0.641717 0.263629
v -0.205211 0.462954 0.248371
v -0.2038 0.663625 0.207319
v -0.205211 0.462954 0.248371
v -0.151621 0.488155 0.18142
v -0.250404 0.641717 0.263629
v -0.265436 0.634448 0.332036
v -0.222812 0.454443 0.328468
v -0.250404 0.641717 0.263629
v -0.222812 0.454443 0.328468
v -0.205211 0.462954 0.248371
v -0.265436 0.634448 0.332036
v -0.247401 0.642541 0.405738
v -0.202986 0.463316 0.415173
v -0.265436 0.634448 0.332036
v -0.202986 0.463316 0.415173
v -0.222812 0.454443 0.328468
v -0.247401 0.642541 0.405738
v -0.188598 0.669635 0.47062
v -0.134079 0.495063 0.491978
v -0.247401 0.642541 0.405738
v -0.134079 0.495063 0.491978
v -0.202986 0.463316 0.415173
v -0.188598 0.669635 0.47062
v -0.10216 0.709704 0.506223
v -0.031794 0.542481 0.533158
v -0.188598 0.669635 0.47062
v -0.031794 0.542481 0.533158
v -0.134079 0.495063 0.491978
v -0.10216 0.709704 0.506223
v -0.013662 0.750862 0.509407
v 0.071925 0.590722 0.535961
v -0.10216 0.709704 0.506223
v 0.071925 0.590722 0.535961
v -0.031794 0.542481 0.533158
v -0.013662 0.750862 0.509407
v 0.065257 0.787665 0.48731
v 0.164675 0.633973 0.51057
v -0.013662 0.750862 0.509407
v 0.164675 0.633973 0.51057
v 0.071925 0.590722 0.535961
v 0.065257 0.787665 0.48731
v 0.123442 0.814931 0.438307
v 0.234271 0.666579 0.453717
v 0.065257 0.787665 0.48731
v 0.234271 0.666579 0.453717
v 0.164675 0.633973 0.51057
v 0.123442 0.814931 0.438307
v 0.139154 0.822529 0.366803
v 0.252812 0.675545 0.369339
v 0.123442 0.814931 0.438307
v 0.252812 0.675545 0.369339
v 0.234271 0.666579 0.453717
v 0.139154 0.822529 0.366803
v 0.107799 0.808237 0.293707
v 0.214577 0.658104 0.283473
v 0.139154 0.822529 0.366803
v 0.214577 0.658104 0.283473
v 0.252812 0.675545 0.369339
v 0.107799 0.808237 0.293707
v 0.04686 0.780128 0.233981
v 0.142718 0.624956 0.213793
v 0.107799 0.808237 0.293707
v 0.142718 0.624956 0.213793
v 0.214577 0.658104 0.283473
v 0.04686 0.780128 0.233981
v -0.033079 0.74311 0.191846
v 0.049416 0.581752 0.163585
v 0.04686 0.780128 0.233981
v 0.049416 0.581752 0.163585
v 0.142718 0.624956 0.213793
v 0.049416 0.581752 0.163585
v -0.058537 0.531593 0.148199
v 0.022606 0.347854 0.136822
v 0.049416 0.581752 0.163585
v 0.022606 0.347854 0.136822
v 0.136229 0.400646 0.153341
v -0.058537 0.531593 0.148199
v -0.151621 0.488155 0.18142
v -0.075277 0.302175 0.171964
v -0.058537 0.531593 0.148199
v -0.075277 0.302175 0.171964
v 0.022606 0.347854 0.136822
v -0.151621 0.488155 0.18142
v -0.205211 0.462954 0.248371
v -0.131192 0.275877 0.242634
v -0.151621 0.488155 0.18142
v -0.131192 0.275877 0.242634
v -0.075277 0.302175 0.171964
v -0.205211 0.462954 0.248371
v -0.222812 0.454443 0.328468
v -0.149673 0.26694 0.326738
v -0.205211 0.462954 0.248371
v -0.149673 0.26694 0.326738
v -0.131192 0.275877 0.242634
v -0.222812 0.454443 0.328468
v -0.202986 0.463316 0.415173
v -0.129325 0.276039 0.417927
v -0.222812 0.454443 0.328468
v -0.129325 0.276039 0.417927
v -0.149673 0.26694 0.326738
v -0.202986 0.463316 0.415173
v -0.134079 0.495063 0.491978
v -0.056952 0.309381 0.498878
v -0.202986 0.463316 0.415173
v -0.056952 0.309381 0.498878
v -0.129325 0.276039 0.417927
v -0.134079 0.495063 0.491978
v -0.031794 0.542481 0.533158
v 0.05084 0.359354 0.541933
v -0.134079 0.495063 0.491978
v 0.05084 0.359354 0.541933
v -0.056952 0.309381 0.498878
v -0.031794 0.542481 0.533158
v 0.071925 0.590722 0.535961
v 0.159782 0.410025 0.544539
v -0.031794 0.542481 0.533158
v 0.159782 0.410025 0.544539
v 0.05084 0.359354 0.541933
v 0.071925 0.590722 0.535961
v 0.164675 0.633973 0.51057
v 0.257296 0.455497 0.518053
v 0.071925 0.590722 0.535961
v 0.257296 0.455497 0.518053
v 0.159782 0.410025 0.544539
v 0.164675 0.633973 0.51057
v 0.234271 0.666579 0.453717
v 0.330906 0.489981 0.458548
v 0.164675 0.633973 0.51057
v 0.330906 0.489981 0.458548
v 0.257296 0.455497 0.518053
v 0.234271 0.666579 0.453717
v 0.252812 0.675545 0.369339
v 0.350427 0.499421 0.369712
v 0.234271 0.666579 0.453717
v 0.350427 0.499421 0.369712
v 0.330906 0.489981 0.458548
v 0.252812 0.675545 0.369339
v 0.214577 0.658104 0.283473
v 0.309726 0.480851 0.279449
v 0.252812 0.675545 0.369339
v 0.309726 0.480851 0.279449
v 0.350427 0.499421 0.369712
v 0.214577 0.658104 0.283473
v 0.142718 0.624956 0.213793
v 0.23409 0.445959 0.206376
v 0.214577 0.658104 0.283473
v 0.23409 0.445959 0.206376
v 0.309726 0.480851 0.279449
v 0.142718 0.624956 0.213793
v 0.049416 0.581752 0.163585
v 0.136229 0.400646 0.153341
v 0.142718 0.624956 0.213793
v 0.136229 0.400646 0.153341
v 0.23409 0.445959 0.206376
v 0.136229 0.400646 0.153341
v 0.022606 0.347854 0.136822
v 0.11091 0.167359 0.146729
v 0.136229 0.400646 0.153341
v 0.11091 0.167359 0.146729
v 0.218863 0.217519 0.162115
v 0.022606 0.347854 0.136822
v -0.075277 0.302175 0.171964
v 0.017826 0.123922 0.17995
v 0.022606 0.347854 0.136822
v 0.017826 0.123922 0.17995
v 0.11091 0.167359 0.146729
v -0.075277 0.302175 0.171964
v -0.131192 0.275877 0.242634
v -0.035764 0.09872 0.246901
v -0.075277 0.302175 0.171964
v -0.035764 0.09872 0.246901
v 0.017826 0.123922 0.17995
v -0.131192 0.275877 0.242634
v -0.149673 0.26694 0.326738
v -0.053365 0.090209 0.326998
v -0.131192 0.275877 0.242634
v -0.053365 0.090209 0.326998
v -0.035764 0.09872 0.246901
v -0.149673 0.26694 0.326738
v -0.129325 0.276039 0.417927
v -0.033539 0.099083 0.413703
v -0.149673 0.26694 0.326738
v -0.033539 0.099083 0.413703
v -0.053365 0.090209 0.326998
v -0.129325 0.276039 0.417927
v -0.056952 0.309381 0.498878
v 0.035368 0.130829 0.490509
v -0.129325 0.276039 0.417927
v 0.035368 0.130829 0.490509
v -0.033539 0.099083 0.413703
v -0.056952 0.309381 0.498878
v 0.05084 0.359354 0.541933
v 0.137653 0.178248 0.531688
v -0.056952 0.309381 0.498878
v 0.137653 0.178248 0.531688
v 0.035368 0.130829 0.490509
v 0.05084 0.359354 0.541933
v 0.159782 0.410025 0.544539
v 0.241372 0.226488 0.534491
v 0.05084 0.359354 0.541933
v 0.241372 0.226488 0.534491
v 0.137653 0.178248 0.531688
v 0.159782 0.410025 0.544539
v 0.257296 0.455497 0.518053
v 0.334122 0.269739 0.5091
v 0.159782 0.410025 0.544539
v 0.334122 0.269739 0.5091
v 0.241372 0.226488 0.534491
v 0.257296 0.455497 0.518053
v 0.330906 0.489981 0.458548
v 0.403718 0.302345 0.452247
v 0.257296 0.455497 0.518053
v 0.403718 0.302345 0.452247
v 0.334122 0.269739 0.5091
v 0.330906 0.489981 0.458548
v 0.350427 0.499421 0.369712
v 0.422259 0.311311 0.367869
v 0.330906 0.489981 0.458548
v 0.422259 0.311311 0.367869
v 0.403718 0.302345 0.452247
v 0.350427 0.499421 0.369712
v 0.309726 0.480851 0.279449
v 0.384024 0.29387 0.282003
v 0.350427 0.499421 0.369712
v 0.384024 0.29387 0.282003
v 0.422259 0.311311 0.367869
v 0.309726 0.480851 0.279449
v 0.23409 0.445959 0.206376
v 0.312165 0.260722 0.212323
v 0.309726 0.480851 0.279449
v 0.312165 0.260722 0.212323
v 0.384024 0.29387 0.282003
v 0.23409 0.445959 0.206376
v 0.136229 0.400646 0.153341
v 0.218863 0.217519 0.162115
v 0.23409 0.445959 0.206376
v 0.218863 0.217519 0.162115
v 0.312165 0.260722 0.212323
v 0.218863 0.217519 0.162115
v 0.11091 0.167359 0.146729
v 0.197667 0.00775 0.176761
v 0.218863 0.217519 0.162115
v 0.197667 0.00775 0.176761
v 0.289229 0.050296 0.18905
v 0.11091 0.167359 0.146729
v 0.017826 0.123922 0.17995
v 0.118507 -0.029189 0.204523
v 0.11091 0.167359 0.146729
v 0.118507 -0.029189 0.204523
v 0.197667 0.00775 0.176761
v 0.017826 0.123922 0.17995
v -0.035764 0.09872 0.246901
v 0.071903 -0.051096 0.260834
v 0.017826 0.123922 0.17995
v 0.071903 -0.051096 0.260834
v 0.118507 -0.029189 0.204523
v -0.035764 0.09872 0.246901
v -0.053365 0.090209 0.326998
v 0.056872 -0.058365 0.329241
v -0.035764 0.09872 0.246901
v 0.056872 -0.058365 0.329241
v 0.071903 -0.051096 0.260834
v -0.053365 0.090209 0.326998
v -0.033539 0.099083 0.413703
v 0.074906 -0.050273 0.402942
v -0.053365 0.090209 0.326998
v 0.074906 -0.050273 0.402942
v 0.056872 -0.058365 0.329241
v -0.033539 0.099083 0.413703
v 0.035368 0.130829 0.490509
v 0.133709 -0.023179 0.467825
v -0.033539 0.099083 0.413703
v 0.133709 -0.023179 0.467825
v 0.074906 -0.050273 0.402942
v 0.035368 0.130829 0.490509
v 0.137653 0.178248 0.531688
v 0.220148 0.01689 0.503428
v 0.035368 0.130829 0.490509
v 0.220148 0.01689 0.503428
v 0.133709 -0.023179 0.467825
v 0.137653 0.178248 0.531688
v 0.241372 0.226488 0.534491
v 0.308645 0.058048 0.506611
v 0.137653 0.178248 0.531688
v 0.308645 0.058048 0.506611
v 0.220148 0.01689 0.503428
v 0.241372 0.226488 0.534491
v 0.334122 0.269739 0.5091
v 0.387564 0.094851 0.484515
v 0.241372 0.226488 0.534491
v 0.387564 0.094851 0.484515
v 0.308645 0.058048 0.506611
v 0.334122 0.269739 0.5091
v 0.403718 0.302345 0.452247
v 0.445749 0.122117 0.435511
v 0.334122 0.269739 0.5091
v 0.445749 0.122117 0.435511
v 0.387564 0.094851 0.484515
v 0.403718 0.302345 0.452247
v 0.422259 0.311311 0.367869
v 0.461461 0.129716 0.364007
v 0.403718 0.302345 0.452247
v 0.461461 0.129716 0.364007
v 0.445749 0.122117 0.435511
v 0.422259 0.311311 0.367869
v 0.384024 0.29387 0.282003
v 0.430106 0.115423 0.290912
v 0.422259 0.311311 0.367869
v 0.430106 0.115423 0.290912
v 0.461461 0.129716 0.364007
v 0.384024 0.29387 0.282003
v 0.312165 0.260722 0.212323
v 0.369167 0.087315 0.231186
v 0.384024 0.29387 0.282003
v 0.369167 0.087315 0.231186
v 0.430106 0.115423 0.290912
v 0.312165 0.260722 0.212323
v 0.218863 0.217519 0.162115
v 0.289229 0.050296 0.18905
v 0.312165 0.260722 0.212323
v 0.289229 0.050296 0.18905
v 0.369167 0.087315 0.231186
v 0.289229 0.050296 0.18905
v 0.197667 0.00775 0.176761
v 0.27422 -0.115426 0.223485
v 0.289229 0.050296 0.18905
v 0.27422 -0.115426 0.223485
v 0.340439 -0.084653 0.231509
v 0.197667 0.00775 0.176761
v 0.118507 -0.029189 0.204523
v 0.21673 -0.14225 0.243092
v 0.197667 0.00775 0.176761
v 0.21673 -0.14225 0.243092
v 0.27422 -0.115426 0.223485
v 0.118507 -0.029189 0.204523
v 0.071903 -0.051096 0.260834
v 0.18172 -0.1587 0.283278
v 0.118507 -0.029189 0.204523
v 0.18172 -0.1587 0.283278
v 0.21673 -0.14225 0.243092
v 0.071903 -0.051096 0.260834
v 0.056872 -0.058365 0.329241
v 0.170732 -0.164014 0.333286
v 0.071903 -0.051096 0.260834
v 0.170732 -0.164014 0.333286
v 0.18172 -0.1587 0.283278
v 0.056872 -0.058365 0.329241
v 0.074906 -0.050273 0.402942
v 0.185158 -0.157518 0.386774
v 0.056872 -0.058365 0.329241
v 0.185158 -0.157518 0.386774
v 0.170732 -0.164014 0.333286
v 0.074906 -0.050273 0.402942
v 0.133709 -0.023179 0.467825
v 0.228093 -0.137732 0.433401
v 0.074906 -0.050273 0.402942
v 0.228093 -0.137732 0.433401
v 0.185158 -0.157518 0.386774
v 0.133709 -0.023179 0.467825
v 0.220148 0.01689 0.503428
v 0.290248 -0.108924 0.459917
v 0.133709 -0.023179 0.467825
v 0.290248 -0.108924 0.459917
v 0.228093 -0.137732 0.433401
v 0.220148 0.01689 0.503428
v 0.308645 0.058048 0.506611
v 0.35485 -0.078883 0.463135
v 0.220148 0.01689 0.503428
v 0.35485 -0.078883 0.463135
v 0.290248 -0.108924 0.459917
v 0.308645 0.058048 0.506611
v 0.387564 0.094851 0.484515
v 0.412212 -0.05213 0.446518
v 0.308645 0.058048 0.506611
v 0.412212 -0.05213 0.446518
v 0.35485 -0.078883 0.463135
v 0.387564 0.094851 0.484515
v 0.445749 0.122117 0.435511
v 0.453335 -0.032853 0.410189
v 0.387564 0.094851 0.484515
v 0.453335 -0.032853 0.410189
v 0.412212 -0.05213 0.446518
v 0.445749 0.122117 0.435511
v 0.461461 0.129716 0.364007
v 0.464683 -0.027365 0.358546
v 0.445749 0.122117 0.435511
v 0.464683 -0.027365 0.358546
v 0.453335 -0.032853 0.410189
v 0.461461 0.129716 0.364007
v 0.430106 0.115423 0.290912
v 0.443226 -0.037133 0.305379
v 0.461461 0.129716 0.364007
v 0.443226 -0.037133 0.305379
v 0.464683 -0.027365 0.358546
v 0.430106 0.115423 0.290912
v 0.369167 0.087315 0.231186
v 0.399163 -0.057454 0.261473
v 0.430106 0.115423 0.290912
v 0.399163 -0.057454 0.261473
v 0.443226 -0.037133 0.305379
v 0.369167 0.087315 0.231186
v 0.289229 0.050296 0.18905
v 0.340439 -0.084653 0.231509
v 0.369167 0.087315 0.231186
v 0.340439 -0.084653 0.231509
v 0.399163 -0.057454 0.261473
v 0.340439 -0.084653 0.231509
v 0.27422 -0.115426 0.223485
v 0.332868 -0.190205 0.281715
v 0.340439 -0.084653 0.231509
v 0.332868 -0.190205 0.281715
v 0.36748 -0.174118 0.285334
v 0.27422 -0.115426 0.223485
v 0.21673 -0.14225 0.243092
v 0.30266 -0.204299 0.291651
v 0.27422 -0.115426 0.223485
v 0.30266 -0.204299 0.291651
v 0.332868 -0.190205 0.281715
v 0.21673 -0.14225 0.243092
v 0.18172 -0.1587 0.283278
v 0.283492 -0.213299 0.312297
v 0.21673 -0.14225 0.243092
v 0.283492 -0.213299 0.312297
v 0.30266 -0.204299 0.291651
v 0.18172 -0.1587 0.283278
v 0.170732 -0.164014 0.333286
v 0.27767 -0.216115 0.338792
v 0.18172 -0.1587 0.283278
v 0.27767 -0.216115 0.338792
v 0.283492 -0.213299 0.312297
v 0.170732 -0.164014 0.333286
v 0.185158 -0.157518 0.386774
v 0.286131 -0.212292 0.366872
v 0.170732 -0.164014 0.333286
v 0.286131 -0.212292 0.366872
v 0.27767 -0.216115 0.338792
v 0.185158 -0.157518 0.386774
v 0.228093 -0.137732 0.433401
v 0.308844 -0.201823 0.391046
v 0.185158 -0.157518 0.386774
v 0.308844 -0.201823 0.391046
v 0.286131 -0.212292 0.366872
v 0.228093 -0.137732 0.433401
v 0.290248 -0.108924 0.459917
v 0.341093 -0.186878 0.405416
v 0.228093 -0.137732 0.433401
v 0.341093 -0.186878 0.405416
v 0.308844 -0.201823 0.391046
v 0.290248 -0.108924 0.459917
v 0.35485 -0.078883 0.463135
v 0.375258 -0.170993 0.407707
v 0.290248 -0.108924 0.459917
v 0.375258 -0.170993 0.407707
v 0.341093 -0.186878 0.405416
v 0.35485 -0.078883 0.463135
v 0.412212 -0.05213 0.446518
v 0.405431 -0.15692 0.398598
v 0.35485 -0.078883 0.463135
v 0.405431 -0.15692 0.398598
v 0.375258 -0.170993 0.407707
v 0.412212 -0.05213 0.446518
v 0.453335 -0.032853 0.410189
v 0.426288 -0.147138 0.379018
v 0.412212 -0.05213 0.446518
v 0.426288 -0.147138 0.379018
v 0.405431 -0.15692 0.398598
v 0.453335 -0.032853 0.410189
v 0.464683 -0.027365 0.358546
v 0.43221 -0.144274 0.352071
v 0.453335 -0.032853 0.410189
v 0.43221 -0.144274 0.352071
v 0.426288 -0.147138 0.379018
v 0.464683 -0.027365 0.358546
v 0.443226 -0.037133 0.305379
v 0.421805 -0.149002 0.32408
v 0.464683 -0.027365 0.358546
v 0.421805 -0.149002 0.32408
v 0.43221 -0.144274 0.352071
v 0.443226 -0.037133 0.305379
v 0.399163 -0.057454 0.261473
v 0.398781 -0.159618 0.300658
v 0.443226 -0.037133 0.305379
v 0.398781 -0.159618 0.300658
v 0.421805 -0.149002 0.32408
v 0.399163 -0.057454 0.261473
v 0.340439 -0.084653 0.231509
v 0.36748 -0.174118 0.285334
v 0.399163 -0.057454 0.261473
v 0.36748 -0.174118 0.285334
v 0.398781 -0.159618 0.300658
v 0.36748 -0.174118 0.285334
v 0.332868 -0.190205 0.281715
v 0.367705 -0.209343 0.345259
v 0.332868 -0.190205 0.281715
v 0.30266 -0.204299 0.291651
v 0.367705 -0.209343 0.345259
v 0.30266 -0.204299 0.291651
v 0.283492 -0.213299 0.312297
v 0.367705 -0.209343 0.345259
v 0.283492 -0.213299 0.312297
v 0.27767 -0.216115 0.338792
v 0.367705 -0.209343 0.345259
v 0.27767 -0.216115 0.338792
v 0.286131 -0.212292 0.366872
v 0.367705 -0.209343 0.345259
v 0.286131 -0.212292 0.366872
v 0.308844 -0.201823 0.391046
v 0.367705 -0.209343 0.345259
v 0.308844 -0.201823 0.391046
v 0.341093 -0.186878 0.405416
v 0.367705 -0.209343 0.345259
v 0.341093 -0.186878 0.405416
v 0.375258 -0.170993 0.407707
v 0.367705 -0.209343 0.345259
v 0.375258 -0.170993 0.407707
v 0.405431 -0.15692 0.398598
v 0.367705 -0.209343 0.345259
v 0.405431 -0.15692 0.398598
v 0.426288 -0.147138 0.379018
v 0.367705 -0.209343 0.345259
v 0.426288 -0.147138 0.379018
v 0.43221 -0.144274 0.352071
v 0.367705 -0.209343 0.345259
v 0.43221 -0.144274 0.352071
v 0.421805 -0.149002 0.32408
v 0.367705 -0.209343 0.345259
v 0.421805 -0.149002 0.32408
v 0.398781 -0.159618 0.300658
v 0.367705 -0.209343 0.345259
v 0.398781 -0.159618 0.300658
v 0.36748 -0.174118 0.285334
v 0.367705 -0.209343 0.345259
vn -0.335408 0.824258 -0.45618
vn -0.335408 0.824258 -0.45618
vn -0.335408 0.824258 -0.45618
vn -0.492521 0.770774 -0.404142
vn -0.492521 0.770774 -0.404142
vn -0.492521 0.770774 -0.404142
vn -0.629731 0.729647 -0.26656
vn -0.629731 0.729647 -0.26656
vn -0.629731 0.729647 -0.26656
vn -0.707517 0.702054 -0.080868
vn -0.707517 0.702054 -0.080868
vn -0.707517 0.702054 -0.080868
vn -0.715055 0.688386 0.121739
vn -0.715055 0.688386 0.121739
vn -0.715055 0.688386 0.121739
vn -0.649228 0.694994 0.309009
vn -0.649228 0.694994 0.309009
vn -0.649228 0.694994 0.309009
vn -0.530375 0.729976 0.431087
vn -0.530375 0.729976 0.431087
vn -0.530375 0.729976 0.431087
vn -0.398548 0.79001 0.46588
vn -0.398548 0.79001 0.46588
vn -0.398548 0.79001 0.46588
vn -0.275894 0.864039 0.421093
vn -0.275894 0.864039 0.421093
vn -0.275894 0.864039 0.421093
vn -0.165257 0.941332 0.294253
vn -0.165257 0.941332 0.294253
vn -0.165257 0.941332 0.294253
vn -0.086413 0.992499 0.086475
vn -0.086413 0.992499 0.086475
vn -0.086413 0.992499 0.086475
vn -0.069636 0.987572 -0.140902
vn -0.069636 0.987572 -0.140902
vn -0.069636 0.987572 -0.140902
vn -0.114174 0.942243 -0.314869
vn -0.114174 0.942243 -0.314869
vn -0.114174 0.942243 -0.314869
vn -0.20381 0.88418 -0.420341
vn -0.20381 0.88418 -0.420341
vn -0.20381 0.88418 -0.420341
vn -0.147726 0.508656 -0.848202
vn -0.147726 0.508656 -0.848202
vn -0.147726 0.508656 -0.848202
vn -0.133039 0.508149 -0.850932
vn -0.133039 0.508149 -0.850932
vn -0.133039 0.508149 -0.850932
vn -0.45083 0.405871 -0.794998
vn -0.45083 0.405871 -0.794998
vn -0.45083 0.405871 -0.794998
vn -0.459161 0.406807 -0.789734
vn -0.459161 0.406807 -0.789734
vn -0.459161 0.406807 -0.789734
vn -0.760296 0.311056 -0.570258
vn -0.760296 0.311056 -0.570258
vn -0.760296 0.311056 -0.570258
vn -0.775725 0.314778 -0.54696
vn -0.775725 0.314778 -0.54696
vn -0.775725 0.314778 -0.54696
vn -0.951057 0.249381 -0.182485
vn -0.951057 0.249381 -0.182485
vn -0.951057 0.249381 -0.182485
vn -0.951057 0.249381 -0.182485
vn -0.951057 0.249381 -0.182485
vn -0.951057 0.249381 -0.182485
vn -0.938987 0.235271 0.2509
vn -0.938987 0.235271 0.2509
vn -0.938987 0.235271 0.2509
vn -0.947 0.226362 0.227929
vn -0.947 0.226362 0.227929
vn -0.947 0.226362 0.227929
vn -0.757367 0.262224 0.598025
vn -0.757367 0.262224 0.598025
vn -0.757367 0.262224 0.598025
vn -0.762812 0.257572 0.593106
vn -0.762812 0.257572 0.593106
vn -0.762812 0.257572 0.593106
vn -0.506868 0.326728 0.797706
vn -0.506868 0.326728 0.797706
vn -0.506868 0.326728 0.797706
vn -0.497128 0.336403 0.799811
vn -0.497128 0.336403 0.799811
vn -0.497128 0.336403 0.799811
vn -0.258453 0.431218 0.864438
vn -0.258453 0.431218 0.864438
vn -0.258453 0.431218 0.864438
vn -0.248882 0.442966 0.861301
vn -0.248882 0.442966 0.861301
vn -0.248882 0.442966 0.861301
vn -0.024942 0.58032 0.814007
vn -0.024942 0.58032 0.814007
vn -0.024942 0.58032 0.814007
vn -0.02984 0.572785 0.819163
vn -0.02984 0.572785 0.819163
vn -0.02984 0.572785 0.819163
vn 0.211181 0.76572 0.607516
vn 0.211181 0.76572 0.607516
vn 0.211181 0.76572 0.607516
vn 0.203968 0.750194 0.628973
vn 0.203968 0.750194 0.628973
vn 0.203968 0.750194 0.628973
vn 0.401116 0.897459 0.183506
vn 0.401116 0.897459 0.183506
vn 0.401116 0.897459 0.183506
vn 0.401116 0.897459 0.183506
vn 0.401116 0.897459 0.183506
vn 0.401116 0.897459 0.183506
vn 0.42022 0.856122 -0.300781
vn 0.42022 0.856122 -0.300781
vn 0.42022 0.856122 -0.300781
vn 0.407979 0.85446 -0.321639
vn 0.407979 0.85446 -0.321639
vn 0.407979 0.85446 -0.321639
vn 0.292944 0.729149 -0.618486
vn 0.292944 0.729149 -0.618486
vn 0.292944 0.729149 -0.618486
vn 0.285525 0.727876 -0.623436
vn 0.285525 0.727876 -0.623436
vn 0.285525 0.727876 -0.623436
vn 0.099722 0.613004 -0.783762
vn 0.099722 0.613004 -0.783762
vn 0.099722 0.613004 -0.783762
vn 0.11415 0.613984 -0.781021
vn 0.11415 0.613984 -0.781021
vn 0.11415 0.613984 -0.781021
vn -0.033083 0.318227 -0.947437
vn -0.033083 0.318227 -0.947437
vn -0.033083 0.318227 -0.947437
vn -0.019947 0.31683 -0.948273
vn -0.019947 0.31683 -0.948273
vn -0.019947 0.31683 -0.948273
vn -0.391974 0.180708 -0.902054
vn -0.391974 0.180708 -0.902054
vn -0.391974 0.180708 -0.902054
vn -0.399907 0.181846 -0.898336
vn -0.399907 0.181846 -0.898336
vn -0.399907 0.181846 -0.898336
vn -0.761785 0.04201 -0.646467
vn -0.761785 0.04201 -0.646467
vn -0.761785 0.04201 -0.646467
vn -0.778331 0.046303 -0.626145
vn -0.778331 0.046303 -0.626145
vn -0.778331 0.046303 -0.626145
vn -0.975038 -0.039654 -0.218468
vn -0.975038 -0.039654 -0.218468
vn -0.975038 -0.039654 -0.218468
vn -0.975038 -0.039654 -0.218468
vn -0.975038 -0.039654 -0.218468
vn -0.975038 -0.039654 -0.218468
vn -0.96326 -0.043291 0.265061
vn -0.96326 -0.043291 0.265061
vn -0.96326 -0.043291 0.265061
vn -0.9685 -0.054506 0.242974
vn -0.9685 -0.054506 0.242974
vn -0.9685 -0.054506 0.242974
vn -0.739216 0.017523 0.67324
vn -0.739216 0.017523 0.67324
vn -0.739216 0.017523 0.67324
vn -0.74346 0.012285 0.668668
vn -0.74346 0.012285 0.668668
vn -0.74346 0.012285 0.668668
vn -0.434749 0.115999 0.89305
vn -0.434749 0.115999 0.89305
vn -0.434749 0.115999 0.89305
vn -0.427094 0.125719 0.895425
vn -0.427094 0.125719 0.895425
vn -0.427094 0.125719 0.895425
vn -0.156522 0.233822 0.959598
vn -0.156522 0.233822 0.959598
vn -0.156522 0.233822 0.959598
vn -0.148451 0.245098 0.958065
vn -0.148451 0.245098 0.958065
vn -0.148451 0.245098 0.958065
vn 0.09127 0.376838 0.921772
vn 0.09127 0.376838 0.921772
vn 0.09127 0.376838 0.921772
vn 0.0867 0.369542 0.925161
vn 0.0867 0.369542 0.925161
vn 0.0867 0.369542 0.925161
vn 0.376177 0.571663 0.729173
vn 0.376177 0.571663 0.729173
vn 0.376177 0.571663 0.729173
vn 0.368167 0.554986 0.745951
vn 0.368167 0.554986 0.745951
vn 0.368167 0.554986 0.745951
vn 0.63917 0.737286 0.218795
vn 0.63917 0.737286 0.218795
vn 0.63917 0.737286 0.218795
vn 0.63917 0.737286 0.218795
vn 0.63917 0.737286 0.218795
vn 0.63917 0.737286 0.218795
vn 0.62696 0.681109 -0.37817
vn 0.62696 0.681109 -0.37817
vn 0.62696 0.681109 -0.37817
vn 0.613943 0.682376 -0.396783
vn 0.613943 0.682376 -0.396783
vn 0.613943 0.682376 -0.396783
vn 0.451402 0.54604 -0.705745
vn 0.451402 0.54604 -0.705745
vn 0.451402 0.54604 -0.705745
vn 0.44425 0.546053 -0.710259
vn 0.44425 0.546053 -0.710259
vn 0.44425 0.546053 -0.710259
vn 0.241444 0.434593 -0.86766
vn 0.241444 0.434593 -0.86766
vn 0.241444 0.434593 -0.86766
vn 0.254593 0.433923 -0.86423
vn 0.254593 0.433923 -0.86423
vn 0.254593 0.433923 -0.86423
vn 0.039771 0.197341 -0.979528
vn 0.039771 0.197341 -0.979528
vn 0.039771 0.197341 -0.979528
vn 0.048393 0.196268 -0.979355
vn 0.048393 0.196268 -0.979355
vn 0.048393 0.196268 -0.979355
vn -0.345512 0.035663 -0.937737
vn -0.345512 0.035663 -0.937737
vn -0.345512 0.035663 -0.937737
vn -0.350917 0.036367 -0.9357
vn -0.350917 0.036367 -0.9357
vn -0.350917 0.036367 -0.9357
vn -0.738359 -0.13018 -0.661725
vn -0.738359 -0.13018 -0.661725
vn -0.738359 -0.13018 -0.661725
vn -0.750388 -0.127411 -0.648602
vn -0.750388 -0.127411 -0.648602
vn -0.750388 -0.127411 -0.648602
vn -0.947655 -0.219806 -0.231594
vn -0.947655 -0.219806 -0.231594
vn -0.947655 -0.219806 -0.231594
vn -0.947655 -0.219806 -0.231594
vn -0.947655 -0.219806 -0.231594
vn -0.947655 -0.219806 -0.231594
vn -0.9417 -0.219971 0.254585
vn -0.9417 -0.219971 0.254585
vn -0.9417 -0.219971 0.254585
vn -0.943777 -0.228219 0.239166
vn -0.943777 -0.228219 0.239166
vn -0.943777 -0.228219 0.239166
vn -0.705424 -0.135179 0.695776
vn -0.705424 -0.135179 0.695776
vn -0.705424 -0.135179 0.695776
vn -0.707884 -0.138973 0.692522
vn -0.707884 -0.138973 0.692522
vn -0.707884 -0.138973 0.692522
vn -0.377067 -0.009492 0.926137
vn -0.377067 -0.009492 0.926137
vn -0.377067 -0.009492 0.926137
vn -0.372371 -0.002745 0.92808
vn -0.372371 -0.002745 0.92808
vn -0.372371 -0.002745 0.92808
vn -0.089596 0.11614 0.989184
vn -0.089596 0.11614 0.989184
vn -0.089596 0.11614 0.989184
vn -0.08429 0.123787 0.988722
vn -0.08429 0.123787 0.988722
vn -0.08429 0.123787 0.988722
vn 0.154018 0.244509 0.957337
vn 0.154018 0.244509 0.957337
vn 0.154018 0.244509 0.957337
vn 0.150811 0.239634 0.959079
vn 0.150811 0.239634 0.959079
vn 0.150811 0.239634 0.959079
vn 0.458924 0.423951 0.780804
vn 0.458924 0.423951 0.780804
vn 0.458924 0.423951 0.780804
vn 0.452614 0.412427 0.790598
vn 0.452614 0.412427 0.790598
vn 0.452614 0.412427 0.790598
vn 0.767525 0.597506 0.232147
vn 0.767525 0.597506 0.232147
vn 0.767525 0.597506 0.232147
vn 0.767525 0.597506 0.232147
vn 0.767525 0.597506 0.232147
vn 0.767525 0.597506 0.232147
vn 0.726503 0.545217 -0.418249
vn 0.726503 0.545217 -0.418249
vn 0.726503 0.545217 -0.418249
vn 0.717527 0.547408 -0.430696
vn 0.717527 0.547408 -0.430696
vn 0.717527 0.547408 -0.430696
vn 0.527818 0.421965 -0.737126
vn 0.527818 0.421965 -0.737126
vn 0.527818 0.421965 -0.737126
vn 0.522988 0.422427 -0.740297
vn 0.522988 0.422427 -0.740297
vn 0.522988 0.422427 -0.740297
vn 0.321354 0.320367 -0.891121
vn 0.321354 0.320367 -0.891121
vn 0.321354 0.320367 -0.891121
vn 0.330062 0.319463 -0.888258
vn 0.330062 0.319463 -0.888258
vn 0.330062 0.319463 -0.888258
vn 0.093478 0.102599 -0.990321
vn 0.093478 0.102599 -0.990321
vn 0.093478 0.102599 -0.990321
vn 0.096439 0.102232 -0.990075
vn 0.096439 0.102232 -0.990075
vn 0.096439 0.102232 -0.990075
vn -0.303397 -0.076255 -0.949808
vn -0.303397 -0.076255 -0.949808
vn -0.303397 -0.076255 -0.949808
vn -0.3053 -0.076054 -0.949214
vn -0.3053 -0.076054 -0.949214
vn -0.3053 -0.076054 -0.949214
vn -0.704389 -0.258427 -0.661098
vn -0.704389 -0.258427 -0.661098
vn -0.704389 -0.258427 -0.661098
vn -0.708817 -0.25758 -0.656682
vn -0.708817 -0.25758 -0.656682
vn -0.708817 -0.25758 -0.656682
vn -0.905965 -0.351206 -0.236396
vn -0.905965 -0.351206 -0.236396
vn -0.905965 -0.351206 -0.236396
vn -0.905964 -0.351206 -0.236396
vn -0.905964 -0.351206 -0.236396
vn -0.905964 -0.351206 -0.236396
vn -0.903983 -0.351989 0.242734
vn -0.903983 -0.351989 0.242734
vn -0.903983 -0.351989 0.242734
vn -0.904301 -0.354927 0.237205
vn -0.904301 -0.354927 0.237205
vn -0.904301 -0.354927 0.237205
vn -0.666713 -0.250855 0.70183
vn -0.666713 -0.250855 0.70183
vn -0.666713 -0.250855 0.70183
vn -0.667466 -0.252227 0.700622
vn -0.667466 -0.252227 0.700622
vn -0.667466 -0.252227 0.700622
vn -0.329669 -0.103796 0.938374
vn -0.329669 -0.103796 0.938374
vn -0.329669 -0.103796 0.938374
vn -0.328124 -0.101395 0.939177
vn -0.328124 -0.101395 0.939177
vn -0.328124 -0.101395 0.939177
vn -0.039998 0.02797 0.998808
vn -0.039998 0.02797 0.998808
vn -0.039998 0.02797 0.998808
vn -0.038149 0.030644 0.998802
vn -0.038149 0.030644 0.998802
vn -0.038149 0.030644 0.998802
vn 0.198439 0.143634 0.969532
vn 0.198439 0.143634 0.969532
vn 0.198439 0.143634 0.969532
vn 0.197268 0.141965 0.970016
vn 0.197268 0.141965 0.970016
vn 0.197268 0.141965 0.970016
vn 0.513705 0.303061 0.802658
vn 0.513705 0.303061 0.802658
vn 0.513705 0.303061 0.802658
vn 0.511223 0.299087 0.805728
vn 0.511223 0.299087 0.805728
vn 0.511223 0.299087 0.805728
vn 0.849562 0.471364 0.23677
vn 0.849562 0.471364 0.23677
vn 0.849562 0.471364 0.23677
vn 0.849562 0.471364 0.23677
vn 0.849562 0.471364 0.23677
vn 0.849562 0.471364 0.23677
vn 0.787619 0.432749 -0.438617
vn 0.787619 0.432749 -0.438617
vn 0.787619 0.432749 -0.438617
vn 0.784526 0.433879 -0.443022
vn 0.784526 0.433879 -0.443022
vn 0.784526 0.433879 -0.443022
vn 0.576608 0.325389 -0.74943
vn 0.576608 0.325389 -0.74943
vn 0.576608 0.325389 -0.74943
vn 0.574931 0.325659 -0.7506
vn 0.574931 0.325659 -0.7506
vn 0.574931 0.325659 -0.7506
vn 0.375951 0.230973 -0.897392
vn 0.375951 0.230973 -0.897392
vn 0.375951 0.230973 -0.897392
vn 0.37895 0.230574 -0.896233
vn 0.37895 0.230574 -0.896233
vn 0.37895 0.230574 -0.896233
vn 0.137893 0.013103 -0.990361
vn 0.137893 0.013103 -0.990361
vn 0.137893 0.013103 -0.990361
vn 0.134971 0.013431 -0.990759
vn 0.134971 0.013431 -0.990759
vn 0.134971 0.013431 -0.990759
vn -0.258175 -0.177391 -0.949673
vn -0.258175 -0.177391 -0.949673
vn -0.258175 -0.177391 -0.949673
vn -0.256265 -0.177526 -0.950165
vn -0.256265 -0.177526 -0.950165
vn -0.256265 -0.177526 -0.950165
vn -0.656818 -0.369634 -0.657237
vn -0.656818 -0.369634 -0.657237
vn -0.656818 -0.369634 -0.657237
vn -0.652214 -0.370288 -0.661441
vn -0.652214 -0.370288 -0.661441
vn -0.652214 -0.370288 -0.661441
vn -0.852952 -0.465159 -0.236856
vn -0.852952 -0.465159 -0.236856
vn -0.852952 -0.465159 -0.236856
vn -0.852952 -0.465159 -0.236855
vn -0.852952 -0.465159 -0.236855
vn -0.852952 -0.465159 -0.236855
vn -0.852056 -0.466867 0.236716
vn -0.852056 -0.466867 0.236716
vn -0.852056 -0.466867 0.236716
vn -0.852064 -0.463968 0.242322
vn -0.852064 -0.463968 0.242322
vn -0.852064 -0.463968 0.242322
vn -0.620292 -0.353541 0.700176
vn -0.620292 -0.353541 0.700176
vn -0.620292 -0.353541 0.700176
vn -0.619632 -0.35215 0.70146
vn -0.619632 -0.35215 0.70146
vn -0.619632 -0.35215 0.70146
vn -0.286684 -0.19053 0.938888
vn -0.286684 -0.19053 0.938888
vn -0.286684 -0.19053 0.938888
vn -0.28816 -0.192957 0.93794
vn -0.28816 -0.192957 0.93794
vn -0.28816 -0.192957 0.93794
vn 0.001274 -0.054101 0.998535
vn 0.001274 -0.054101 0.998535
vn 0.001274 -0.054101 0.998535
vn -0.000582 -0.056753 0.998388
vn -0.000582 -0.056753 0.998388
vn -0.000582 -0.056753 0.998388
vn 0.239048 0.052132 0.969607
vn 0.239048 0.052132 0.969607
vn 0.239048 0.052132 0.969607
vn 0.240269 0.053748 0.969217
vn 0.240269 0.053748 0.969217
vn 0.240269 0.053748 0.969217
vn 0.561487 0.190845 0.805178
vn 0.561487 0.190845 0.805178
vn 0.561487 0.190845 0.805178
vn 0.564224 0.194681 0.802341
vn 0.564224 0.194681 0.802341
vn 0.564224 0.194681 0.802341
vn 0.908527 0.344617 0.236258
vn 0.908527 0.344617 0.236258
vn 0.908527 0.344617 0.236258
vn 0.908527 0.344617 0.236258
vn 0.908527 0.344617 0.236258
vn 0.908527 0.344617 0.236258
vn 0.83498 0.325726 -0.443522
vn 0.83498 0.325726 -0.443522
vn 0.83498 0.325726 -0.443522
vn 0.837935 0.324274 -0.438989
vn 0.837935 0.324274 -0.438989
vn 0.837935 0.324274 -0.438989
vn 0.616749 0.235844 -0.750998
vn 0.616749 0.235844 -0.750998
vn 0.616749 0.235844 -0.750998
vn 0.618397 0.235483 -0.749755
vn 0.618397 0.235483 -0.749755
vn 0.618397 0.235483 -0.749755
vn 0.418345 0.145816 -0.896508
vn 0.418345 0.145816 -0.896508
vn 0.418345 0.145816 -0.896508
vn 0.415397 0.146263 -0.897804
vn 0.415397 0.146263 -0.897804
vn 0.415397 0.146263 -0.897804
vn 0.179892 -0.086589 -0.979868
vn 0.179892 -0.086589 -0.979868
vn 0.179892 -0.086589 -0.979868
vn 0.171621 -0.085862 -0.981414
vn 0.171621 -0.085862 -0.981414
vn 0.171621 -0.085862 -0.981414
vn -0.202277 -0.28346 -0.937408
vn -0.202277 -0.28346 -0.937408
vn -0.202277 -0.28346 -0.937408
vn -0.196823 -0.28358 -0.938533
vn -0.196823 -0.28358 -0.938533
vn -0.196823 -0.28358 -0.938533
vn -0.586498 -0.482027 -0.650899
vn -0.586498 -0.482027 -0.650899
vn -0.586498 -0.482027 -0.650899
vn -0.572962 -0.483028 -0.662117
vn -0.572962 -0.483028 -0.662117
vn -0.572962 -0.483028 -0.662117
vn -0.779288 -0.581719 -0.233054
vn -0.779288 -0.581719 -0.233054
vn -0.779288 -0.581719 -0.233054
vn -0.779288 -0.581719 -0.233054
vn -0.779288 -0.581719 -0.233054
vn -0.779288 -0.581719 -0.233054
vn -0.777844 -0.581886 0.237419
vn -0.777844 -0.581886 0.237419
vn -0.777844 -0.581886 0.237419
vn -0.778671 -0.573918 0.253556
vn -0.778671 -0.573918 0.253556
vn -0.778671 -0.573918 0.253556
vn -0.558839 -0.458612 0.690923
vn -0.558839 -0.458612 0.690923
vn -0.558839 -0.458612 0.690923
vn -0.557208 -0.454642 0.694853
vn -0.557208 -0.454642 0.694853
vn -0.557208 -0.454642 0.694853
vn -0.240995 -0.28566 0.927534
vn -0.240995 -0.28566 0.927534
vn -0.240995 -0.28566 0.927534
vn -0.245061 -0.292623 0.924293
vn -0.245061 -0.292623 0.924293
vn -0.245061 -0.292623 0.924293
vn 0.041641 -0.146945 0.988268
vn 0.041641 -0.146945 0.988268
vn 0.041641 -0.146945 0.988268
vn 0.03628 -0.154378 0.987346
vn 0.03628 -0.154378 0.987346
vn 0.03628 -0.154378 0.987346
vn 0.284377 -0.047705 0.957525
vn 0.284377 -0.047705 0.957525
vn 0.284377 -0.047705 0.957525
vn 0.288041 -0.043301 0.956639
vn 0.288041 -0.043301 0.956639
vn 0.288041 -0.043301 0.956639
vn 0.611418 0.069394 0.788259
vn 0.611418 0.069394 0.788259
vn 0.611418 0.069394 0.788259
vn 0.620003 0.079736 0.780537
vn 0.620003 0.079736 0.780537
vn 0.620003 0.079736 0.780537
vn 0.95215 0.200645 0.230546
vn 0.95215 0.200645 0.230546
vn 0.95215 0.200645 0.230546
vn 0.95215 0.200645 0.230546
vn 0.95215 0.200645 0.230546
vn 0.95215 0.200645 0.230546
vn 0.877941 0.205123 -0.432601
vn 0.877941 0.205123 -0.432601
vn 0.877941 0.205123 -0.432601
vn 0.885645 0.200103 -0.419037
vn 0.885645 0.200103 -0.419037
vn 0.885645 0.200103 -0.419037
vn 0.656887 0.135242 -0.741761
vn 0.656887 0.135242 -0.741761
vn 0.656887 0.135242 -0.741761
vn 0.661446 0.133972 -0.73793
vn 0.661446 0.133972 -0.73793
vn 0.661446 0.133972 -0.73793
vn 0.455753 0.04862 -0.888778
vn 0.455753 0.04862 -0.888778
vn 0.455753 0.04862 -0.888778
vn 0.4475 0.049974 -0.892887
vn 0.4475 0.049974 -0.892887
vn 0.4475 0.049974 -0.892887
vn 0.228581 -0.217854 -0.948836
vn 0.228581 -0.217854 -0.948836
vn 0.228581 -0.217854 -0.948836
vn 0.21635 -0.217364 -0.951812
vn 0.21635 -0.217364 -0.951812
vn 0.21635 -0.217364 -0.951812
vn -0.122892 -0.414384 -0.901767
vn -0.122892 -0.414384 -0.901767
vn -0.122892 -0.414384 -0.901767
vn -0.114859 -0.413925 -0.903036
vn -0.114859 -0.413925 -0.903036
vn -0.114859 -0.413925 -0.903036
vn -0.473367 -0.614707 -0.63092
vn -0.473367 -0.614707 -0.63092
vn -0.473367 -0.614707 -0.63092
vn -0.453156 -0.614108 -0.646159
vn -0.453156 -0.614108 -0.646159
vn -0.453156 -0.614108 -0.646159
vn -0.659093 -0.718793 -0.221208
vn -0.659093 -0.718793 -0.221208
vn -0.659093 -0.718793 -0.221208
vn -0.659093 -0.718793 -0.221208
vn -0.659093 -0.718793 -0.221208
vn -0.659093 -0.718793 -0.221208
vn -0.658699 -0.713271 0.2395
vn -0.658699 -0.713271 0.2395
vn -0.658699 -0.713271 0.2395
vn -0.661135 -0.702428 0.263619
vn -0.661135 -0.702428 0.263619
vn -0.661135 -0.702428 0.263619
vn -0.465457 -0.583486 0.665503
vn -0.465457 -0.583486 0.665503
vn -0.465457 -0.583486 0.665503
vn -0.463444 -0.577733 0.671897
vn -0.463444 -0.577733 0.671897
vn -0.463444 -0.577733 0.671897
vn -0.178899 -0.40912 0.894772
vn -0.178899 -0.40912 0.894772
vn -0.178899 -0.40912 0.894772
vn -0.184807 -0.419356 0.888812
vn -0.184807 -0.419356 0.888812
vn -0.184807 -0.419356 0.888812
vn 0.092448 -0.272851 0.957604
vn 0.092448 -0.272851 0.957604
vn 0.092448 -0.272851 0.957604
vn 0.084226 -0.28344 0.955284
vn 0.084226 -0.28344 0.955284
vn 0.084226 -0.28344 0.955284
vn 0.342495 -0.180901 0.921939
vn 0.342495 -0.180901 0.921939
vn 0.342495 -0.180901 0.921939
vn 0.348327 -0.174862 0.920919
vn 0.348327 -0.174862 0.920919
vn 0.348327 -0.174862 0.920919
vn 0.665589 -0.088507 0.741052
vn 0.665589 -0.088507 0.741052
vn 0.665589 -0.088507 0.741052
vn 0.679652 -0.074672 0.729724
vn 0.679652 -0.074672 0.729724
vn 0.679652 -0.074672 0.729724
vn 0.976342 0.01252 0.215871
vn 0.976342 0.01252 0.215871
vn 0.976342 0.01252 0.215871
vn 0.976342 0.01252 0.215871
vn 0.976342 0.01252 0.215871
vn 0.976342 0.01252 0.215871
vn 0.915342 0.040727 -0.400614
vn 0.915342 0.040727 -0.400614
vn 0.915342 0.040727 -0.400614
vn 0.924781 0.03215 -0.37914
vn 0.924781 0.03215 -0.37914
vn 0.924781 0.03215 -0.37914
vn 0.700897 -0.003995 -0.713251
vn 0.700897 -0.003995 -0.713251
vn 0.700897 -0.003995 -0.713251
vn 0.707268 -0.006213 -0.706918
vn 0.707268 -0.006213 -0.706918
vn 0.707268 -0.006213 -0.706918
vn 0.494902 -0.0843 -0.86485
vn 0.494902 -0.0843 -0.86485
vn 0.494902 -0.0843 -0.86485
vn 0.482951 -0.082316 -0.87177
vn 0.482951 -0.082316 -0.87177
vn 0.482951 -0.082316 -0.87177
vn 0.301761 -0.427079 -0.852376
vn 0.301761 -0.427079 -0.852376
vn 0.301761 -0.427079 -0.852376
vn 0.288521 -0.428069 -0.856454
vn 0.288521 -0.428069 -0.856454
vn 0.288521 -0.428069 -0.856454
vn 0.011636 -0.606215 -0.795216
vn 0.011636 -0.606215 -0.795216
vn 0.011636 -0.606215 -0.795216
vn 0.020056 -0.604432 -0.796404
vn 0.020056 -0.604432 -0.796404
vn 0.020056 -0.604432 -0.796404
vn -0.265312 -0.789032 -0.554111
vn -0.265312 -0.789032 -0.554111
vn -0.265312 -0.789032 -0.554111
vn -0.24486 -0.784729 -0.569424
vn -0.24486 -0.784729 -0.569424
vn -0.24486 -0.784729 -0.569424
vn -0.422456 -0.886868 -0.18707
vn -0.422456 -0.886868 -0.18707
vn -0.422456 -0.886868 -0.18707
vn -0.422456 -0.886868 -0.18707
vn -0.422456 -0.886868 -0.18707
vn -0.422456 -0.886868 -0.18707
vn -0.430652 -0.874693 0.222375
vn -0.430652 -0.874693 0.222375
vn -0.430652 -0.874693 0.222375
vn -0.434538 -0.865613 0.248778
vn -0.434538 -0.865613 0.248778
vn -0.434538 -0.865613 0.248778
vn -0.290694 -0.754836 0.587979
vn -0.290694 -0.754836 0.587979
vn -0.290694 -0.754836 0.587979
vn -0.28896 -0.749229 0.595951
vn -0.28896 -0.749229 0.595951
vn -0.28896 -0.749229 0.595951
vn -0.062863 -0.599074 0.798223
vn -0.062863 -0.599074 0.798223
vn -0.062863 -0.599074 0.798223
vn -0.069479 -0.609467 0.789761
vn -0.069479 -0.609467 0.789761
vn -0.069479 -0.609467 0.789761
vn 0.179338 -0.477768 0.859986
vn 0.179338 -0.477768 0.859986
vn 0.179338 -0.477768 0.859986
vn 0.169507 -0.488047 0.8562
vn 0.169507 -0.488047 0.8562
vn 0.169507 -0.488047 0.8562
vn 0.422054 -0.399468 0.813815
vn 0.422054 -0.399468 0.813815
vn 0.422054 -0.399468 0.813815
vn 0.429143 -0.394008 0.812769
vn 0.429143 -0.394008 0.812769
vn 0.429143 -0.394008 0.812769
vn 0.707124 -0.336908 0.621666
vn 0.707124 -0.336908 0.621666
vn 0.707124 -0.336908 0.621666
vn 0.723808 -0.325146 0.608591
vn 0.723808 -0.325146 0.608591
vn 0.723808 -0.325146 0.608591
vn 0.945399 -0.272502 0.178785
vn 0.945399 -0.272502 0.178785
vn 0.945399 -0.272502 0.178785
vn 0.945399 -0.272502 0.178785
vn 0.945399 -0.272502 0.178785
vn 0.945399 -0.272502 0.178785
vn 0.916362 -0.230216 -0.327539
vn 0.916362 -0.230216 -0.327539
vn 0.916362 -0.230216 -0.327539
vn 0.922576 -0.23951 -0.30247
vn 0.922576 -0.23951 -0.30247
vn 0.922576 -0.23951 -0.30247
vn 0.738654 -0.243803 -0.62845
vn 0.738654 -0.243803 -0.62845
vn 0.738654 -0.243803 -0.62845
vn 0.74464 -0.246287 -0.620366
vn 0.74464 -0.246287 -0.620366
vn 0.74464 -0.246287 -0.620366
vn 0.541552 -0.307129 -0.782556
vn 0.541552 -0.307129 -0.782556
vn 0.541552 -0.307129 -0.782556
vn 0.529102 -0.305602 -0.791618
vn 0.529102 -0.305602 -0.791618
vn 0.529102 -0.305602 -0.791618
vn 0.412991 -0.784458 -0.46267
vn 0.412991 -0.784458 -0.46267
vn 0.412991 -0.784458 -0.46267
vn 0.271036 -0.870524 -0.410765
vn 0.271036 -0.870524 -0.410765
vn 0.271036 -0.870524 -0.410765
vn 0.151617 -0.949895 -0.273336
vn 0.151617 -0.949895 -0.273336
vn 0.151617 -0.949895 -0.273336
vn 0.080978 -0.99285 -0.087707
vn 0.080978 -0.99285 -0.087707
vn 0.080978 -0.99285 -0.087707
vn 0.066293 -0.991155 0.114962
vn 0.066293 -0.991155 0.114962
vn 0.066293 -0.991155 0.114962
vn 0.114328 -0.946304 0.302387
vn 0.114328 -0.946304 0.302387
vn 0.114328 -0.946304 0.302387
vn 0.218023 -0.87874 0.424596
vn 0.218023 -0.87874 0.424596
vn 0.218023 -0.87874 0.424596
vn 0.348968 -0.816809 0.459397
vn 0.348968 -0.816809 0.459397
vn 0.348968 -0.816809 0.459397
vn 0.484463 -0.770381 0.414498
vn 0.484463 -0.770381 0.414498
vn 0.484463 -0.770381 0.414498
vn 0.614459 -0.734703 0.287491
vn 0.614459 -0.734703 0.287491
vn 0.614459 -0.734703 0.287491
vn 0.703744 -0.705978 0.079622
vn 0.703744 -0.705978 0.079622
vn 0.703744 -0.705978 0.079622
vn 0.71008 -0.688464 -0.147664
vn 0.71008 -0.688464 -0.147664
vn 0.71008 -0.688464 -0.147664
vn 0.646183 -0.692177 -0.321463
vn 0.646183 -0.692177 -0.321463
vn 0.646183 -0.692177 -0.321463
vn 0.543706 -0.722638 -0.426824
vn 0.543706 -0.722638 -0.426824
vn 0.543706 -0.722638 -0.426824
f 4537//4537 4539//4539 4538//4538
f 4540//4540 4542//4542 4541//4541
f 4543//4543 4545//4545 4544//4544
f 4546//4546 4548//4548 4547//4547
f 4549//4549 4551//4551 4550//4550
f 4552//4552 4554//4554 4553//4553
f 4555//4555 4557//4557 4556//4556
f 4558//4558 4560//4560 4559//4559
f 4561//4561 4563//4563 4562//4562
f 4564//4564 4566//4566 4565//4565
f 4567//4567 4569//4569 4568//4568
f 4570//4570 4572//4572 4571//4571
f 4573//4573 4575//4575 4574//4574
f 4576//4576 4578//4578 4577//4577
f 4579//4579 4581//4581 4580//4580
f 4582//4582 4584//4584 4583//4583
f 4585//4585 4587//4587 4586//4586
f 4588//4588 4590//4590 4589//4589
f 4591//4591 4593//4593 4592//4592
f 4594//4594 4596//4596 4595//4595
f 4597//4597 4599//4599 4598//4598
f 4600//4600 4602//4602 4601//4601
f 4603//4603 4605//4605 4604//4604
f 4606//4606 4608//4608 4607//4607
f 4609//4609 4611//4611 4610//4610
f 4612//4612 4614//4614 4613//4613
f 4615//4615 4617//4617 4616//4616
f 4618//4618 4620//4620 4619//4619
f 4621//4621 4623//4623 4622//4622
f 4624//4624 4626//4626 4625//4625
f 4627//4627 4629//4629 4628//4628
f 4630//4630 4632//4632 4631//4631
f 4633//4633 4635//4635 4634//4634
f 4636//4636 4638//4638 4637//4637
f 4639//4639 4641//4641 4640//4640
f 4642//4642 4644//4644 4643//4643
f 4645//4645 4647//4647 4646//4646
f 4648//4648 4650//4650 4649//4649
f 4651//4651 4653//4653 4652//4652
f 4654//4654 4656//4656 4655//4655
f 4657//4657 4659//4659 4658//4658
f 4660//4660 4662//4662 4661//4661
f 4663//4663 4665//4665 4664//4664
f 4666//4666 4668//4668 4667//4667
f 4669//4669 4671//4671 4670//4670
f 4672//4672 4674//4674 4673//4673
f 4675//4675 4677//4677 4676//4676
f 4678//4678 4680//4680 4679//4679
f 4681//4681 4683//4683 4682//4682
f 4684//4684 4686//4686 4685//4685
f 4687//4687 4689//4689 4688//4688
f 4690//4690 4692//4692 4691//4691
f 4693//4693 4695//4695 4694//4694
f 4696//4696 4698//4698 4697//4697
f 4699//4699 4701//4701 4700//4700
f 4702//4702 4704//4704 4703//4703
f 4705//4705 4707//4707 4706//4706
f 4708//4708 4710//4710 4709//4709
f 4711//4711 4713//4713 4712//4712
f 4714//4714 4716//4716 4715//4715
f 4717//4717 4719//4719 4718//4718
f 4720//4720 4722//4722 4721//4721
f 4723//4723 4725//4725 4724//4724
f 4726//4726 4728//4728 4727//4727
f 4729//4729 4731//4731 4730//4730
f 4732//4732 4734//4734 4733//4733
f 4735//4735 4737//4737 4736//4736
f 4738//4738 4740//4740 4739//4739
f 4741//4741 4743//4743 4742//4742
f 4744//4744 4746//4746 4745//4745
f 4747//4747 4749//4749 4748//4748
f 4750//4750 4752//4752 4751//4751
f 4753//4753 4755//4755 4754//4754
f 4756//4756 4758//4758 4757//4757
f 4759//4759 4761//4761 4760//4760
f 4762//4762 4764//4764 4763//4763
f 4765//4765 4767//4767 4766//4766
f 4768//4768 4770//4770 4769//4769
f 4771//4771 4773//4773 4772//4772
f 4774//4774 4776//4776 4775//4775
f 4777//4777 4779//4779 4778//4778
f 4780//4780 4782//4782 4781//4781
f 4783//4783 4785//4785 4784//4784
f 4786//4786 4788//4788 4787//4787
f 4789//4789 4791//4791 4790//4790
f 4792//4792 4794//4794 4793//4793
f 4795//4795 4797//4797 4796//4796
f 4798//4798 4800//4800 4799//4799
f 4801//4801 4803//4803 4802//4802
f 4804//4804 4806//4806 4805//4805
f 4807//4807 4809//4809 4808//4808
f 4810//4810 4812//4812 4811//4811
f 4813//4813 4815//4815 4814//4814
f 4816//4816 4818//4818 4817//4817
f 4819//4819 4821//4821 4820//4820
f 4822//4822 4824//4824 4823//4823
f 4825//4825 4827//4827 4826//4826
f 4828//4828 4830//4830 4829//4829
f 4831//4831 4833//4833 4832//4832
f 4834//4834 4836//4836 4835//4835
f 4837//4837 4839//4839 4838//4838
f 4840//4840 4842//4842 4841//4841
f 4843//4843 4845//4845 4844//4844
f 4846//4846 4848//4848 4847//4847
f 4849//4849 4851//4851 4850//4850
f 4852//4852 4854//4854 4853//4853
f 4855//4855 4857//4857 4856//4856
f 4858//4858 4860//4860 4859//4859
f 4861//4861 4863//4863 4862//4862
f 4864//4864 4866//4866 4865//4865
f 4867//4867 4869//4869 4868//4868
f 4870//4870 4872//4872 4871//4871
f 4873//4873 4875//4875 4874//4874
f 4876//4876 4878//4878 4877//4877
f 4879//4879 4881//4881 4880//4880
f 4882//4882 4884//4884 4883//4883
f 4885//4885 4887//4887 4886//4886
f 4888//4888 4890//4890 4889//4889
f 4891//4891 4893//4893 4892//4892
f 4894//4894 4896//4896 4895//4895
f 4897//4897 4899//4899 4898//4898
f 4900//4900 4902//4902 4901//4901
f 4903//4903 4905//4905 4904//4904
f 4906//4906 4908//4908 4907//4907
f 4909//4909 4911//4911 4910//4910
f 4912//4912 4914//4914 4913//4913
f 4915//4915 4917//4917 4916//4916
f 4918//4918 4920//4920 4919//4919
f 4921//4921 4923//4923 4922//4922
f 4924//4924 4926//4926 4925//4925
f 4927//4927 4929//4929 4928//4928
f 4930//4930 4932//4932 4931//4931
f 4933//4933 4935//4935 4934//4934
f 4936//4936 4938//4938 4937//4937
f 4939//4939 4941//4941 4940//4940
f 4942//4942 4944//4944 4943//4943
f 4945//4945 4947//4947 4946//4946
f 4948//4948 4950//4950 4949//4949
f 4951//4951 4953//4953 4952//4952
f 4954//4954 4956//4956 4955//4955
f 4957//4957 4959//4959 4958//4958
f 4960//4960 4962//4962 4961//4961
f 4963//4963 4965//4965 4964//4964
f 4966//4966 4968//4968 4967//4967
f 4969//4969 4971//4971 4970//4970
f 4972//4972 4974//4974 4973//4973
f 4975//4975 4977//4977 4976//4976
f 4978//4978 4980//4980 4979//4979
f 4981//4981 4983//4983 4982//4982
f 4984//4984 4986//4986 4985//4985
f 4987//4987 4989//4989 4988//4988
f 4990//4990 4992//4992 4991//4991
f 4993//4993 4995//4995 4994//4994
f 4996//4996 4998//4998 4997//4997
f 4999//4999 5001//5001 5000//5000
f 5002//5002 5004//5004 5003//5003
f 5005//5005 5007//5007 5006//5006
f 5008//5008 5010//5010 5009//5009
f 5011//5011 5013//5013 5012//5012
f 5014//5014 5016//5016 5015//5015
f 5017//5017 5019//5019 5018//5018
f 5020//5020 5022//5022 5021//5021
f 5023//5023 5025//5025 5024//5024
f 5026//5026 5028//5028 5027//5027
f 5029//5029 5031//5031 5030//5030
f 5032//5032 5034//5034 5033//5033
f 5035//5035 5037//5037 5036//5036
f 5038//5038 5040//5040 5039//5039
f 5041//5041 5043//5043 5042//5042
f 5044//5044 5046//5046 5045//5045
f 5047//5047 5049//5049 5048//5048
f 5050//5050 5052//5052 5051//5051
f 5053//5053 5055//5055 5054//5054
f 5056//5056 5058//5058 5057//5057
f 5059//5059 5061//5061 5060//5060
f 5062//5062 5064//5064 5063//5063
f 5065//5065 5067//5067 5066//5066
f 5068//5068 5070//5070 5069//5069
f 5071//5071 5073//5073 5072//5072
f 5074//5074 5076//5076 5075//5075
f 5077//5077 5079//5079 5078//5078
f 5080//5080 5082//5082 5081//5081
f 5083//5083 5085//5085 5084//5084
f 5086//5086 5088//5088 5087//5087
f 5089//5089 5091//5091 5090//5090
f 5092//5092 5094//5094 5093//5093
f 5095//5095 5097//5097 5096//5096
f 5098//5098 5100//5100 5099//5099
f 5101//5101 5103//5103 5102//5102
f 5104//5104 5106//5106 5105//5105
f 5107//5107 5109//5109 5108//5108
f 5110//5110 5112//5112 5111//5111
f 5113//5113 5115//5115 5114//5114
f 5116//5116 5118//5118 5117//5117
f 5119//5119 5121//5121 5120//5120
f 5122//5122 5124//5124 5123//5123
f 5125//5125 5127//5127 5126//5126
f 5128//5128 5130//5130 5129//5129
f 5131//5131 5133//5133 5132//5132
f 5134//5134 5136//5136 5135//5135
f 5137//5137 5139//5139 5138//5138
f 5140//5140 5142//5142 5141//5141
f 5143//5143 5145//5145 5144//5144
f 5146//5146 5148//5148 5147//5147
f 5149//5149 5151//5151 5150//5150
f 5152//5152 5154//5154 5153//5153
f 5155//5155 5157//5157 5156//5156
f 5158//5158 5160//5160 5159//5159
f 5161//5161 5163//5163 5162//5162
f 5164//5164 5166//5166 5165//5165
f 5167//5167 5169//5169 5168//5168
f 5170//5170 5172//5172 5171//5171
f 5173//5173 5175//5175 5174//5174
f 5176//5176 5178//5178 5177//5177
f 5179//5179 5181//5181 5180//5180
f 5182//5182 5184//5184 5183//5183
f 5185//5185 5187//5187 5186//5186
f 5188//5188 5190//5190 5189//5189
f 5191//5191 5193//5193 5192//5192
f 5194//5194 5196//5196 5195//5195
f 5197//5197 5199//5199 5198//5198
f 5200//5200 5202//5202 5201//5201
f 5203//5203 5205//5205 5204//5204
f 5206//5206 5208//5208 5207//5207
f 5209//5209 5211//5211 5210//5210
f 5212//5212 5214//5214 5213//5213
f 5215//5215 5217//5217 5216//5216
f 5218//5218 5220//5220 5219//5219
f 5221//5221 5223//5223 5222//5222
f 5224//5224 5226//5226 5225//5225
f 5227//5227 5229//5229 5228//5228
f 5230//5230 5232//5232 5231//5231
f 5233//5233 5235//5235 5234//5234
f 5236//5236 5238//5238 5237//5237
f 5239//5239 5241//5241 5240//5240
f 5242//5242 5244//5244 5243//5243
f 5245//5245 5247//5247 5246//5246
f 5248//5248 5250//5250 5249//5249
f 5251//5251 5253//5253 5252//5252
f 5254//5254 5256//5256 5255//5255
f 5257//5257 5259//5259 5258//5258
f 5260//5260 5262//5262 5261//5261
f 5263//5263 5265//5265 5264//5264
f 5266//5266 5268//5268 5267//5267
f 5269//5269 5271//5271 5270//5270
f 5272//5272 5274//5274 5273//5273
f 5275//5275 5277//5277 5276//5276
f 5278//5278 5280//5280 5279//5279
f 5281//5281 5283//5283 5282//5282
f 5284//5284 5286//5286 5285//5285
f 5287//5287 5289//5289 5288//5288
f 5290//5290 5292//5292 5291//5291
o Little_berry
usemtl Coral
v -0.04 0.67 -0.45
v -0.08783 0.66168 -0.426966
v -0.092533 0.66168 -0.45
v -0.04 0.67 -0.45
v -0.072907 0.66168 -0.408735
v -0.08783 0.66168 -0.426966
v -0.04 0.67 -0.45
v -0.051591 0.66168 -0.399217
v -0.072907 0.66168 -0.408735
v -0.04 0.67 -0.45
v -0.028409 0.66168 -0.399217
v -0.051591 0.66168 -0.399217
v -0.04 0.67 -0.45
v -0.007093 0.66168 -0.408735
v -0.028409 0.66168 -0.399217
v -0.04 0.67 -0.45
v 0.00783 0.66168 -0.426966
v -0.007093 0.66168 -0.408735
v -0.04 0.67 -0.45
v 0.012533 0.66168 -0.45
v 0.00783 0.66168 -0.426966
v -0.04 0.67 -0.45
v 0.006831 0.66168 -0.472553
v 0.012533 0.66168 -0.45
v -0.04 0.67 -0.45
v -0.0074 0.66168 -0.490879
v 0.006831 0.66168 -0.472553
v -0.04 0.67 -0.45
v -0.028211 0.66168 -0.501649
v -0.0074 0.66168 -0.490879
v -0.04 0.67 -0.45
v -0.051788 0.66168 -0.501649
v -0.028211 0.66168 -0.501649
v -0.04 0.67 -0.45
v -0.0726 0.66168 -0.490879
v -0.051788 0.66168 -0.501649
v -0.04 0.67 -0.45
v -0.086831 0.66168 -0.472553
v -0.0726 0.66168 -0.490879
v -0.04 0.67 -0.45
v -0.092533 0.66168 -0.45
v -0.086831 0.66168 -0.472553
v -0.092533 0.66168 -0.45
v -0.08783 0.66168 -0.426966
v -0.131834 0.637533 -0.405775
v -0.092533 0.66168 -0.45
v -0.131834 0.637533 -0.405775
v -0.139924 0.637533 -0.45
v -0.08783 0.66168 -0.426966
v -0.072907 0.66168 -0.408735
v -0.102857 0.637533 -0.371179
v -0.08783 0.66168 -0.426966
v -0.102857 0.637533 -0.371179
v -0.131834 0.637533 -0.405775
v -0.072907 0.66168 -0.408735
v -0.051591 0.66168 -0.399217
v -0.061877 0.637533 -0.354149
v -0.072907 0.66168 -0.408735
v -0.061877 0.637533 -0.354149
v -0.102857 0.637533 -0.371179
v -0.051591 0.66168 -0.399217
v -0.028409 0.66168 -0.399217
v -0.018123 0.637533 -0.354149
v -0.051591 0.66168 -0.399217
v -0.018123 0.637533 -0.354149
v -0.061877 0.637533 -0.354149
v -0.028409 0.66168 -0.399217
v -0.007093 0.66168 -0.408735
v 0.022857 0.637533 -0.371179
v -0.028409 0.66168 -0.399217
v 0.022857 0.637533 -0.371179
v -0.018123 0.637533 -0.354149
v -0.007093 0.66168 -0.408735
v 0.00783 0.66168 -0.426966
v 0.051834 0.637533 -0.405775
v -0.007093 0.66168 -0.408735
v 0.051834 0.637533 -0.405775
v 0.022857 0.637533 -0.371179
v 0.00783 0.66168 -0.426966
v 0.012533 0.66168 -0.45
v 0.059924 0.637533 -0.45
v 0.00783 0.66168 -0.426966
v 0.059924 0.637533 -0.45
v 0.051834 0.637533 -0.405775
v 0.012533 0.66168 -0.45
v 0.006831 0.66168 -0.472553
v 0.048222 0.637533 -0.492485
v 0.012533 0.66168 -0.45
v 0.048222 0.637533 -0.492485
v 0.059924 0.637533 -0.45
v 0.006831 0.66168 -0.472553
v -0.0074 0.66168 -0.490879
v 0.021745 0.637533 -0.527426
v 0.006831 0.66168 -0.472553
v 0.021745 0.637533 -0.527426
v 0.048222 0.637533 -0.492485
v -0.0074 0.66168 -0.490879
v -0.028211 0.66168 -0.501649
v -0.017407 0.637533 -0.548985
v -0.0074 0.66168 -0.490879
v -0.017407 0.637533 -0.548985
v 0.021745 0.637533 -0.527426
v -0.028211 0.66168 -0.501649
v -0.051788 0.66168 -0.501649
v -0.062593 0.637533 -0.548985
v -0.028211 0.66168 -0.501649
v -0.062593 0.637533 -0.548985
v -0.017407 0.637533 -0.548985
v -0.051788 0.66168 -0.501649
v -0.0726 0.66168 -0.490879
v -0.101745 0.637533 -0.527426
v -0.051788 0.66168 -0.501649
v -0.101745 0.637533 -0.527426
v -0.062593 0.637533 -0.548985
v -0.0726 0.66168 -0.490879
v -0.086831 0.66168 -0.472553
v -0.128222 0.637533 -0.492485
v -0.0726 0.66168 -0.490879
v -0.128222 0.637533 -0.492485
v -0.101745 0.637533 -0.527426
v -0.086831 0.66168 -0.472553
v -0.092533 0.66168 -0.45
v -0.139924 0.637533 -0.45
v -0.086831 0.66168 -0.472553
v -0.139924 0.637533 -0.45
v -0.128222 0.637533 -0.492485
v -0.139924 0.637533 -0.45
v -0.131834 0.637533 -0.405775
v -0.167334 0.599924 -0.388679
v -0.139924 0.637533 -0.45
v -0.167334 0.599924 -0.388679
v -0.177533 0.599924 -0.45
v -0.131834 0.637533 -0.405775
v -0.102857 0.637533 -0.371179
v -0.126804 0.599924 -0.341151
v -0.131834 0.637533 -0.405775
v -0.126804 0.599924 -0.341151
v -0.167334 0.599924 -0.388679
v -0.102857 0.637533 -0.371179
v -0.061877 0.637533 -0.354149
v -0.069926 0.599924 -0.318884
v -0.102857 0.637533 -0.371179
v -0.069926 0.599924 -0.318884
v -0.126804 0.599924 -0.341151
v -0.061877 0.637533 -0.354149
v -0.018123 0.637533 -0.354149
v -0.010074 0.599924 -0.318884
v -0.061877 0.637533 -0.354149
v -0.010074 0.599924 -0.318884
v -0.069926 0.599924 -0.318884
v -0.018123 0.637533 -0.354149
v 0.022857 0.637533 -0.371179
v 0.046804 0.599924 -0.341151
v -0.018123 0.637533 -0.354149
v 0.046804 0.599924 -0.341151
v -0.010074 0.599924 -0.318884
v 0.022857 0.637533 -0.371179
v 0.051834 0.637533 -0.405775
v 0.087334 0.599924 -0.388679
v 0.022857 0.637533 -0.371179
v 0.087334 0.599924 -0.388679
v 0.046804 0.599924 -0.341151
v 0.051834 0.637533 -0.405775
v 0.059924 0.637533 -0.45
v 0.097533 0.599924 -0.45
v 0.051834 0.637533 -0.405775
v 0.097533 0.599924 -0.45
v 0.087334 0.599924 -0.388679
v 0.059924 0.637533 -0.45
v 0.048222 0.637533 -0.492485
v 0.080492 0.599924 -0.508026
v 0.059924 0.637533 -0.45
v 0.080492 0.599924 -0.508026
v 0.097533 0.599924 -0.45
v 0.048222 0.637533 -0.492485
v 0.021745 0.637533 -0.527426
v 0.044697 0.599924 -0.556206
v 0.048222 0.637533 -0.492485
v 0.044697 0.599924 -0.556206
v 0.080492 0.599924 -0.508026
v 0.021745 0.637533 -0.527426
v -0.017407 0.637533 -0.548985
v -0.008718 0.599924 -0.587053
v 0.021745 0.637533 -0.527426
v -0.008718 0.599924 -0.587053
v 0.044697 0.599924 -0.556206
v -0.017407 0.637533 -0.548985
v -0.062593 0.637533 -0.548985
v -0.071281 0.599924 -0.587053
v -0.017407 0.637533 -0.548985
v -0.071281 0.599924 -0.587053
v -0.008718 0.599924 -0.587053
v -0.062593 0.637533 -0.548985
v -0.101745 0.637533 -0.527426
v -0.124697 0.599924 -0.556206
v -0.062593 0.637533 -0.548985
v -0.124697 0.599924 -0.556206
v -0.071281 0.599924 -0.587053
v -0.101745 0.637533 -0.527426
v -0.128222 0.637533 -0.492485
v -0.160492 0.599924 -0.508026
v -0.101745 0.637533 -0.527426
v -0.160492 0.599924 -0.508026
v -0.124697 0.599924 -0.556206
v -0.128222 0.637533 -0.492485
v -0.139924 0.637533 -0.45
v -0.177533 0.599924 -0.45
v -0.128222 0.637533 -0.492485
v -0.177533 0.599924 -0.45
v -0.160492 0.599924 -0.508026
v -0.177533 0.599924 -0.45
v -0.167334 0.599924 -0.388679
v -0.190396 0.552533 -0.377573
v -0.177533 0.599924 -0.45
v -0.190396 0.552533 -0.377573
v -0.20168 0.552533 -0.45
v -0.167334 0.599924 -0.388679
v -0.126804 0.599924 -0.341151
v -0.142262 0.552533 -0.321768
v -0.167334 0.599924 -0.388679
v -0.142262 0.552533 -0.321768
v -0.190396 0.552533 -0.377573
v -0.126804 0.599924 -0.341151
v -0.069926 0.599924 -0.318884
v -0.075041 0.552533 -0.296476
v -0.126804 0.599924 -0.341151
v -0.075041 0.552533 -0.296476
v -0.142262 0.552533 -0.321768
v -0.069926 0.599924 -0.318884
v -0.010074 0.599924 -0.318884
v -0.004959 0.552533 -0.296476
v -0.069926 0.599924 -0.318884
v -0.004959 0.552533 -0.296476
v -0.075041 0.552533 -0.296476
v -0.010074 0.599924 -0.318884
v 0.046804 0.599924 -0.341151
v 0.062262 0.552533 -0.321768
v -0.010074 0.599924 -0.318884
v 0.062262 0.552533 -0.321768
v -0.004959 0.552533 -0.296476
v 0.046804 0.599924 -0.341151
v 0.087334 0.599924 -0.388679
v 0.110396 0.552533 -0.377573
v 0.046804 0.599924 -0.341151
v 0.110396 0.552533 -0.377573
v 0.062262 0.552533 -0.321768
v 0.087334 0.599924 -0.388679
v 0.097533 0.599924 -0.45
v 0.12168 0.552533 -0.45
v 0.087334 0.599924 -0.388679
v 0.12168 0.552533 -0.45
v 0.110396 0.552533 -0.377573
v 0.097533 0.599924 -0.45
v 0.080492 0.599924 -0.508026
v 0.100941 0.552533 -0.517873
v 0.097533 0.599924 -0.45
v 0.100941 0.552533 -0.517873
v 0.12168 0.552533 -0.45
v 0.080492 0.599924 -0.508026
v 0.044697 0.599924 -0.556206
v 0.05935 0.552533 -0.57458
v 0.080492 0.599924 -0.508026
v 0.05935 0.552533 -0.57458
v 0.100941 0.552533 -0.517873
v 0.044697 0.599924 -0.556206
v -0.008718 0.599924 -0.587053
v -0.003087 0.552533 -0.611728
v 0.044697 0.599924 -0.556206
v -0.003087 0.552533 -0.611728
v 0.05935 0.552533 -0.57458
v -0.008718 0.599924 -0.587053
v -0.071281 0.599924 -0.587053
v -0.076913 0.552533 -0.611728
v -0.008718 0.599924 -0.587053
v -0.076913 0.552533 -0.611728
v -0.003087 0.552533 -0.611728
v -0.071281 0.599924 -0.587053
v -0.124697 0.599924 -0.556206
v -0.13935 0.552533 -0.57458
v -0.071281 0.599924 -0.587053
v -0.13935 0.552533 -0.57458
v -0.076913 0.552533 -0.611728
v -0.124697 0.599924 -0.556206
v -0.160492 0.599924 -0.508026
v -0.180941 0.552533 -0.517873
v -0.124697 0.599924 -0.556206
v -0.180941 0.552533 -0.517873
v -0.13935 0.552533 -0.57458
v -0.160492 0.599924 -0.508026
v -0.177533 0.599924 -0.45
v -0.20168 0.552533 -0.45
v -0.160492 0.599924 -0.508026
v -0.20168 0.552533 -0.45
v -0.180941 0.552533 -0.517873
v -0.20168 0.552533 -0.45
v -0.190396 0.552533 -0.377573
v -0.198391 0.5 -0.373723
v -0.20168 0.552533 -0.45
v -0.198391 0.5 -0.373723
v -0.21 0.5 -0.45
v -0.190396 0.552533 -0.377573
v -0.142262 0.552533 -0.321768
v -0.147603 0.5 -0.31507
v -0.190396 0.552533 -0.377573
v -0.147603 0.5 -0.31507
v -0.198391 0.5 -0.373723
v -0.142262 0.552533 -0.321768
v -0.075041 0.552533 -0.296476
v -0.076793 0.5 -0.288797
v -0.142262 0.552533 -0.321768
v -0.076793 0.5 -0.288797
v -0.147603 0.5 -0.31507
v -0.075041 0.552533 -0.296476
v -0.004959 0.552533 -0.296476
v -0.003207 0.5 -0.288797
v -0.075041 0.552533 -0.296476
v -0.003207 0.5 -0.288797
v -0.076793 0.5 -0.288797
v -0.004959 0.552533 -0.296476
v 0.062262 0.552533 -0.321768
v 0.067603 0.5 -0.31507
v -0.004959 0.552533 -0.296476
v 0.067603 0.5 -0.31507
v -0.003207 0.5 -0.288797
v 0.062262 0.552533 -0.321768
v 0.110396 0.552533 -0.377573
v 0.118391 0.5 -0.373723
v 0.062262 0.552533 -0.321768
v 0.118391 0.5 -0.373723
v 0.067603 0.5 -0.31507
v 0.110396 0.552533 -0.377573
v 0.12168 0.552533 -0.45
v 0.13 0.5 -0.45
v 0.110396 0.552533 -0.377573
v 0.13 0.5 -0.45
v 0.118391 0.5 -0.373723
v 0.12168 0.552533 -0.45
v 0.100941 0.552533 -0.517873
v 0.107938 0.5 -0.521243
v 0.12168 0.552533 -0.45
v 0.107938 0.5 -0.521243
v 0.13 0.5 -0.45
v 0.100941 0.552533 -0.517873
v 0.05935 0.552533 -0.57458
v 0.064384 0.5 -0.580893
v 0.100941 0.552533 -0.517873
v 0.064384 0.5 -0.580893
v 0.107938 0.5 -0.521243
v 0.05935 0.552533 -0.57458
v -0.003087 0.552533 -0.611728
v -0.001136 0.5 -0.620273
v 0.05935 0.552533 -0.57458
v -0.001136 0.5 -0.620273
v 0.064384 0.5 -0.580893
v -0.003087 0.552533 -0.611728
v -0.076913 0.552533 -0.611728
v -0.078864 0.5 -0.620273
v -0.003087 0.552533 -0.611728
v -0.078864 0.5 -0.620273
v -0.001136 0.5 -0.620273
v -0.076913 0.552533 -0.611728
v -0.13935 0.552533 -0.57458
v -0.144384 0.5 -0.580893
v -0.076913 0.552533 -0.611728
v -0.144384 0.5 -0.580893
v -0.078864 0.5 -0.620273
v -0.13935 0.552533 -0.57458
v -0.180941 0.552533 -0.517873
v -0.187938 0.5 -0.521243
v -0.13935 0.552533 -0.57458
v -0.187938 0.5 -0.521243
v -0.144384 0.5 -0.580893
v -0.180941 0.552533 -0.517873
v -0.20168 0.552533 -0.45
v -0.21 0.5 -0.45
v -0.180941 0.552533 -0.517873
v -0.21 0.5 -0.45
v -0.187938 0.5 -0.521243
v -0.21 0.5 -0.45
v -0.198391 0.5 -0.373723
v -0.190396 0.447467 -0.377573
v -0.21 0.5 -0.45
v -0.190396 0.447467 -0.377573
v -0.20168 0.447467 -0.45
v -0.198391 0.5 -0.373723
v -0.147603 0.5 -0.31507
v -0.142261 0.447467 -0.321768
v -0.198391 0.5 -0.373723
v -0.142261 0.447467 -0.321768
v -0.190396 0.447467 -0.377573
v -0.147603 0.5 -0.31507
v -0.076793 0.5 -0.288797
v -0.075041 0.447467 -0.296476
v -0.147603 0.5 -0.31507
v -0.075041 0.447467 -0.296476
v -0.142261 0.447467 -0.321768
v -0.076793 0.5 -0.288797
v -0.003207 0.5 -0.288797
v -0.004959 0.447467 -0.296476
v -0.076793 0.5 -0.288797
v -0.004959 0.447467 -0.296476
v -0.075041 0.447467 -0.296476
v -0.003207 0.5 -0.288797
v 0.067603 0.5 -0.31507
v 0.062262 0.447467 -0.321768
v -0.003207 0.5 -0.288797
v 0.062262 0.447467 -0.321768
v -0.004959 0.447467 -0.296476
v 0.067603 0.5 -0.31507
v 0.118391 0.5 -0.373723
v 0.110396 0.447467 -0.377573
v 0.067603 0.5 -0.31507
v 0.110396 0.447467 -0.377573
v 0.062262 0.447467 -0.321768
v 0.118391 0.5 -0.373723
v 0.13 0.5 -0.45
v 0.12168 0.447467 -0.45
v 0.118391 0.5 -0.373723
v 0.12168 0.447467 -0.45
v 0.110396 0.447467 -0.377573
v 0.13 0.5 -0.45
v 0.107938 0.5 -0.521243
v 0.100941 0.447467 -0.517873
v 0.13 0.5 -0.45
v 0.100941 0.447467 -0.517873
v 0.12168 0.447467 -0.45
v 0.107938 0.5 -0.521243
v 0.064384 0.5 -0.580893
v 0.05935 0.447467 -0.57458
v 0.107938 0.5 -0.521243
v 0.05935 0.447467 -0.57458
v 0.100941 0.447467 -0.517873
v 0.064384 0.5 -0.580893
v -0.001136 0.5 -0.620273
v -0.003087 0.447467 -0.611728
v 0.064384 0.5 -0.580893
v -0.003087 0.447467 -0.611728
v 0.05935 0.447467 -0.57458
v -0.001136 0.5 -0.620273
v -0.078864 0.5 -0.620273
v -0.076913 0.447467 -0.611728
v -0.001136 0.5 -0.620273
v -0.076913 0.447467 -0.611728
v -0.003087 0.447467 -0.611728
v -0.078864 0.5 -0.620273
v -0.144384 0.5 -0.580893
v -0.13935 0.447467 -0.57458
v -0.078864 0.5 -0.620273
v -0.13935 0.447467 -0.57458
v -0.076913 0.447467 -0.611728
v -0.144384 0.5 -0.580893
v -0.187938 0.5 -0.521243
v -0.180941 0.447467 -0.517873
v -0.144384 0.5 -0.580893
v -0.180941 0.447467 -0.517873
v -0.13935 0.447467 -0.57458
v -0.187938 0.5 -0.521243
v -0.21 0.5 -0.45
v -0.20168 0.447467 -0.45
v -0.187938 0.5 -0.521243
v -0.20168 0.447467 -0.45
v -0.180941 0.447467 -0.517873
v -0.20168 0.447467 -0.45
v -0.190396 0.447467 -0.377573
v -0.167334 0.400077 -0.388679
v -0.20168 0.447467 -0.45
v -0.167334 0.400077 -0.388679
v -0.177533 0.400077 -0.45
v -0.190396 0.447467 -0.377573
v -0.142261 0.447467 -0.321768
v -0.126804 0.400077 -0.341151
v -0.190396 0.447467 -0.377573
v -0.126804 0.400077 -0.341151
v -0.167334 0.400077 -0.388679
v -0.142261 0.447467 -0.321768
v -0.075041 0.447467 -0.296476
v -0.069926 0.400077 -0.318884
v -0.142261 0.447467 -0.321768
v -0.069926 0.400077 -0.318884
v -0.126804 0.400077 -0.341151
v -0.075041 0.447467 -0.296476
v -0.004959 0.447467 -0.296476
v -0.010074 0.400077 -0.318884
v -0.075041 0.447467 -0.296476
v -0.010074 0.400077 -0.318884
v -0.069926 0.400077 -0.318884
v -0.004959 0.447467 -0.296476
v 0.062262 0.447467 -0.321768
v 0.046804 0.400077 -0.341151
v -0.004959 0.447467 -0.296476
v 0.046804 0.400077 -0.341151
v -0.010074 0.400077 -0.318884
v 0.062262 0.447467 -0.321768
v 0.110396 0.447467 -0.377573
v 0.087334 0.400077 -0.388679
v 0.062262 0.447467 -0.321768
v 0.087334 0.400077 -0.388679
v 0.046804 0.400077 -0.341151
v 0.110396 0.447467 -0.377573
v 0.12168 0.447467 -0.45
v 0.097533 0.400077 -0.45
v 0.110396 0.447467 -0.377573
v 0.097533 0.400077 -0.45
v 0.087334 0.400077 -0.388679
v 0.12168 0.447467 -0.45
v 0.100941 0.447467 -0.517873
v 0.080492 0.400077 -0.508026
v 0.12168 0.447467 -0.45
v 0.080492 0.400077 -0.508026
v 0.097533 0.400077 -0.45
v 0.100941 0.447467 -0.517873
v 0.05935 0.447467 -0.57458
v 0.044697 0.400077 -0.556206
v 0.100941 0.447467 -0.517873
v 0.044697 0.400077 -0.556206
v 0.080492 0.400077 -0.508026
v 0.05935 0.447467 -0.57458
v -0.003087 0.447467 -0.611728
v -0.008718 0.400077 -0.587053
v 0.05935 0.447467 -0.57458
v -0.008718 0.400077 -0.587053
v 0.044697 0.400077 -0.556206
v -0.003087 0.447467 -0.611728
v -0.076913 0.447467 -0.611728
v -0.071281 0.400077 -0.587053
v -0.003087 0.447467 -0.611728
v -0.071281 0.400077 -0.587053
v -0.008718 0.400077 -0.587053
v -0.076913 0.447467 -0.611728
v -0.13935 0.447467 -0.57458
v -0.124697 0.400077 -0.556206
v -0.076913 0.447467 -0.611728
v -0.124697 0.400077 -0.556206
v -0.071281 0.400077 -0.587053
v -0.13935 0.447467 -0.57458
v -0.180941 0.447467 -0.517873
v -0.160492 0.400077 -0.508026
v -0.13935 0.447467 -0.57458
v -0.160492 0.400077 -0.508026
v -0.124697 0.400077 -0.556206
v -0.180941 0.447467 -0.517873
v -0.20168 0.447467 -0.45
v -0.177533 0.400077 -0.45
v -0.180941 0.447467 -0.517873
v -0.177533 0.400077 -0.45
v -0.160492 0.400077 -0.508026
v -0.177533 0.400077 -0.45
v -0.167334 0.400077 -0.388679
v -0.131834 0.362467 -0.405775
v -0.177533 0.400077 -0.45
v -0.131834 0.362467 -0.405775
v -0.139923 0.362467 -0.45
v -0.167334 0.400077 -0.388679
v -0.126804 0.400077 -0.341151
v -0.102857 0.362467 -0.371179
v -0.167334 0.400077 -0.388679
v -0.102857 0.362467 -0.371179
v -0.131834 0.362467 -0.405775
v -0.126804 0.400077 -0.341151
v -0.069926 0.400077 -0.318884
v -0.061877 0.362467 -0.354149
v -0.126804 0.400077 -0.341151
v -0.061877 0.362467 -0.354149
v -0.102857 0.362467 -0.371179
v -0.069926 0.400077 -0.318884
v -0.010074 0.400077 -0.318884
v -0.018123 0.362467 -0.354149
v -0.069926 0.400077 -0.318884
v -0.018123 0.362467 -0.354149
v -0.061877 0.362467 -0.354149
v -0.010074 0.400077 -0.318884
v 0.046804 0.400077 -0.341151
v 0.022857 0.362467 -0.371179
v -0.010074 0.400077 -0.318884
v 0.022857 0.362467 -0.371179
v -0.018123 0.362467 -0.354149
v 0.046804 0.400077 -0.341151
v 0.087334 0.400077 -0.388679
v 0.051834 0.362467 -0.405775
v 0.046804 0.400077 -0.341151
v 0.051834 0.362467 -0.405775
v 0.022857 0.362467 -0.371179
v 0.087334 0.400077 -0.388679
v 0.097533 0.400077 -0.45
v 0.059924 0.362467 -0.45
v 0.087334 0.400077 -0.388679
v 0.059924 0.362467 -0.45
v 0.051834 0.362467 -0.405775
v 0.097533 0.400077 -0.45
v 0.080492 0.400077 -0.508026
v 0.048222 0.362467 -0.492485
v 0.097533 0.400077 -0.45
v 0.048222 0.362467 -0.492485
v 0.059924 0.362467 -0.45
v 0.080492 0.400077 -0.508026
v 0.044697 0.400077 -0.556206
v 0.021745 0.362467 -0.527426
v 0.080492 0.400077 -0.508026
v 0.021745 0.362467 -0.527426
v 0.048222 0.362467 -0.492485
v 0.044697 0.400077 -0.556206
v -0.008718 0.400077 -0.587053
v -0.017407 0.362467 -0.548985
v 0.044697 0.400077 -0.556206
v -0.017407 0.362467 -0.548985
v 0.021745 0.362467 -0.527426
v -0.008718 0.400077 -0.587053
v -0.071281 0.400077 -0.587053
v -0.062593 0.362467 -0.548985
v -0.008718 0.400077 -0.587053
v -0.062593 0.362467 -0.548985
v -0.017407 0.362467 -0.548985
v -0.071281 0.400077 -0.587053
v -0.124697 0.400077 -0.556206
v -0.101745 0.362467 -0.527426
v -0.071281 0.400077 -0.587053
v -0.101745 0.362467 -0.527426
v -0.062593 0.362467 -0.548985
v -0.124697 0.400077 -0.556206
v -0.160492 0.400077 -0.508026
v -0.128222 0.362467 -0.492485
v -0.124697 0.400077 -0.556206
v -0.128222 0.362467 -0.492485
v -0.101745 0.362467 -0.527426
v -0.160492 0.400077 -0.508026
v -0.177533 0.400077 -0.45
v -0.139923 0.362467 -0.45
v -0.160492 0.400077 -0.508026
v -0.139923 0.362467 -0.45
v -0.128222 0.362467 -0.492485
v -0.139923 0.362467 -0.45
v -0.131834 0.362467 -0.405775
v -0.08783 0.33832 -0.426966
v -0.139923 0.362467 -0.45
v -0.08783 0.33832 -0.426966
v -0.092533 0.33832 -0.45
v -0.131834 0.362467 -0.405775
v -0.102857 0.362467 -0.371179
v -0.072907 0.33832 -0.408735
v -0.131834 0.362467 -0.405775
v -0.072907 0.33832 -0.408735
v -0.08783 0.33832 -0.426966
v -0.102857 0.362467 -0.371179
v -0.061877 0.362467 -0.354149
v -0.051591 0.33832 -0.399217
v -0.102857 0.362467 -0.371179
v -0.051591 0.33832 -0.399217
v -0.072907 0.33832 -0.408735
v -0.061877 0.362467 -0.354149
v -0.018123 0.362467 -0.354149
v -0.028409 0.33832 -0.399217
v -0.061877 0.362467 -0.354149
v -0.028409 0.33832 -0.399217
v -0.051591 0.33832 -0.399217
v -0.018123 0.362467 -0.354149
v 0.022857 0.362467 -0.371179
v -0.007093 0.33832 -0.408735
v -0.018123 0.362467 -0.354149
v -0.007093 0.33832 -0.408735
v -0.028409 0.33832 -0.399217
v 0.022857 0.362467 -0.371179
v 0.051834 0.362467 -0.405775
v 0.00783 0.33832 -0.426966
v 0.022857 0.362467 -0.371179
v 0.00783 0.33832 -0.426966
v -0.007093 0.33832 -0.408735
v 0.051834 0.362467 -0.405775
v 0.059924 0.362467 -0.45
v 0.012533 0.33832 -0.45
v 0.051834 0.362467 -0.405775
v 0.012533 0.33832 -0.45
v 0.00783 0.33832 -0.426966
v 0.059924 0.362467 -0.45
v 0.048222 0.362467 -0.492485
v 0.006831 0.33832 -0.472553
v 0.059924 0.362467 -0.45
v 0.006831 0.33832 -0.472553
v 0.012533 0.33832 -0.45
v 0.048222 0.362467 -0.492485
v 0.021745 0.362467 -0.527426
v -0.0074 0.33832 -0.490879
v 0.048222 0.362467 -0.492485
v -0.0074 0.33832 -0.490879
v 0.006831 0.33832 -0.472553
v 0.021745 0.362467 -0.527426
v -0.017407 0.362467 -0.548985
v -0.028211 0.33832 -0.501649
v 0.021745 0.362467 -0.527426
v -0.028211 0.33832 -0.501649
v -0.0074 0.33832 -0.490879
v -0.017407 0.362467 -0.548985
v -0.062593 0.362467 -0.548985
v -0.051788 0.33832 -0.501649
v -0.017407 0.362467 -0.548985
v -0.051788 0.33832 -0.501649
v -0.028211 0.33832 -0.501649
v -0.062593 0.362467 -0.548985
v -0.101745 0.362467 -0.527426
v -0.0726 0.33832 -0.490879
v -0.062593 0.362467 -0.548985
v -0.0726 0.33832 -0.490879
v -0.051788 0.33832 -0.501649
v -0.101745 0.362467 -0.527426
v -0.128222 0.362467 -0.492485
v -0.086831 0.33832 -0.472553
v -0.101745 0.362467 -0.527426
v -0.086831 0.33832 -0.472553
v -0.0726 0.33832 -0.490879
v -0.128222 0.362467 -0.492485
v -0.139923 0.362467 -0.45
v -0.092533 0.33832 -0.45
v -0.128222 0.362467 -0.492485
v -0.092533 0.33832 -0.45
v -0.086831 0.33832 -0.472553
v -0.092533 0.33832 -0.45
v -0.08783 0.33832 -0.426966
v -0.04 0.33 -0.45
v -0.08783 0.33832 -0.426966
v -0.072907 0.33832 -0.408735
v -0.04 0.33 -0.45
v -0.072907 0.33832 -0.408735
v -0.051591 0.33832 -0.399217
v -0.04 0.33 -0.45
v -0.051591 0.33832 -0.399217
v -0.028409 0.33832 -0.399217
v -0.04 0.33 -0.45
v -0.028409 0.33832 -0.399217
v -0.007093 0.33832 -0.408735
v -0.04 0.33 -0.45
v -0.007093 0.33832 -0.408735
v 0.00783 0.33832 -0.426966
v -0.04 0.33 -0.45
v 0.00783 0.33832 -0.426966
v 0.012533 0.33832 -0.45
v -0.04 0.33 -0.45
v 0.012533 0.33832 -0.45
v 0.006831 0.33832 -0.472553
v -0.04 0.33 -0.45
v 0.006831 0.33832 -0.472553
v -0.0074 0.33832 -0.490879
v -0.04 0.33 -0.45
v -0.0074 0.33832 -0.490879
v -0.028211 0.33832 -0.501649
v -0.04 0.33 -0.45
v -0.028211 0.33832 -0.501649
v -0.051788 0.33832 -0.501649
v -0.04 0.33 -0.45
v -0.051788 0.33832 -0.501649
v -0.0726 0.33832 -0.490879
v -0.04 0.33 -0.45
v -0.0726 0.33832 -0.490879
v -0.086831 0.33832 -0.472553
v -0.04 0.33 -0.45
v -0.086831 0.33832 -0.472553
v -0.092533 0.33832 -0.45
v -0.04 0.33 -0.45
vn -0.156355 0.987185 0.031927
vn -0.156355 0.987185 0.031927
vn -0.156355 0.987185 0.031927
vn -0.123185 0.987248 0.100827
vn -0.123185 0.987248 0.100827
vn -0.123185 0.987248 0.100827
vn -0.065528 0.987 0.146757
vn -0.065528 0.987 0.146757
vn -0.065528 0.987 0.146757
vn 0 0.986842 0.161687
vn 0 0.986842 0.161687
vn 0 0.986842 0.161687
vn 0.065528 0.987 0.146757
vn 0.065528 0.987 0.146757
vn 0.065528 0.987 0.146757
vn 0.123185 0.987248 0.100827
vn 0.123185 0.987248 0.100827
vn 0.123185 0.987248 0.100827
vn 0.156355 0.987185 0.031927
vn 0.156355 0.987185 0.031927
vn 0.156355 0.987185 0.031927
vn 0.156312 0.986917 -0.039517
vn 0.156312 0.986917 -0.039517
vn 0.156312 0.986917 -0.039517
vn 0.12761 0.986861 -0.099096
vn 0.12761 0.986861 -0.099096
vn 0.12761 0.986861 -0.099096
vn 0.073597 0.987096 -0.142219
vn 0.073597 0.987096 -0.142219
vn 0.073597 0.987096 -0.142219
vn 0 0.987271 -0.159045
vn 0 0.987271 -0.159045
vn 0 0.987271 -0.159045
vn -0.073597 0.987096 -0.142219
vn -0.073597 0.987096 -0.142219
vn -0.073597 0.987096 -0.142219
vn -0.12761 0.986861 -0.099096
vn -0.12761 0.986861 -0.099096
vn -0.12761 0.986861 -0.099096
vn -0.156312 0.986917 -0.039516
vn -0.156312 0.986917 -0.039516
vn -0.156312 0.986917 -0.039516
vn -0.445085 0.890865 0.090884
vn -0.445085 0.890865 0.090884
vn -0.445085 0.890865 0.090884
vn -0.452433 0.88795 0.082762
vn -0.452433 0.88795 0.082762
vn -0.452433 0.88795 0.082762
vn -0.353842 0.889335 0.28962
vn -0.353842 0.889335 0.28962
vn -0.353842 0.889335 0.28962
vn -0.348328 0.890816 0.291746
vn -0.348328 0.890816 0.291746
vn -0.348328 0.890816 0.291746
vn -0.19163 0.882661 0.429171
vn -0.19163 0.882661 0.429171
vn -0.19163 0.882661 0.429171
vn -0.177839 0.886145 0.427926
vn -0.177839 0.886145 0.427926
vn -0.177839 0.886145 0.427926
vn 0 0.881457 0.472264
vn 0 0.881457 0.472264
vn 0 0.881457 0.472264
vn 0 0.881457 0.472264
vn 0 0.881457 0.472264
vn 0 0.881457 0.472264
vn 0.187884 0.887492 0.420782
vn 0.187884 0.887492 0.420782
vn 0.187884 0.887492 0.420782
vn 0.179697 0.883597 0.432396
vn 0.179697 0.883597 0.432396
vn 0.179697 0.883597 0.432396
vn 0.350824 0.89133 0.287149
vn 0.350824 0.89133 0.287149
vn 0.350824 0.89133 0.287149
vn 0.349889 0.889774 0.293054
vn 0.349889 0.889774 0.293054
vn 0.349889 0.889774 0.293054
vn 0.452052 0.887202 0.092307
vn 0.452052 0.887202 0.092307
vn 0.452052 0.887202 0.092307
vn 0.448772 0.889868 0.082092
vn 0.448772 0.889868 0.082092
vn 0.448772 0.889868 0.082092
vn 0.458293 0.881218 -0.115859
vn 0.458293 0.881218 -0.115859
vn 0.458293 0.881218 -0.115859
vn 0.450483 0.884122 -0.12407
vn 0.450483 0.884122 -0.12407
vn 0.450483 0.884122 -0.12407
vn 0.37066 0.88304 -0.287838
vn 0.37066 0.88304 -0.287838
vn 0.37066 0.88304 -0.287838
vn 0.376667 0.881278 -0.28543
vn 0.376667 0.881278 -0.28543
vn 0.376667 0.881278 -0.28543
vn 0.210004 0.889502 -0.405813
vn 0.210004 0.889502 -0.405813
vn 0.210004 0.889502 -0.405813
vn 0.223913 0.885725 -0.406638
vn 0.223913 0.885725 -0.406638
vn 0.223913 0.885725 -0.406638
vn 0 0.890796 -0.454404
vn 0 0.890796 -0.454404
vn 0 0.890796 -0.454404
vn 0 0.890796 -0.454404
vn 0 0.890796 -0.454404
vn 0 0.890796 -0.454404
vn -0.214149 0.884812 -0.413822
vn -0.214149 0.884812 -0.413822
vn -0.214149 0.884812 -0.413822
vn -0.221629 0.88819 -0.40249
vn -0.221629 0.88819 -0.40249
vn -0.221629 0.88819 -0.40249
vn -0.373982 0.880793 -0.290418
vn -0.373982 0.880793 -0.290418
vn -0.373982 0.880793 -0.290418
vn -0.374892 0.882469 -0.284086
vn -0.374892 0.882469 -0.284086
vn -0.374892 0.882469 -0.284086
vn -0.45103 0.885196 -0.114023
vn -0.45103 0.885196 -0.114023
vn -0.45103 0.885196 -0.114023
vn -0.454299 0.882019 -0.125121
vn -0.454299 0.882019 -0.125121
vn -0.454299 0.882019 -0.125121
vn -0.691993 0.71072 0.126584
vn -0.691993 0.71072 0.126584
vn -0.691993 0.71072 0.126584
vn -0.702266 0.702266 0.116807
vn -0.702266 0.702266 0.116807
vn -0.702266 0.702266 0.116807
vn -0.541874 0.707383 0.453853
vn -0.541874 0.707383 0.453853
vn -0.541874 0.707383 0.453853
vn -0.534508 0.71172 0.455804
vn -0.534508 0.71172 0.455804
vn -0.534508 0.71172 0.455804
vn -0.278507 0.687986 0.670156
vn -0.278507 0.687986 0.670156
vn -0.278507 0.687986 0.670156
vn -0.260948 0.698316 0.666529
vn -0.260948 0.698316 0.666529
vn -0.260948 0.698316 0.666529
vn 0 0.684005 0.729477
vn 0 0.684005 0.729477
vn 0 0.684005 0.729477
vn 0 0.684005 0.729478
vn 0 0.684005 0.729478
vn 0 0.684005 0.729478
vn 0.273866 0.700522 0.658989
vn 0.273866 0.700522 0.658989
vn 0.273866 0.700522 0.658989
vn 0.264153 0.689189 0.674716
vn 0.264153 0.689189 0.674716
vn 0.264153 0.689189 0.674716
vn 0.537901 0.712523 0.450525
vn 0.537901 0.712523 0.450525
vn 0.537901 0.712523 0.450525
vn 0.537357 0.708004 0.458233
vn 0.537357 0.708004 0.458233
vn 0.537357 0.708004 0.458233
vn 0.701265 0.701265 0.12828
vn 0.701265 0.701265 0.12828
vn 0.701265 0.701265 0.12828
vn 0.695539 0.709114 0.115688
vn 0.695539 0.709114 0.115688
vn 0.695539 0.709114 0.115688
vn 0.703544 0.683725 -0.193767
vn 0.703544 0.683725 -0.193767
vn 0.703544 0.683725 -0.193767
vn 0.692337 0.692337 -0.203322
vn 0.692337 0.692337 -0.203322
vn 0.692337 0.692337 -0.203322
vn 0.578248 0.688204 -0.438185
vn 0.578248 0.688204 -0.438185
vn 0.578248 0.688204 -0.438185
vn 0.586289 0.683035 -0.435579
vn 0.586289 0.683035 -0.435579
vn 0.586289 0.683035 -0.435579
vn 0.3414 0.706432 -0.62
vn 0.3414 0.706432 -0.62
vn 0.3414 0.706432 -0.62
vn 0.35934 0.695469 -0.622252
vn 0.35934 0.695469 -0.622252
vn 0.35934 0.695469 -0.622252
vn 0 0.711378 -0.70281
vn 0 0.711378 -0.70281
vn 0 0.711378 -0.70281
vn 0 0.711378 -0.70281
vn 0 0.711378 -0.70281
vn 0 0.711378 -0.70281
vn -0.347147 0.694291 -0.630436
vn -0.347147 0.694291 -0.630436
vn -0.347147 0.694291 -0.630436
vn -0.35502 0.704285 -0.614771
vn -0.35502 0.704285 -0.614771
vn -0.35502 0.704285 -0.614771
vn -0.582637 0.682351 -0.44151
vn -0.582637 0.682351 -0.44151
vn -0.582637 0.682351 -0.44151
vn -0.58306 0.687311 -0.43318
vn -0.58306 0.687311 -0.43318
vn -0.58306 0.687311 -0.43318
vn -0.694067 0.694067 -0.191157
vn -0.694067 0.694067 -0.191157
vn -0.694067 0.694067 -0.191157
vn -0.699212 0.68479 -0.205341
vn -0.699212 0.68479 -0.205341
vn -0.699212 0.68479 -0.205341
vn -0.875733 0.4603 0.145659
vn -0.875733 0.4603 0.145659
vn -0.875733 0.4603 0.145659
vn -0.882544 0.449678 0.1375
vn -0.882544 0.449678 0.1375
vn -0.882544 0.449678 0.1375
vn -0.676857 0.456852 0.577193
vn -0.676857 0.456852 0.577193
vn -0.676857 0.456852 0.577193
vn -0.671401 0.462444 0.579109
vn -0.671401 0.462444 0.579109
vn -0.671401 0.462444 0.579109
vn -0.328707 0.432459 0.839602
vn -0.328707 0.432459 0.839602
vn -0.328707 0.432459 0.839602
vn -0.315266 0.445547 0.837912
vn -0.315266 0.445547 0.837912
vn -0.315266 0.445547 0.837912
vn 0 0.427452 0.904038
vn 0 0.427452 0.904038
vn 0 0.427452 0.904038
vn 0 0.427452 0.904038
vn 0 0.427452 0.904038
vn 0 0.427452 0.904038
vn 0.326102 0.447051 0.832948
vn 0.326102 0.447051 0.832948
vn 0.326102 0.447051 0.832948
vn 0.317405 0.433128 0.843596
vn 0.317405 0.433128 0.843596
vn 0.317405 0.433128 0.843596
vn 0.674438 0.46299 0.57513
vn 0.674438 0.46299 0.57513
vn 0.674438 0.46299 0.57513
vn 0.673441 0.457241 0.580868
vn 0.673441 0.457241 0.580868
vn 0.673441 0.457241 0.580868
vn 0.88138 0.449086 0.146598
vn 0.88138 0.449086 0.146598
vn 0.88138 0.449086 0.146598
vn 0.877748 0.459193 0.136752
vn 0.877748 0.459193 0.136752
vn 0.877748 0.459193 0.136752
vn 0.867495 0.427259 -0.254761
vn 0.867495 0.427259 -0.254761
vn 0.867495 0.427259 -0.254761
vn 0.859716 0.438047 -0.262684
vn 0.859716 0.438047 -0.262684
vn 0.859716 0.438047 -0.262684
vn 0.723828 0.432301 -0.537762
vn 0.723828 0.432301 -0.537762
vn 0.723828 0.432301 -0.537762
vn 0.729542 0.425982 -0.535078
vn 0.729542 0.425982 -0.535078
vn 0.729542 0.425982 -0.535078
vn 0.445437 0.454554 -0.771341
vn 0.445437 0.454554 -0.771341
vn 0.445437 0.454554 -0.771341
vn 0.458918 0.440952 -0.771333
vn 0.458918 0.440952 -0.771333
vn 0.458918 0.440952 -0.771333
vn 0 0.461824 -0.886972
vn 0 0.461824 -0.886972
vn 0 0.461824 -0.886972
vn 0 0.461824 -0.886971
vn 0 0.461824 -0.886971
vn 0 0.461824 -0.886971
vn -0.449007 0.440287 -0.777522
vn -0.449007 0.440287 -0.777522
vn -0.449007 0.440287 -0.777522
vn -0.455821 0.453074 -0.766127
vn -0.455821 0.453074 -0.766127
vn -0.455821 0.453074 -0.766127
vn -0.726392 0.425576 -0.539666
vn -0.726392 0.425576 -0.539666
vn -0.726392 0.425576 -0.539666
vn -0.727345 0.431723 -0.533466
vn -0.727345 0.431723 -0.533466
vn -0.727345 0.431723 -0.533466
vn -0.861986 0.439204 -0.253143
vn -0.861986 0.439204 -0.253143
vn -0.861986 0.439204 -0.253143
vn -0.864394 0.427864 -0.264113
vn -0.864394 0.427864 -0.264113
vn -0.864394 0.427864 -0.264113
vn -0.975415 0.159596 0.151969
vn -0.975415 0.159596 0.151969
vn -0.975415 0.159596 0.151969
vn -0.976715 0.154696 0.14865
vn -0.976715 0.154696 0.14865
vn -0.976715 0.154696 0.14865
vn -0.747692 0.158249 0.644914
vn -0.747692 0.158249 0.644914
vn -0.747692 0.158249 0.644914
vn -0.746119 0.160913 0.646076
vn -0.746119 0.160913 0.646076
vn -0.746119 0.160913 0.646076
vn -0.348328 0.146942 0.925784
vn -0.348328 0.146942 0.925784
vn -0.348328 0.146942 0.925784
vn -0.343762 0.15308 0.926496
vn -0.343762 0.15308 0.926496
vn -0.343762 0.15308 0.926496
vn 0 0.144633 0.989485
vn 0 0.144633 0.989485
vn 0 0.144633 0.989485
vn 0 0.144632 0.989486
vn 0 0.144632 0.989486
vn 0 0.144632 0.989486
vn 0.347988 0.153303 0.92488
vn 0.347988 0.153303 0.92488
vn 0.347988 0.153303 0.92488
vn 0.344081 0.14703 0.927357
vn 0.344081 0.14703 0.927357
vn 0.344081 0.14703 0.927357
vn 0.747356 0.160995 0.644623
vn 0.747356 0.160995 0.644623
vn 0.747356 0.160995 0.644623
vn 0.746438 0.158304 0.646352
vn 0.746438 0.158304 0.646352
vn 0.746438 0.158304 0.646352
vn 0.976198 0.154615 0.152091
vn 0.976198 0.154615 0.152091
vn 0.976198 0.154615 0.152091
vn 0.975971 0.15943 0.148537
vn 0.975971 0.15943 0.148537
vn 0.975971 0.15943 0.148537
vn 0.946304 0.144594 -0.289141
vn 0.946304 0.144594 -0.289141
vn 0.946304 0.144594 -0.289141
vn 0.944499 0.149594 -0.292479
vn 0.944499 0.149594 -0.292479
vn 0.944499 0.149594 -0.292479
vn 0.797635 0.14673 -0.58502
vn 0.797635 0.14673 -0.58502
vn 0.797635 0.14673 -0.58502
vn 0.799215 0.143888 -0.583568
vn 0.799215 0.143888 -0.583568
vn 0.799215 0.143888 -0.583568
vn 0.504987 0.156806 -0.848764
vn 0.504987 0.156806 -0.848764
vn 0.504987 0.156806 -0.848764
vn 0.509274 0.150616 -0.847322
vn 0.509274 0.150616 -0.847322
vn 0.509274 0.150616 -0.847322
vn 0 0.160548 -0.987028
vn 0 0.160548 -0.987028
vn 0 0.160548 -0.987028
vn 0 0.160548 -0.987028
vn 0 0.160548 -0.987028
vn 0 0.160548 -0.987028
vn -0.505487 0.150527 -0.849603
vn -0.505487 0.150527 -0.849603
vn -0.505487 0.150527 -0.849603
vn -0.508796 0.156583 -0.846527
vn -0.508796 0.156583 -0.846527
vn -0.508796 0.156583 -0.846527
vn -0.797978 0.143833 -0.585271
vn -0.797978 0.143833 -0.585271
vn -0.797978 0.143833 -0.585271
vn -0.798888 0.146647 -0.583329
vn -0.798888 0.146647 -0.583329
vn -0.798888 0.146647 -0.583329
vn -0.945568 0.149763 -0.288916
vn -0.945568 0.149763 -0.288916
vn -0.945568 0.149763 -0.288916
vn -0.945198 0.144675 -0.292696
vn -0.945198 0.144675 -0.292696
vn -0.945198 0.144675 -0.292696
vn -0.975971 -0.15943 0.148537
vn -0.975971 -0.15943 0.148537
vn -0.975971 -0.15943 0.148537
vn -0.976198 -0.154615 0.152091
vn -0.976198 -0.154615 0.152091
vn -0.976198 -0.154615 0.152091
vn -0.746438 -0.158305 0.646352
vn -0.746438 -0.158305 0.646352
vn -0.746438 -0.158305 0.646352
vn -0.747356 -0.160996 0.644623
vn -0.747356 -0.160996 0.644623
vn -0.747356 -0.160996 0.644623
vn -0.344081 -0.14703 0.927357
vn -0.344081 -0.14703 0.927357
vn -0.344081 -0.14703 0.927357
vn -0.347988 -0.153304 0.92488
vn -0.347988 -0.153304 0.92488
vn -0.347988 -0.153304 0.92488
vn 0 -0.144633 0.989485
vn 0 -0.144633 0.989485
vn 0 -0.144633 0.989485
vn 0 -0.144633 0.989486
vn 0 -0.144633 0.989486
vn 0 -0.144633 0.989486
vn 0.343762 -0.15308 0.926496
vn 0.343762 -0.15308 0.926496
vn 0.343762 -0.15308 0.926496
vn 0.348328 -0.146942 0.925784
vn 0.348328 -0.146942 0.925784
vn 0.348328 -0.146942 0.925784
vn 0.746119 -0.160914 0.646076
vn 0.746119 -0.160914 0.646076
vn 0.746119 -0.160914 0.646076
vn 0.747693 -0.158249 0.644913
vn 0.747693 -0.158249 0.644913
vn 0.747693 -0.158249 0.644913
vn 0.976715 -0.154697 0.14865
vn 0.976715 -0.154697 0.14865
vn 0.976715 -0.154697 0.14865
vn 0.975415 -0.159597 0.151969
vn 0.975415 -0.159597 0.151969
vn 0.975415 -0.159597 0.151969
vn 0.945198 -0.144675 -0.292696
vn 0.945198 -0.144675 -0.292696
vn 0.945198 -0.144675 -0.292696
vn 0.945568 -0.149763 -0.288916
vn 0.945568 -0.149763 -0.288916
vn 0.945568 -0.149763 -0.288916
vn 0.798888 -0.146647 -0.583329
vn 0.798888 -0.146647 -0.583329
vn 0.798888 -0.146647 -0.583329
vn 0.797978 -0.143833 -0.585272
vn 0.797978 -0.143833 -0.585272
vn 0.797978 -0.143833 -0.585272
vn 0.508796 -0.156584 -0.846527
vn 0.508796 -0.156584 -0.846527
vn 0.508796 -0.156584 -0.846527
vn 0.505486 -0.150527 -0.849603
vn 0.505486 -0.150527 -0.849603
vn 0.505486 -0.150527 -0.849603
vn 0 -0.160548 -0.987028
vn 0 -0.160548 -0.987028
vn 0 -0.160548 -0.987028
vn 0 -0.160548 -0.987028
vn 0 -0.160548 -0.987028
vn 0 -0.160548 -0.987028
vn -0.509274 -0.150617 -0.847322
vn -0.509274 -0.150617 -0.847322
vn -0.509274 -0.150617 -0.847322
vn -0.504987 -0.156806 -0.848764
vn -0.504987 -0.156806 -0.848764
vn -0.504987 -0.156806 -0.848764
vn -0.799216 -0.143888 -0.583567
vn -0.799216 -0.143888 -0.583567
vn -0.799216 -0.143888 -0.583567
vn -0.797635 -0.14673 -0.58502
vn -0.797635 -0.14673 -0.58502
vn -0.797635 -0.14673 -0.58502
vn -0.944499 -0.149594 -0.292479
vn -0.944499 -0.149594 -0.292479
vn -0.944499 -0.149594 -0.292479
vn -0.946304 -0.144594 -0.28914
vn -0.946304 -0.144594 -0.28914
vn -0.946304 -0.144594 -0.28914
vn -0.877748 -0.459193 0.136753
vn -0.877748 -0.459193 0.136753
vn -0.877748 -0.459193 0.136753
vn -0.88138 -0.449086 0.146598
vn -0.88138 -0.449086 0.146598
vn -0.88138 -0.449086 0.146598
vn -0.673441 -0.457241 0.580868
vn -0.673441 -0.457241 0.580868
vn -0.673441 -0.457241 0.580868
vn -0.674438 -0.462989 0.57513
vn -0.674438 -0.462989 0.57513
vn -0.674438 -0.462989 0.57513
vn -0.317405 -0.433128 0.843596
vn -0.317405 -0.433128 0.843596
vn -0.317405 -0.433128 0.843596
vn -0.326102 -0.447051 0.832948
vn -0.326102 -0.447051 0.832948
vn -0.326102 -0.447051 0.832948
vn 0 -0.427452 0.904038
vn 0 -0.427452 0.904038
vn 0 -0.427452 0.904038
vn 0 -0.427452 0.904038
vn 0 -0.427452 0.904038
vn 0 -0.427452 0.904038
vn 0.315266 -0.445547 0.837912
vn 0.315266 -0.445547 0.837912
vn 0.315266 -0.445547 0.837912
vn 0.328707 -0.432459 0.839602
vn 0.328707 -0.432459 0.839602
vn 0.328707 -0.432459 0.839602
vn 0.671401 -0.462444 0.579109
vn 0.671401 -0.462444 0.579109
vn 0.671401 -0.462444 0.579109
vn 0.676857 -0.456852 0.577192
vn 0.676857 -0.456852 0.577192
vn 0.676857 -0.456852 0.577192
vn 0.882544 -0.449678 0.1375
vn 0.882544 -0.449678 0.1375
vn 0.882544 -0.449678 0.1375
vn 0.875733 -0.4603 0.145659
vn 0.875733 -0.4603 0.145659
vn 0.875733 -0.4603 0.145659
vn 0.864394 -0.427864 -0.264113
vn 0.864394 -0.427864 -0.264113
vn 0.864394 -0.427864 -0.264113
vn 0.861985 -0.439204 -0.253143
vn 0.861985 -0.439204 -0.253143
vn 0.861985 -0.439204 -0.253143
vn 0.727344 -0.431723 -0.533466
vn 0.727344 -0.431723 -0.533466
vn 0.727344 -0.431723 -0.533466
vn 0.726392 -0.425577 -0.539666
vn 0.726392 -0.425577 -0.539666
vn 0.726392 -0.425577 -0.539666
vn 0.455821 -0.453074 -0.766127
vn 0.455821 -0.453074 -0.766127
vn 0.455821 -0.453074 -0.766127
vn 0.449006 -0.440287 -0.777522
vn 0.449006 -0.440287 -0.777522
vn 0.449006 -0.440287 -0.777522
vn 0 -0.461824 -0.886971
vn 0 -0.461824 -0.886971
vn 0 -0.461824 -0.886971
vn 0 -0.461824 -0.886971
vn 0 -0.461824 -0.886971
vn 0 -0.461824 -0.886971
vn -0.458919 -0.440952 -0.771333
vn -0.458919 -0.440952 -0.771333
vn -0.458919 -0.440952 -0.771333
vn -0.445437 -0.454554 -0.771341
vn -0.445437 -0.454554 -0.771341
vn -0.445437 -0.454554 -0.771341
vn -0.729542 -0.425982 -0.535077
vn -0.729542 -0.425982 -0.535077
vn -0.729542 -0.425982 -0.535077
vn -0.723829 -0.432301 -0.537762
vn -0.723829 -0.432301 -0.537762
vn -0.723829 -0.432301 -0.537762
vn -0.859716 -0.438047 -0.262684
vn -0.859716 -0.438047 -0.262684
vn -0.859716 -0.438047 -0.262684
vn -0.867495 -0.427259 -0.254761
vn -0.867495 -0.427259 -0.254761
vn -0.867495 -0.427259 -0.254761
vn -0.695539 -0.709114 0.115688
vn -0.695539 -0.709114 0.115688
vn -0.695539 -0.709114 0.115688
vn -0.701265 -0.701265 0.12828
vn -0.701265 -0.701265 0.12828
vn -0.701265 -0.701265 0.12828
vn -0.537357 -0.708004 0.458233
vn -0.537357 -0.708004 0.458233
vn -0.537357 -0.708004 0.458233
vn -0.537901 -0.712523 0.450526
vn -0.537901 -0.712523 0.450526
vn -0.537901 -0.712523 0.450526
vn -0.264153 -0.689189 0.674716
vn -0.264153 -0.689189 0.674716
vn -0.264153 -0.689189 0.674716
vn -0.273866 -0.700522 0.658989
vn -0.273866 -0.700522 0.658989
vn -0.273866 -0.700522 0.658989
vn 0 -0.684005 0.729478
vn 0 -0.684005 0.729478
vn 0 -0.684005 0.729478
vn 0 -0.684005 0.729478
vn 0 -0.684005 0.729478
vn 0 -0.684005 0.729478
vn 0.260948 -0.698316 0.666529
vn 0.260948 -0.698316 0.666529
vn 0.260948 -0.698316 0.666529
vn 0.278507 -0.687986 0.670156
vn 0.278507 -0.687986 0.670156
vn 0.278507 -0.687986 0.670156
vn 0.534508 -0.711719 0.455804
vn 0.534508 -0.711719 0.455804
vn 0.534508 -0.711719 0.455804
vn 0.541874 -0.707383 0.453853
vn 0.541874 -0.707383 0.453853
vn 0.541874 -0.707383 0.453853
vn 0.702267 -0.702266 0.116807
vn 0.702267 -0.702266 0.116807
vn 0.702267 -0.702266 0.116807
vn 0.691993 -0.71072 0.126584
vn 0.691993 -0.71072 0.126584
vn 0.691993 -0.71072 0.126584
vn 0.699212 -0.68479 -0.205341
vn 0.699212 -0.68479 -0.205341
vn 0.699212 -0.68479 -0.205341
vn 0.694067 -0.694067 -0.191157
vn 0.694067 -0.694067 -0.191157
vn 0.694067 -0.694067 -0.191157
vn 0.583061 -0.687311 -0.43318
vn 0.583061 -0.687311 -0.43318
vn 0.583061 -0.687311 -0.43318
vn 0.582637 -0.682351 -0.441511
vn 0.582637 -0.682351 -0.441511
vn 0.582637 -0.682351 -0.441511
vn 0.35502 -0.704285 -0.614771
vn 0.35502 -0.704285 -0.614771
vn 0.35502 -0.704285 -0.614771
vn 0.347146 -0.694291 -0.630436
vn 0.347146 -0.694291 -0.630436
vn 0.347146 -0.694291 -0.630436
vn 0 -0.711378 -0.70281
vn 0 -0.711378 -0.70281
vn 0 -0.711378 -0.70281
vn 0 -0.711378 -0.70281
vn 0 -0.711378 -0.70281
vn 0 -0.711378 -0.70281
vn -0.359341 -0.695469 -0.622252
vn -0.359341 -0.695469 -0.622252
vn -0.359341 -0.695469 -0.622252
vn -0.3414 -0.706432 -0.62
vn -0.3414 -0.706432 -0.62
vn -0.3414 -0.706432 -0.62
vn -0.586289 -0.683034 -0.435579
vn -0.586289 -0.683034 -0.435579
vn -0.586289 -0.683034 -0.435579
vn -0.578248 -0.688203 -0.438185
vn -0.578248 -0.688203 -0.438185
vn -0.578248 -0.688203 -0.438185
vn -0.692337 -0.692337 -0.203322
vn -0.692337 -0.692337 -0.203322
vn -0.692337 -0.692337 -0.203322
vn -0.703545 -0.683725 -0.193767
vn -0.703545 -0.683725 -0.193767
vn -0.703545 -0.683725 -0.193767
vn -0.448771 -0.889868 0.082092
vn -0.448771 -0.889868 0.082092
vn -0.448771 -0.889868 0.082092
vn -0.452052 -0.887203 0.092307
vn -0.452052 -0.887203 0.092307
vn -0.452052 -0.887203 0.092307
vn -0.349889 -0.889774 0.293054
vn -0.349889 -0.889774 0.293054
vn -0.349889 -0.889774 0.293054
vn -0.350823 -0.89133 0.287149
vn -0.350823 -0.89133 0.287149
vn -0.350823 -0.89133 0.287149
vn -0.179697 -0.883597 0.432396
vn -0.179697 -0.883597 0.432396
vn -0.179697 -0.883597 0.432396
vn -0.187884 -0.887492 0.420782
vn -0.187884 -0.887492 0.420782
vn -0.187884 -0.887492 0.420782
vn 0 -0.881457 0.472264
vn 0 -0.881457 0.472264
vn 0 -0.881457 0.472264
vn 0 -0.881457 0.472264
vn 0 -0.881457 0.472264
vn 0 -0.881457 0.472264
vn 0.177839 -0.886145 0.427926
vn 0.177839 -0.886145 0.427926
vn 0.177839 -0.886145 0.427926
vn 0.191629 -0.882661 0.429171
vn 0.191629 -0.882661 0.429171
vn 0.191629 -0.882661 0.429171
vn 0.348327 -0.890816 0.291746
vn 0.348327 -0.890816 0.291746
vn 0.348327 -0.890816 0.291746
vn 0.353842 -0.889335 0.289619
vn 0.353842 -0.889335 0.289619
vn 0.353842 -0.889335 0.289619
vn 0.452433 -0.88795 0.082762
vn 0.452433 -0.88795 0.082762
vn 0.452433 -0.88795 0.082762
vn 0.445084 -0.890865 0.090884
vn 0.445084 -0.890865 0.090884
vn 0.445084 -0.890865 0.090884
vn 0.454299 -0.882019 -0.125121
vn 0.454299 -0.882019 -0.125121
vn 0.454299 -0.882019 -0.125121
vn 0.45103 -0.885196 -0.114023
vn 0.45103 -0.885196 -0.114023
vn 0.45103 -0.885196 -0.114023
vn 0.374892 -0.882469 -0.284086
vn 0.374892 -0.882469 -0.284086
vn 0.374892 -0.882469 -0.284086
vn 0.373981 -0.880793 -0.290418
vn 0.373981 -0.880793 -0.290418
vn 0.373981 -0.880793 -0.290418
vn 0.221629 -0.888191 -0.40249
vn 0.221629 -0.888191 -0.40249
vn 0.221629 -0.888191 -0.40249
vn 0.214148 -0.884812 -0.413822
vn 0.214148 -0.884812 -0.413822
vn 0.214148 -0.884812 -0.413822
vn 0 -0.890796 -0.454404
vn 0 -0.890796 -0.454404
vn 0 -0.890796 -0.454404
vn 0 -0.890796 -0.454404
vn 0 -0.890796 -0.454404
vn 0 -0.890796 -0.454404
vn -0.223913 -0.885725 -0.406638
vn -0.223913 -0.885725 -0.406638
vn -0.223913 -0.885725 -0.406638
vn -0.210004 -0.889503 -0.405813
vn -0.210004 -0.889503 -0.405813
vn -0.210004 -0.889503 -0.405813
vn -0.376667 -0.881279 -0.28543
vn -0.376667 -0.881279 -0.28543
vn -0.376667 -0.881279 -0.28543
vn -0.37066 -0.883041 -0.287838
vn -0.37066 -0.883041 -0.287838
vn -0.37066 -0.883041 -0.287838
vn -0.450483 -0.884122 -0.12407
vn -0.450483 -0.884122 -0.12407
vn -0.450483 -0.884122 -0.12407
vn -0.458293 -0.881218 -0.115859
vn -0.458293 -0.881218 -0.115859
vn -0.458293 -0.881218 -0.115859
vn -0.156355 -0.987185 0.031927
vn -0.156355 -0.987185 0.031927
vn -0.156355 -0.987185 0.031927
vn -0.123185 -0.987248 0.100827
vn -0.123185 -0.987248 0.100827
vn -0.123185 -0.987248 0.100827
vn -0.065528 -0.987 0.146757
vn -0.065528 -0.987 0.146757
vn -0.065528 -0.987 0.146757
vn 0 -0.986842 0.161687
vn 0 -0.986842 0.161687
vn 0 -0.986842 0.161687
vn 0.065528 -0.987 0.146757
vn 0.065528 -0.987 0.146757
vn 0.065528 -0.987 0.146757
vn 0.123185 -0.987248 0.100827
vn 0.123185 -0.987248 0.100827
vn 0.123185 -0.987248 0.100827
vn 0.156355 -0.987185 0.031927
vn 0.156355 -0.987185 0.031927
vn 0.156355 -0.987185 0.031927
vn 0.156312 -0.986917 -0.039516
vn 0.156312 -0.986917 -0.039516
vn 0.156312 -0.986917 -0.039516
vn 0.12761 -0.986862 -0.099096
vn 0.12761 -0.986862 -0.099096
vn 0.12761 -0.986862 -0.099096
vn 0.073597 -0.987096 -0.142218
vn 0.073597 -0.987096 -0.142218
vn 0.073597 -0.987096 -0.142218
vn 0 -0.987271 -0.159045
vn 0 -0.987271 -0.159045
vn 0 -0.987271 -0.159045
vn -0.073597 -0.987096 -0.142218
vn -0.073597 -0.987096 -0.142218
vn -0.073597 -0.987096 -0.142218
vn -0.12761 -0.986862 -0.099096
vn -0.12761 -0.986862 -0.099096
vn -0.12761 -0.986862 -0.099096
vn -0.156312 -0.986917 -0.039516
vn -0.156312 -0.986917 -0.039516
vn -0.156312 -0.986917 -0.039516
f 5293//5293 5295//5295 5294//5294
f 5296//5296 5298//5298 5297//5297
f 5299//5299 5301//5301 5300//5300
f 5302//5302 5304//5304 5303//5303
f 5305//5305 5307//5307 5306//5306
f 5308//5308 5310//5310 5309//5309
f 5311//5311 5313//5313 5312//5312
f 5314//5314 5316//5316 5315//5315
f 5317//5317 5319//5319 5318//5318
f 5320//5320 5322//5322 5321//5321
f 5323//5323 5325//5325 5324//5324
f 5326//5326 5328//5328 5327//5327
f 5329//5329 5331//5331 5330//5330
f 5332//5332 5334//5334 5333//5333
f 5335//5335 5337//5337 5336//5336
f 5338//5338 5340//5340 5339//5339
f 5341//5341 5343//5343 5342//5342
f 5344//5344 5346//5346 5345//5345
f 5347//5347 5349//5349 5348//5348
f 5350//5350 5352//5352 5351//5351
f 5353//5353 5355//5355 5354//5354
f 5356//5356 5358//5358 5357//5357
f 5359//5359 5361//5361 5360//5360
f 5362//5362 5364//5364 5363//5363
f 5365//5365 5367//5367 5366//5366
f 5368//5368 5370//5370 5369//5369
f 5371//5371 5373//5373 5372//5372
f 5374//5374 5376//5376 5375//5375
f 5377//5377 5379//5379 5378//5378
f 5380//5380 5382//5382 5381//5381
f 5383//5383 5385//5385 5384//5384
f 5386//5386 5388//5388 5387//5387
f 5389//5389 5391//5391 5390//5390
f 5392//5392 5394//5394 5393//5393
f 5395//5395 5397//5397 5396//5396
f 5398//5398 5400//5400 5399//5399
f 5401//5401 5403//5403 5402//5402
f 5404//5404 5406//5406 5405//5405
f 5407//5407 5409//5409 5408//5408
f 5410//5410 5412//5412 5411//5411
f 5413//5413 5415//5415 5414//5414
f 5416//5416 5418//5418 5417//5417
f 5419//5419 5421//5421 5420//5420
f 5422//5422 5424//5424 5423//5423
f 5425//5425 5427//5427 5426//5426
f 5428//5428 5430//5430 5429//5429
f 5431//5431 5433//5433 5432//5432
f 5434//5434 5436//5436 5435//5435
f 5437//5437 5439//5439 5438//5438
f 5440//5440 5442//5442 5441//5441
f 5443//5443 5445//5445 5444//5444
f 5446//5446 5448//5448 5447//5447
f 5449//5449 5451//5451 5450//5450
f 5452//5452 5454//5454 5453//5453
f 5455//5455 5457//5457 5456//5456
f 5458//5458 5460//5460 5459//5459
f 5461//5461 5463//5463 5462//5462
f 5464//5464 5466//5466 5465//5465
f 5467//5467 5469//5469 5468//5468
f 5470//5470 5472//5472 5471//5471
f 5473//5473 5475//5475 5474//5474
f 5476//5476 5478//5478 5477//5477
f 5479//5479 5481//5481 5480//5480
f 5482//5482 5484//5484 5483//5483
f 5485//5485 5487//5487 5486//5486
f 5488//5488 5490//5490 5489//5489
f 5491//5491 5493//5493 5492//5492
f 5494//5494 5496//5496 5495//5495
f 5497//5497 5499//5499 5498//5498
f 5500//5500 5502//5502 5501//5501
f 5503//5503 5505//5505 5504//5504
f 5506//5506 5508//5508 5507//5507
f 5509//5509 5511//5511 5510//5510
f 5512//5512 5514//5514 5513//5513
f 5515//5515 5517//5517 5516//5516
f 5518//5518 5520//5520 5519//5519
f 5521//5521 5523//5523 5522//5522
f 5524//5524 5526//5526 5525//5525
f 5527//5527 5529//5529 5528//5528
f 5530//5530 5532//5532 5531//5531
f 5533//5533 5535//5535 5534//5534
f 5536//5536 5538//5538 5537//5537
f 5539//5539 5541//5541 5540//5540
f 5542//5542 5544//5544 5543//5543
f 5545//5545 5547//5547 5546//5546
f 5548//5548 5550//5550 5549//5549
f 5551//5551 5553//5553 5552//5552
f 5554//5554 5556//5556 5555//5555
f 5557//5557 5559//5559 5558//5558
f 5560//5560 5562//5562 5561//5561
f 5563//5563 5565//5565 5564//5564
f 5566//5566 5568//5568 5567//5567
f 5569//5569 5571//5571 5570//5570
f 5572//5572 5574//5574 5573//5573
f 5575//5575 5577//5577 5576//5576
f 5578//5578 5580//5580 5579//5579
f 5581//5581 5583//5583 5582//5582
f 5584//5584 5586//5586 5585//5585
f 5587//5587 5589//5589 5588//5588
f 5590//5590 5592//5592 5591//5591
f 5593//5593 5595//5595 5594//5594
f 5596//5596 5598//5598 5597//5597
f 5599//5599 5601//5601 5600//5600
f 5602//5602 5604//5604 5603//5603
f 5605//5605 5607//5607 5606//5606
f 5608//5608 5610//5610 5609//5609
f 5611//5611 5613//5613 5612//5612
f 5614//5614 5616//5616 5615//5615
f 5617//5617 5619//5619 5618//5618
f 5620//5620 5622//5622 5621//5621
f 5623//5623 5625//5625 5624//5624
f 5626//5626 5628//5628 5627//5627
f 5629//5629 5631//5631 5630//5630
f 5632//5632 5634//5634 5633//5633
f 5635//5635 5637//5637 5636//5636
f 5638//5638 5640//5640 5639//5639
f 5641//5641 5643//5643 5642//5642
f 5644//5644 5646//5646 5645//5645
f 5647//5647 5649//5649 5648//5648
f 5650//5650 5652//5652 5651//5651
f 5653//5653 5655//5655 5654//5654
f 5656//5656 5658//5658 5657//5657
f 5659//5659 5661//5661 5660//5660
f 5662//5662 5664//5664 5663//5663
f 5665//5665 5667//5667 5666//5666
f 5668//5668 5670//5670 5669//5669
f 5671//5671 5673//5673 5672//5672
f 5674//5674 5676//5676 5675//5675
f 5677//5677 5679//5679 5678//5678
f 5680//5680 5682//5682 5681//5681
f 5683//5683 5685//5685 5684//5684
f 5686//5686 5688//5688 5687//5687
f 5689//5689 5691//5691 5690//5690
f 5692//5692 5694//5694 5693//5693
f 5695//5695 5697//5697 5696//5696
f 5698//5698 5700//5700 5699//5699
f 5701//5701 5703//5703 5702//5702
f 5704//5704 5706//5706 5705//5705
f 5707//5707 5709//5709 5708//5708
f 5710//5710 5712//5712 5711//5711
f 5713//5713 5715//5715 5714//5714
f 5716//5716 5718//5718 5717//5717
f 5719//5719 5721//5721 5720//5720
f 5722//5722 5724//5724 5723//5723
f 5725//5725 5727//5727 5726//5726
f 5728//5728 5730//5730 5729//5729
f 5731//5731 5733//5733 5732//5732
f 5734//5734 5736//5736 5735//5735
f 5737//5737 5739//5739 5738//5738
f 5740//5740 5742//5742 5741//5741
f 5743//5743 5745//5745 5744//5744
f 5746//5746 5748//5748 5747//5747
f 5749//5749 5751//5751 5750//5750
f 5752//5752 5754//5754 5753//5753
f 5755//5755 5757//5757 5756//5756
f 5758//5758 5760//5760 5759//5759
f 5761//5761 5763//5763 5762//5762
f 5764//5764 5766//5766 5765//5765
f 5767//5767 5769//5769 5768//5768
f 5770//5770 5772//5772 5771//5771
f 5773//5773 5775//5775 5774//5774
f 5776//5776 5778//5778 5777//5777
f 5779//5779 5781//5781 5780//5780
f 5782//5782 5784//5784 5783//5783
f 5785//5785 5787//5787 5786//5786
f 5788//5788 5790//5790 5789//5789
f 5791//5791 5793//5793 5792//5792
f 5794//5794 5796//5796 5795//5795
f 5797//5797 5799//5799 5798//5798
f 5800//5800 5802//5802 5801//5801
f 5803//5803 5805//5805 5804//5804
f 5806//5806 5808//5808 5807//5807
f 5809//5809 5811//5811 5810//5810
f 5812//5812 5814//5814 5813//5813
f 5815//5815 5817//5817 5816//5816
f 5818//5818 5820//5820 5819//5819
f 5821//5821 5823//5823 5822//5822
f 5824//5824 5826//5826 5825//5825
f 5827//5827 5829//5829 5828//5828
f 5830//5830 5832//5832 5831//5831
f 5833//5833 5835//5835 5834//5834
f 5836//5836 5838//5838 5837//5837
f 5839//5839 5841//5841 5840//5840
f 5842//5842 5844//5844 5843//5843
f 5845//5845 5847//5847 5846//5846
f 5848//5848 5850//5850 5849//5849
f 5851//5851 5853//5853 5852//5852
f 5854//5854 5856//5856 5855//5855
f 5857//5857 5859//5859 5858//5858
f 5860//5860 5862//5862 5861//5861
f 5863//5863 5865//5865 5864//5864
f 5866//5866 5868//5868 5867//5867
f 5869//5869 5871//5871 5870//5870
f 5872//5872 5874//5874 5873//5873
f 5875//5875 5877//5877 5876//5876
f 5878//5878 5880//5880 5879//5879
f 5881//5881 5883//5883 5882//5882
f 5884//5884 5886//5886 5885//5885
f 5887//5887 5889//5889 5888//5888
f 5890//5890 5892//5892 5891//5891
f 5893//5893 5895//5895 5894//5894
f 5896//5896 5898//5898 5897//5897
f 5899//5899 5901//5901 5900//5900
f 5902//5902 5904//5904 5903//5903
f 5905//5905 5907//5907 5906//5906
f 5908//5908 5910//5910 5909//5909
f 5911//5911 5913//5913 5912//5912
f 5914//5914 5916//5916 5915//5915
f 5917//5917 5919//5919 5918//5918
f 5920//5920 5922//5922 5921//5921
f 5923//5923 5925//5925 5924//5924
f 5926//5926 5928//5928 5927//5927
f 5929//5929 5931//5931 5930//5930
f 5932//5932 5934//5934 5933//5933
f 5935//5935 5937//5937 5936//5936
f 5938//5938 5940//5940 5939//5939
f 5941//5941 5943//5943 5942//5942
f 5944//5944 5946//5946 5945//5945
f 5947//5947 5949//5949 5948//5948
f 5950//5950 5952//5952 5951//5951
f 5953//5953 5955//5955 5954//5954
f 5956//5956 5958//5958 5957//5957
f 5959//5959 5961//5961 5960//5960
f 5962//5962 5964//5964 5963//5963
f 5965//5965 5967//5967 5966//5966
f 5968//5968 5970//5970 5969//5969
f 5971//5971 5973//5973 5972//5972
f 5974//5974 5976//5976 5975//5975
f 5977//5977 5979//5979 5978//5978
f 5980//5980 5982//5982 5981//5981
f 5983//5983 5985//5985 5984//5984
f 5986//5986 5988//5988 5987//5987
f 5989//5989 5991//5991 5990//5990
f 5992//5992 5994//5994 5993//5993
f 5995//5995 5997//5997 5996//5996
f 5998//5998 6000//6000 5999//5999
f 6001//6001 6003//6003 6002//6002
f 6004//6004 6006//6006 6005//6005
f 6007//6007 6009//6009 6008//6008
f 6010//6010 6012//6012 6011//6011
f 6013//6013 6015//6015 6014//6014
f 6016//6016 6018//6018 6017//6017
f 6019//6019 6021//6021 6020//6020
f 6022//6022 6024//6024 6023//6023
f 6025//6025 6027//6027 6026//6026
f 6028//6028 6030//6030 6029//6029
f 6031//6031 6033//6033 6032//6032
f 6034//6034 6036//6036 6035//6035
f 6037//6037 6039//6039 6038//6038
f 6040//6040 6042//6042 6041//6041
f 6043//6043 6045//6045 6044//6044
f 6046//6046 6048//6048 6047//6047
