# Original Kimchily Chili Island mesh
mtllib ChiliIsland.mtl
o Large_stone
usemtl RockLight
v 0 0.64 0
v -0.154743 0.619444 0.07452
v -0.169959 0.619444 0
v 0 0.64 0
v -0.106465 0.619444 0.133503
v -0.154743 0.619444 0.07452
v 0 0.64 0
v -0.0375 0.619444 0.164297
v -0.106465 0.619444 0.133503
v 0 0.64 0
v 0.0375 0.619444 0.164297
v -0.0375 0.619444 0.164297
v 0 0.64 0
v 0.106465 0.619444 0.133503
v 0.0375 0.619444 0.164297
v 0 0.64 0
v 0.154743 0.619444 0.07452
v 0.106465 0.619444 0.133503
v 0 0.64 0
v 0.169959 0.619444 0
v 0.154743 0.619444 0.07452
v 0 0.64 0
v 0.151513 0.619444 -0.072965
v 0.169959 0.619444 0
v 0 0.64 0
v 0.105471 0.619444 -0.132256
v 0.151513 0.619444 -0.072965
v 0 0.64 0
v 0.038139 0.619444 -0.167099
v 0.105471 0.619444 -0.132256
v 0 0.64 0
v -0.038139 0.619444 -0.167099
v 0.038139 0.619444 -0.167099
v 0 0.64 0
v -0.105471 0.619444 -0.132256
v -0.038139 0.619444 -0.167099
v 0 0.64 0
v -0.151513 0.619444 -0.072965
v -0.105471 0.619444 -0.132256
v 0 0.64 0
v -0.169959 0.619444 0
v -0.151513 0.619444 -0.072965
v -0.169959 0.619444 0
v -0.154743 0.619444 0.07452
v -0.297109 0.559787 0.14308
v -0.169959 0.619444 0
v -0.297109 0.559787 0.14308
v -0.323282 0.559787 0
v -0.154743 0.619444 0.07452
v -0.106465 0.619444 0.133503
v -0.203362 0.559787 0.255008
v -0.154743 0.619444 0.07452
v -0.203362 0.559787 0.255008
v -0.297109 0.559787 0.14308
v -0.106465 0.619444 0.133503
v -0.0375 0.619444 0.164297
v -0.07078 0.559787 0.310107
v -0.106465 0.619444 0.133503
v -0.07078 0.559787 0.310107
v -0.203362 0.559787 0.255008
v -0.0375 0.619444 0.164297
v 0.0375 0.619444 0.164297
v 0.07078 0.559787 0.310107
v -0.0375 0.619444 0.164297
v 0.07078 0.559787 0.310107
v -0.07078 0.559787 0.310107
v 0.0375 0.619444 0.164297
v 0.106465 0.619444 0.133503
v 0.203362 0.559787 0.255008
v 0.0375 0.619444 0.164297
v 0.203362 0.559787 0.255008
v 0.07078 0.559787 0.310107
v 0.106465 0.619444 0.133503
v 0.154743 0.619444 0.07452
v 0.297109 0.559787 0.14308
v 0.106465 0.619444 0.133503
v 0.297109 0.559787 0.14308
v 0.203362 0.559787 0.255008
v 0.154743 0.619444 0.07452
v 0.169959 0.619444 0
v 0.323282 0.559787 0
v 0.154743 0.619444 0.07452
v 0.323282 0.559787 0
v 0.297109 0.559787 0.14308
v 0.169959 0.619444 0
v 0.151513 0.619444 -0.072965
v 0.285425 0.559787 -0.137454
v 0.169959 0.619444 0
v 0.285425 0.559787 -0.137454
v 0.323282 0.559787 0
v 0.151513 0.619444 -0.072965
v 0.105471 0.619444 -0.132256
v 0.199764 0.559787 -0.250496
v 0.151513 0.619444 -0.072965
v 0.199764 0.559787 -0.250496
v 0.285425 0.559787 -0.137454
v 0.105471 0.619444 -0.132256
v 0.038139 0.619444 -0.167099
v 0.073094 0.559787 -0.320246
v 0.105471 0.619444 -0.132256
v 0.073094 0.559787 -0.320246
v 0.199764 0.559787 -0.250496
v 0.038139 0.619444 -0.167099
v -0.038139 0.619444 -0.167099
v -0.073094 0.559787 -0.320246
v 0.038139 0.619444 -0.167099
v -0.073094 0.559787 -0.320246
v 0.073094 0.559787 -0.320246
v -0.038139 0.619444 -0.167099
v -0.105471 0.619444 -0.132256
v -0.199764 0.559787 -0.250496
v -0.038139 0.619444 -0.167099
v -0.199764 0.559787 -0.250496
v -0.073094 0.559787 -0.320246
v -0.105471 0.619444 -0.132256
v -0.151513 0.619444 -0.072965
v -0.285425 0.559787 -0.137454
v -0.105471 0.619444 -0.132256
v -0.285425 0.559787 -0.137454
v -0.199764 0.559787 -0.250496
v -0.151513 0.619444 -0.072965
v -0.169959 0.619444 0
v -0.323282 0.559787 0
v -0.151513 0.619444 -0.072965
v -0.323282 0.559787 0
v -0.285425 0.559787 -0.137454
v -0.323282 0.559787 0
v -0.297109 0.559787 0.14308
v -0.411962 0.46687 0.19839
v -0.323282 0.559787 0
v -0.411962 0.46687 0.19839
v -0.444959 0.46687 0
v -0.297109 0.559787 0.14308
v -0.203362 0.559787 0.255008
v -0.280836 0.46687 0.352157
v -0.297109 0.559787 0.14308
v -0.280836 0.46687 0.352157
v -0.411962 0.46687 0.19839
v -0.203362 0.559787 0.255008
v -0.07078 0.559787 0.310107
v -0.096821 0.46687 0.4242
v -0.203362 0.559787 0.255008
v -0.096821 0.46687 0.4242
v -0.280836 0.46687 0.352157
v -0.07078 0.559787 0.310107
v 0.07078 0.559787 0.310107
v 0.096821 0.46687 0.4242
v -0.07078 0.559787 0.310107
v 0.096821 0.46687 0.4242
v -0.096821 0.46687 0.4242
v 0.07078 0.559787 0.310107
v 0.203362 0.559787 0.255008
v 0.280836 0.46687 0.352157
v 0.07078 0.559787 0.310107
v 0.280836 0.46687 0.352157
v 0.096821 0.46687 0.4242
v 0.203362 0.559787 0.255008
v 0.297109 0.559787 0.14308
v 0.411962 0.46687 0.19839
v 0.203362 0.559787 0.255008
v 0.411962 0.46687 0.19839
v 0.280836 0.46687 0.352157
v 0.297109 0.559787 0.14308
v 0.323282 0.559787 0
v 0.444959 0.46687 0
v 0.297109 0.559787 0.14308
v 0.444959 0.46687 0
v 0.411962 0.46687 0.19839
v 0.323282 0.559787 0
v 0.285425 0.559787 -0.137454
v 0.389828 0.46687 -0.187731
v 0.323282 0.559787 0
v 0.389828 0.46687 -0.187731
v 0.444959 0.46687 0
v 0.285425 0.559787 -0.137454
v 0.199764 0.559787 -0.250496
v 0.274019 0.46687 -0.343609
v 0.285425 0.559787 -0.137454
v 0.274019 0.46687 -0.343609
v 0.389828 0.46687 -0.187731
v 0.199764 0.559787 -0.250496
v 0.073094 0.559787 -0.320246
v 0.101205 0.46687 -0.443407
v 0.199764 0.559787 -0.250496
v 0.101205 0.46687 -0.443407
v 0.274019 0.46687 -0.343609
v 0.073094 0.559787 -0.320246
v -0.073094 0.559787 -0.320246
v -0.101205 0.46687 -0.443407
v 0.073094 0.559787 -0.320246
v -0.101205 0.46687 -0.443407
v 0.101205 0.46687 -0.443407
v -0.073094 0.559787 -0.320246
v -0.199764 0.559787 -0.250496
v -0.274019 0.46687 -0.343609
v -0.073094 0.559787 -0.320246
v -0.274019 0.46687 -0.343609
v -0.101205 0.46687 -0.443407
v -0.199764 0.559787 -0.250496
v -0.285425 0.559787 -0.137454
v -0.389828 0.46687 -0.187731
v -0.199764 0.559787 -0.250496
v -0.389828 0.46687 -0.187731
v -0.274019 0.46687 -0.343609
v -0.285425 0.559787 -0.137454
v -0.323282 0.559787 0
v -0.444959 0.46687 0
v -0.285425 0.559787 -0.137454
v -0.444959 0.46687 0
v -0.389828 0.46687 -0.187731
v -0.444959 0.46687 0
v -0.411962 0.46687 0.19839
v -0.486574 0.349787 0.234322
v -0.444959 0.46687 0
v -0.486574 0.349787 0.234322
v -0.523081 0.349787 0
v -0.411962 0.46687 0.19839
v -0.280836 0.46687 0.352157
v -0.330846 0.349787 0.414868
v -0.411962 0.46687 0.19839
v -0.330846 0.349787 0.414868
v -0.486574 0.349787 0.234322
v -0.280836 0.46687 0.352157
v -0.096821 0.46687 0.4242
v -0.113367 0.349787 0.496695
v -0.280836 0.46687 0.352157
v -0.113367 0.349787 0.496695
v -0.330846 0.349787 0.414868
v -0.096821 0.46687 0.4242
v 0.096821 0.46687 0.4242
v 0.113367 0.349787 0.496695
v -0.096821 0.46687 0.4242
v 0.113367 0.349787 0.496695
v -0.113367 0.349787 0.496695
v 0.096821 0.46687 0.4242
v 0.280836 0.46687 0.352157
v 0.330846 0.349787 0.414868
v 0.096821 0.46687 0.4242
v 0.330846 0.349787 0.414868
v 0.113367 0.349787 0.496695
v 0.280836 0.46687 0.352157
v 0.411962 0.46687 0.19839
v 0.486574 0.349787 0.234322
v 0.280836 0.46687 0.352157
v 0.486574 0.349787 0.234322
v 0.330846 0.349787 0.414868
v 0.411962 0.46687 0.19839
v 0.444959 0.46687 0
v 0.523081 0.349787 0
v 0.411962 0.46687 0.19839
v 0.523081 0.349787 0
v 0.486574 0.349787 0.234322
v 0.444959 0.46687 0
v 0.389828 0.46687 -0.187731
v 0.455986 0.349787 -0.219591
v 0.444959 0.46687 0
v 0.455986 0.349787 -0.219591
v 0.523081 0.349787 0
v 0.389828 0.46687 -0.187731
v 0.274019 0.46687 -0.343609
v 0.321425 0.349787 -0.403055
v 0.389828 0.46687 -0.187731
v 0.321425 0.349787 -0.403055
v 0.455986 0.349787 -0.219591
v 0.274019 0.46687 -0.343609
v 0.101205 0.46687 -0.443407
v 0.119426 0.349787 -0.523238
v 0.274019 0.46687 -0.343609
v 0.119426 0.349787 -0.523238
v 0.321425 0.349787 -0.403055
v 0.101205 0.46687 -0.443407
v -0.101205 0.46687 -0.443407
v -0.119426 0.349787 -0.523238
v 0.101205 0.46687 -0.443407
v -0.119426 0.349787 -0.523238
v 0.119426 0.349787 -0.523238
v -0.101205 0.46687 -0.443407
v -0.274019 0.46687 -0.343609
v -0.321426 0.349787 -0.403055
v -0.101205 0.46687 -0.443407
v -0.321426 0.349787 -0.403055
v -0.119426 0.349787 -0.523238
v -0.274019 0.46687 -0.343609
v -0.389828 0.46687 -0.187731
v -0.455986 0.349787 -0.219591
v -0.274019 0.46687 -0.343609
v -0.455986 0.349787 -0.219591
v -0.321426 0.349787 -0.403055
v -0.389828 0.46687 -0.187731
v -0.444959 0.46687 0
v -0.523081 0.349787 0
v -0.389828 0.46687 -0.187731
v -0.523081 0.349787 0
v -0.455986 0.349787 -0.219591
v -0.523081 0.349787 0
v -0.486574 0.349787 0.234322
v -0.512442 0.22 0.246779
v -0.523081 0.349787 0
v -0.512442 0.22 0.246779
v -0.55 0.22 0
v -0.486574 0.349787 0.234322
v -0.330846 0.349787 0.414868
v -0.348127 0.22 0.436537
v -0.486574 0.349787 0.234322
v -0.348127 0.22 0.436537
v -0.512442 0.22 0.246779
v -0.330846 0.349787 0.414868
v -0.113367 0.349787 0.496695
v -0.119038 0.22 0.521537
v -0.330846 0.349787 0.414868
v -0.119038 0.22 0.521537
v -0.348127 0.22 0.436537
v -0.113367 0.349787 0.496695
v 0.113367 0.349787 0.496695
v 0.119038 0.22 0.521537
v -0.113367 0.349787 0.496695
v 0.119038 0.22 0.521537
v -0.119038 0.22 0.521537
v 0.113367 0.349787 0.496695
v 0.330846 0.349787 0.414868
v 0.348127 0.22 0.436537
v 0.113367 0.349787 0.496695
v 0.348127 0.22 0.436537
v 0.119038 0.22 0.521537
v 0.330846 0.349787 0.414868
v 0.486574 0.349787 0.234322
v 0.512442 0.22 0.246779
v 0.330846 0.349787 0.414868
v 0.512442 0.22 0.246779
v 0.348127 0.22 0.436537
v 0.486574 0.349787 0.234322
v 0.523081 0.349787 0
v 0.55 0.22 0
v 0.486574 0.349787 0.234322
v 0.55 0.22 0
v 0.512442 0.22 0.246779
v 0.523081 0.349787 0
v 0.455986 0.349787 -0.219591
v 0.478624 0.22 -0.230493
v 0.523081 0.349787 0
v 0.478624 0.22 -0.230493
v 0.55 0.22 0
v 0.455986 0.349787 -0.219591
v 0.321425 0.349787 -0.403055
v 0.337712 0.22 -0.423477
v 0.455986 0.349787 -0.219591
v 0.337712 0.22 -0.423477
v 0.478624 0.22 -0.230493
v 0.321425 0.349787 -0.403055
v 0.119426 0.349787 -0.523238
v 0.125736 0.22 -0.550883
v 0.321425 0.349787 -0.403055
v 0.125736 0.22 -0.550883
v 0.337712 0.22 -0.423477
v 0.119426 0.349787 -0.523238
v -0.119426 0.349787 -0.523238
v -0.125736 0.22 -0.550883
v 0.119426 0.349787 -0.523238
v -0.125736 0.22 -0.550883
v 0.125736 0.22 -0.550883
v -0.119426 0.349787 -0.523238
v -0.321426 0.349787 -0.403055
v -0.337712 0.22 -0.423477
v -0.119426 0.349787 -0.523238
v -0.337712 0.22 -0.423477
v -0.125736 0.22 -0.550883
v -0.321426 0.349787 -0.403055
v -0.455986 0.349787 -0.219591
v -0.478624 0.22 -0.230493
v -0.321426 0.349787 -0.403055
v -0.478624 0.22 -0.230493
v -0.337712 0.22 -0.423477
v -0.455986 0.349787 -0.219591
v -0.523081 0.349787 0
v -0.55 0.22 0
v -0.455986 0.349787 -0.219591
v -0.55 0.22 0
v -0.478624 0.22 -0.230493
v -0.55 0.22 0
v -0.512442 0.22 0.246779
v -0.486574 0.090213 0.234322
v -0.55 0.22 0
v -0.486574 0.090213 0.234322
v -0.523081 0.090213 0
v -0.512442 0.22 0.246779
v -0.348127 0.22 0.436537
v -0.330846 0.090213 0.414868
v -0.512442 0.22 0.246779
v -0.330846 0.090213 0.414868
v -0.486574 0.090213 0.234322
v -0.348127 0.22 0.436537
v -0.119038 0.22 0.521537
v -0.113367 0.090213 0.496695
v -0.348127 0.22 0.436537
v -0.113367 0.090213 0.496695
v -0.330846 0.090213 0.414868
v -0.119038 0.22 0.521537
v 0.119038 0.22 0.521537
v 0.113367 0.090213 0.496695
v -0.119038 0.22 0.521537
v 0.113367 0.090213 0.496695
v -0.113367 0.090213 0.496695
v 0.119038 0.22 0.521537
v 0.348127 0.22 0.436537
v 0.330846 0.090213 0.414868
v 0.119038 0.22 0.521537
v 0.330846 0.090213 0.414868
v 0.113367 0.090213 0.496695
v 0.348127 0.22 0.436537
v 0.512442 0.22 0.246779
v 0.486574 0.090213 0.234322
v 0.348127 0.22 0.436537
v 0.486574 0.090213 0.234322
v 0.330846 0.090213 0.414868
v 0.512442 0.22 0.246779
v 0.55 0.22 0
v 0.523081 0.090213 0
v 0.512442 0.22 0.246779
v 0.523081 0.090213 0
v 0.486574 0.090213 0.234322
v 0.55 0.22 0
v 0.478624 0.22 -0.230493
v 0.455986 0.090213 -0.219591
v 0.55 0.22 0
v 0.455986 0.090213 -0.219591
v 0.523081 0.090213 0
v 0.478624 0.22 -0.230493
v 0.337712 0.22 -0.423477
v 0.321425 0.090213 -0.403055
v 0.478624 0.22 -0.230493
v 0.321425 0.090213 -0.403055
v 0.455986 0.090213 -0.219591
v 0.337712 0.22 -0.423477
v 0.125736 0.22 -0.550883
v 0.119426 0.090213 -0.523238
v 0.337712 0.22 -0.423477
v 0.119426 0.090213 -0.523238
v 0.321425 0.090213 -0.403055
v 0.125736 0.22 -0.550883
v -0.125736 0.22 -0.550883
v -0.119426 0.090213 -0.523238
v 0.125736 0.22 -0.550883
v -0.119426 0.090213 -0.523238
v 0.119426 0.090213 -0.523238
v -0.125736 0.22 -0.550883
v -0.337712 0.22 -0.423477
v -0.321426 0.090213 -0.403055
v -0.125736 0.22 -0.550883
v -0.321426 0.090213 -0.403055
v -0.119426 0.090213 -0.523238
v -0.337712 0.22 -0.423477
v -0.478624 0.22 -0.230493
v -0.455986 0.090213 -0.219591
v -0.337712 0.22 -0.423477
v -0.455986 0.090213 -0.219591
v -0.321426 0.090213 -0.403055
v -0.478624 0.22 -0.230493
v -0.55 0.22 0
v -0.523081 0.090213 0
v -0.478624 0.22 -0.230493
v -0.523081 0.090213 0
v -0.455986 0.090213 -0.219591
v -0.523081 0.090213 0
v -0.486574 0.090213 0.234322
v -0.411962 -0.02687 0.19839
v -0.523081 0.090213 0
v -0.411962 -0.02687 0.19839
v -0.444959 -0.02687 0
v -0.486574 0.090213 0.234322
v -0.330846 0.090213 0.414868
v -0.280836 -0.02687 0.352157
v -0.486574 0.090213 0.234322
v -0.280836 -0.02687 0.352157
v -0.411962 -0.02687 0.19839
v -0.330846 0.090213 0.414868
v -0.113367 0.090213 0.496695
v -0.096821 -0.02687 0.4242
v -0.330846 0.090213 0.414868
v -0.096821 -0.02687 0.4242
v -0.280836 -0.02687 0.352157
v -0.113367 0.090213 0.496695
v 0.113367 0.090213 0.496695
v 0.096821 -0.02687 0.4242
v -0.113367 0.090213 0.496695
v 0.096821 -0.02687 0.4242
v -0.096821 -0.02687 0.4242
v 0.113367 0.090213 0.496695
v 0.330846 0.090213 0.414868
v 0.280836 -0.02687 0.352157
v 0.113367 0.090213 0.496695
v 0.280836 -0.02687 0.352157
v 0.096821 -0.02687 0.4242
v 0.330846 0.090213 0.414868
v 0.486574 0.090213 0.234322
v 0.411962 -0.02687 0.19839
v 0.330846 0.090213 0.414868
v 0.411962 -0.02687 0.19839
v 0.280836 -0.02687 0.352157
v 0.486574 0.090213 0.234322
v 0.523081 0.090213 0
v 0.444959 -0.02687 0
v 0.486574 0.090213 0.234322
v 0.444959 -0.02687 0
v 0.411962 -0.02687 0.19839
v 0.523081 0.090213 0
v 0.455986 0.090213 -0.219591
v 0.389828 -0.02687 -0.187731
v 0.523081 0.090213 0
v 0.389828 -0.02687 -0.187731
v 0.444959 -0.02687 0
v 0.455986 0.090213 -0.219591
v 0.321425 0.090213 -0.403055
v 0.274019 -0.02687 -0.343609
v 0.455986 0.090213 -0.219591
v 0.274019 -0.02687 -0.343609
v 0.389828 -0.02687 -0.187731
v 0.321425 0.090213 -0.403055
v 0.119426 0.090213 -0.523238
v 0.101205 -0.02687 -0.443407
v 0.321425 0.090213 -0.403055
v 0.101205 -0.02687 -0.443407
v 0.274019 -0.02687 -0.343609
v 0.119426 0.090213 -0.523238
v -0.119426 0.090213 -0.523238
v -0.101205 -0.02687 -0.443407
v 0.119426 0.090213 -0.523238
v -0.101205 -0.02687 -0.443407
v 0.101205 -0.02687 -0.443407
v -0.119426 0.090213 -0.523238
v -0.321426 0.090213 -0.403055
v -0.274019 -0.02687 -0.343609
v -0.119426 0.090213 -0.523238
v -0.274019 -0.02687 -0.343609
v -0.101205 -0.02687 -0.443407
v -0.321426 0.090213 -0.403055
v -0.455986 0.090213 -0.219591
v -0.389828 -0.02687 -0.187731
v -0.321426 0.090213 -0.403055
v -0.389828 -0.02687 -0.187731
v -0.274019 -0.02687 -0.343609
v -0.455986 0.090213 -0.219591
v -0.523081 0.090213 0
v -0.444959 -0.02687 0
v -0.455986 0.090213 -0.219591
v -0.444959 -0.02687 0
v -0.389828 -0.02687 -0.187731
v -0.444959 -0.02687 0
v -0.411962 -0.02687 0.19839
v -0.297109 -0.119787 0.14308
v -0.444959 -0.02687 0
v -0.297109 -0.119787 0.14308
v -0.323282 -0.119787 0
v -0.411962 -0.02687 0.19839
v -0.280836 -0.02687 0.352157
v -0.203362 -0.119787 0.255008
v -0.411962 -0.02687 0.19839
v -0.203362 -0.119787 0.255008
v -0.297109 -0.119787 0.14308
v -0.280836 -0.02687 0.352157
v -0.096821 -0.02687 0.4242
v -0.07078 -0.119787 0.310107
v -0.280836 -0.02687 0.352157
v -0.07078 -0.119787 0.310107
v -0.203362 -0.119787 0.255008
v -0.096821 -0.02687 0.4242
v 0.096821 -0.02687 0.4242
v 0.07078 -0.119787 0.310107
v -0.096821 -0.02687 0.4242
v 0.07078 -0.119787 0.310107
v -0.07078 -0.119787 0.310107
v 0.096821 -0.02687 0.4242
v 0.280836 -0.02687 0.352157
v 0.203362 -0.119787 0.255008
v 0.096821 -0.02687 0.4242
v 0.203362 -0.119787 0.255008
v 0.07078 -0.119787 0.310107
v 0.280836 -0.02687 0.352157
v 0.411962 -0.02687 0.19839
v 0.297109 -0.119787 0.14308
v 0.280836 -0.02687 0.352157
v 0.297109 -0.119787 0.14308
v 0.203362 -0.119787 0.255008
v 0.411962 -0.02687 0.19839
v 0.444959 -0.02687 0
v 0.323282 -0.119787 0
v 0.411962 -0.02687 0.19839
v 0.323282 -0.119787 0
v 0.297109 -0.119787 0.14308
v 0.444959 -0.02687 0
v 0.389828 -0.02687 -0.187731
v 0.285425 -0.119787 -0.137454
v 0.444959 -0.02687 0
v 0.285425 -0.119787 -0.137454
v 0.323282 -0.119787 0
v 0.389828 -0.02687 -0.187731
v 0.274019 -0.02687 -0.343609
v 0.199764 -0.119787 -0.250496
v 0.389828 -0.02687 -0.187731
v 0.199764 -0.119787 -0.250496
v 0.285425 -0.119787 -0.137454
v 0.274019 -0.02687 -0.343609
v 0.101205 -0.02687 -0.443407
v 0.073094 -0.119787 -0.320246
v 0.274019 -0.02687 -0.343609
v 0.073094 -0.119787 -0.320246
v 0.199764 -0.119787 -0.250496
v 0.101205 -0.02687 -0.443407
v -0.101205 -0.02687 -0.443407
v -0.073094 -0.119787 -0.320246
v 0.101205 -0.02687 -0.443407
v -0.073094 -0.119787 -0.320246
v 0.073094 -0.119787 -0.320246
v -0.101205 -0.02687 -0.443407
v -0.274019 -0.02687 -0.343609
v -0.199764 -0.119787 -0.250496
v -0.101205 -0.02687 -0.443407
v -0.199764 -0.119787 -0.250496
v -0.073094 -0.119787 -0.320246
v -0.274019 -0.02687 -0.343609
v -0.389828 -0.02687 -0.187731
v -0.285425 -0.119787 -0.137454
v -0.274019 -0.02687 -0.343609
v -0.285425 -0.119787 -0.137454
v -0.199764 -0.119787 -0.250496
v -0.389828 -0.02687 -0.187731
v -0.444959 -0.02687 0
v -0.323282 -0.119787 0
v -0.389828 -0.02687 -0.187731
v -0.323282 -0.119787 0
v -0.285425 -0.119787 -0.137454
v -0.323282 -0.119787 0
v -0.297109 -0.119787 0.14308
v -0.154743 -0.179444 0.07452
v -0.323282 -0.119787 0
v -0.154743 -0.179444 0.07452
v -0.169959 -0.179444 0
v -0.297109 -0.119787 0.14308
v -0.203362 -0.119787 0.255008
v -0.106465 -0.179444 0.133503
v -0.297109 -0.119787 0.14308
v -0.106465 -0.179444 0.133503
v -0.154743 -0.179444 0.07452
v -0.203362 -0.119787 0.255008
v -0.07078 -0.119787 0.310107
v -0.0375 -0.179444 0.164297
v -0.203362 -0.119787 0.255008
v -0.0375 -0.179444 0.164297
v -0.106465 -0.179444 0.133503
v -0.07078 -0.119787 0.310107
v 0.07078 -0.119787 0.310107
v 0.0375 -0.179444 0.164297
v -0.07078 -0.119787 0.310107
v 0.0375 -0.179444 0.164297
v -0.0375 -0.179444 0.164297
v 0.07078 -0.119787 0.310107
v 0.203362 -0.119787 0.255008
v 0.106465 -0.179444 0.133503
v 0.07078 -0.119787 0.310107
v 0.106465 -0.179444 0.133503
v 0.0375 -0.179444 0.164297
v 0.203362 -0.119787 0.255008
v 0.297109 -0.119787 0.14308
v 0.154743 -0.179444 0.07452
v 0.203362 -0.119787 0.255008
v 0.154743 -0.179444 0.07452
v 0.106465 -0.179444 0.133503
v 0.297109 -0.119787 0.14308
v 0.323282 -0.119787 0
v 0.169959 -0.179444 0
v 0.297109 -0.119787 0.14308
v 0.169959 -0.179444 0
v 0.154743 -0.179444 0.07452
v 0.323282 -0.119787 0
v 0.285425 -0.119787 -0.137454
v 0.151513 -0.179444 -0.072965
v 0.323282 -0.119787 0
v 0.151513 -0.179444 -0.072965
v 0.169959 -0.179444 0
v 0.285425 -0.119787 -0.137454
v 0.199764 -0.119787 -0.250496
v 0.105471 -0.179444 -0.132256
v 0.285425 -0.119787 -0.137454
v 0.105471 -0.179444 -0.132256
v 0.151513 -0.179444 -0.072965
v 0.199764 -0.119787 -0.250496
v 0.073094 -0.119787 -0.320246
v 0.038139 -0.179444 -0.167099
v 0.199764 -0.119787 -0.250496
v 0.038139 -0.179444 -0.167099
v 0.105471 -0.179444 -0.132256
v 0.073094 -0.119787 -0.320246
v -0.073094 -0.119787 -0.320246
v -0.038139 -0.179444 -0.167099
v 0.073094 -0.119787 -0.320246
v -0.038139 -0.179444 -0.167099
v 0.038139 -0.179444 -0.167099
v -0.073094 -0.119787 -0.320246
v -0.199764 -0.119787 -0.250496
v -0.105471 -0.179444 -0.132256
v -0.073094 -0.119787 -0.320246
v -0.105471 -0.179444 -0.132256
v -0.038139 -0.179444 -0.167099
v -0.199764 -0.119787 -0.250496
v -0.285425 -0.119787 -0.137454
v -0.151513 -0.179444 -0.072965
v -0.199764 -0.119787 -0.250496
v -0.151513 -0.179444 -0.072965
v -0.105471 -0.179444 -0.132256
v -0.285425 -0.119787 -0.137454
v -0.323282 -0.119787 0
v -0.169959 -0.179444 0
v -0.285425 -0.119787 -0.137454
v -0.169959 -0.179444 0
v -0.151513 -0.179444 -0.072965
v -0.169959 -0.179444 0
v -0.154743 -0.179444 0.07452
v 0 -0.2 0
v -0.154743 -0.179444 0.07452
v -0.106465 -0.179444 0.133503
v 0 -0.2 0
v -0.106465 -0.179444 0.133503
v -0.0375 -0.179444 0.164297
v 0 -0.2 0
v -0.0375 -0.179444 0.164297
v 0.0375 -0.179444 0.164297
v 0 -0.2 0
v 0.0375 -0.179444 0.164297
v 0.106465 -0.179444 0.133503
v 0 -0.2 0
v 0.106465 -0.179444 0.133503
v 0.154743 -0.179444 0.07452
v 0 -0.2 0
v 0.154743 -0.179444 0.07452
v 0.169959 -0.179444 0
v 0 -0.2 0
v 0.169959 -0.179444 0
v 0.151513 -0.179444 -0.072965
v 0 -0.2 0
v 0.151513 -0.179444 -0.072965
v 0.105471 -0.179444 -0.132256
v 0 -0.2 0
v 0.105471 -0.179444 -0.132256
v 0.038139 -0.179444 -0.167099
v 0 -0.2 0
v 0.038139 -0.179444 -0.167099
v -0.038139 -0.179444 -0.167099
v 0 -0.2 0
v -0.038139 -0.179444 -0.167099
v -0.105471 -0.179444 -0.132256
v 0 -0.2 0
v -0.105471 -0.179444 -0.132256
v -0.151513 -0.179444 -0.072965
v 0 -0.2 0
v -0.151513 -0.179444 -0.072965
v -0.169959 -0.179444 0
v 0 -0.2 0
vn -0.120037 0.992467 0.024511
vn -0.120037 0.992467 0.024511
vn -0.120037 0.992467 0.024511
vn -0.094569 0.992505 0.077405
vn -0.094569 0.992505 0.077405
vn -0.094569 0.992505 0.077405
vn -0.050311 0.992357 0.112677
vn -0.050311 0.992357 0.112677
vn -0.050311 0.992357 0.112677
vn 0 0.992264 0.124149
vn 0 0.992264 0.124149
vn 0 0.992264 0.124149
vn 0.050311 0.992357 0.112677
vn 0.050311 0.992357 0.112677
vn 0.050311 0.992357 0.112677
vn 0.094569 0.992505 0.077405
vn 0.094569 0.992505 0.077405
vn 0.094569 0.992505 0.077405
vn 0.120037 0.992467 0.024511
vn 0.120037 0.992467 0.024511
vn 0.120037 0.992467 0.024511
vn 0.120018 0.992308 -0.030341
vn 0.120018 0.992308 -0.030341
vn 0.120018 0.992308 -0.030341
vn 0.097982 0.992275 -0.076089
vn 0.097982 0.992275 -0.076089
vn 0.097982 0.992275 -0.076089
vn 0.056504 0.992414 -0.109188
vn 0.056504 0.992414 -0.109188
vn 0.056504 0.992414 -0.109188
vn 0 0.992518 -0.122098
vn 0 0.992518 -0.122098
vn 0 0.992518 -0.122098
vn -0.056504 0.992414 -0.109188
vn -0.056504 0.992414 -0.109188
vn -0.056504 0.992414 -0.109188
vn -0.097982 0.992275 -0.076089
vn -0.097982 0.992275 -0.076089
vn -0.097982 0.992275 -0.076089
vn -0.120018 0.992308 -0.030341
vn -0.120018 0.992308 -0.030341
vn -0.120018 0.992308 -0.030341
vn -0.355518 0.931846 0.072595
vn -0.355518 0.931846 0.072595
vn -0.355518 0.931846 0.072595
vn -0.361816 0.929897 0.066186
vn -0.361816 0.929897 0.066186
vn -0.361816 0.929897 0.066186
vn -0.282812 0.930824 0.231482
vn -0.282812 0.930824 0.231482
vn -0.282812 0.930824 0.231482
vn -0.278237 0.931813 0.233041
vn -0.278237 0.931813 0.233041
vn -0.278237 0.931813 0.233041
vn -0.153577 0.926344 0.34395
vn -0.153577 0.926344 0.34395
vn -0.153577 0.926344 0.34395
vn -0.142324 0.928687 0.342468
vn -0.142324 0.928687 0.342468
vn -0.142324 0.928687 0.342468
vn 0 0.925531 0.378671
vn 0 0.925531 0.378671
vn 0 0.925531 0.378671
vn 0 0.925531 0.378671
vn 0 0.925531 0.378671
vn 0 0.925531 0.378671
vn 0.150281 0.929591 0.336567
vn 0.150281 0.929591 0.336567
vn 0.150281 0.929591 0.336567
vn 0.14396 0.926974 0.346403
vn 0.14396 0.926974 0.346403
vn 0.14396 0.926974 0.346403
vn 0.280173 0.932156 0.229321
vn 0.280173 0.932156 0.229321
vn 0.280173 0.932156 0.229321
vn 0.279603 0.931117 0.234185
vn 0.279603 0.931117 0.234185
vn 0.279603 0.931117 0.234185
vn 0.361621 0.929397 0.073841
vn 0.361621 0.929397 0.073841
vn 0.361621 0.929397 0.073841
vn 0.358608 0.931181 0.065599
vn 0.358608 0.931181 0.065599
vn 0.358608 0.931181 0.065599
vn 0.367504 0.92537 -0.092907
vn 0.367504 0.92537 -0.092907
vn 0.367504 0.92537 -0.092907
vn 0.360816 0.927328 -0.099374
vn 0.360816 0.927328 -0.099374
vn 0.360816 0.927328 -0.099374
vn 0.297012 0.926599 -0.230646
vn 0.297012 0.926599 -0.230646
vn 0.297012 0.926599 -0.230646
vn 0.302041 0.925411 -0.22888
vn 0.302041 0.925411 -0.22888
vn 0.302041 0.925411 -0.22888
vn 0.167837 0.930936 -0.324328
vn 0.167837 0.930936 -0.324328
vn 0.167837 0.930936 -0.324328
vn 0.179228 0.928405 -0.325487
vn 0.179228 0.928405 -0.325487
vn 0.179228 0.928405 -0.325487
vn 0 0.9318 -0.362973
vn 0 0.9318 -0.362973
vn 0 0.9318 -0.362973
vn 0 0.9318 -0.362973
vn 0 0.9318 -0.362973
vn 0 0.9318 -0.362973
vn -0.171475 0.927791 -0.33136
vn -0.171475 0.927791 -0.33136
vn -0.171475 0.927791 -0.33136
vn -0.177222 0.930058 -0.321844
vn -0.177222 0.930058 -0.321844
vn -0.177222 0.930058 -0.321844
vn -0.299946 0.925083 -0.232925
vn -0.299946 0.925083 -0.232925
vn -0.299946 0.925083 -0.232925
vn -0.300473 0.926214 -0.227692
vn -0.300473 0.926214 -0.227692
vn -0.300473 0.926214 -0.227692
vn -0.361097 0.928049 -0.091287
vn -0.361097 0.928049 -0.091287
vn -0.361097 0.928049 -0.091287
vn -0.364183 0.92591 -0.100302
vn -0.364183 0.92591 -0.100302
vn -0.364183 0.92591 -0.100302
vn -0.593142 0.797754 0.108501
vn -0.593142 0.797754 0.108501
vn -0.593142 0.797754 0.108501
vn -0.603845 0.790749 0.100436
vn -0.603845 0.790749 0.100436
vn -0.603845 0.790749 0.100436
vn -0.465046 0.794996 0.389505
vn -0.465046 0.794996 0.389505
vn -0.465046 0.794996 0.389505
vn -0.457982 0.798577 0.390546
vn -0.457982 0.798577 0.390546
vn -0.457982 0.798577 0.390546
vn -0.240741 0.778766 0.579282
vn -0.240741 0.778766 0.579282
vn -0.240741 0.778766 0.579282
vn -0.224705 0.787454 0.573955
vn -0.224705 0.787454 0.573955
vn -0.224705 0.787454 0.573955
vn 0 0.775391 0.631481
vn 0 0.775391 0.631481
vn 0 0.775391 0.631481
vn 0 0.775391 0.631481
vn 0 0.775391 0.631481
vn 0 0.775391 0.631481
vn 0.235636 0.789295 0.567
vn 0.235636 0.789295 0.567
vn 0.235636 0.789295 0.567
vn 0.228233 0.779783 0.582965
vn 0.228233 0.779783 0.582965
vn 0.228233 0.779783 0.582965
vn 0.460752 0.799239 0.385908
vn 0.460752 0.799239 0.385908
vn 0.460752 0.799239 0.385908
vn 0.461062 0.79551 0.393173
vn 0.461062 0.79551 0.393173
vn 0.461062 0.79551 0.393173
vn 0.603208 0.789915 0.110343
vn 0.603208 0.789915 0.110343
vn 0.603208 0.789915 0.110343
vn 0.596538 0.796428 0.099221
vn 0.596538 0.796428 0.099221
vn 0.596538 0.796428 0.099221
vn 0.609094 0.775154 -0.167754
vn 0.609094 0.775154 -0.167754
vn 0.609094 0.775154 -0.167754
vn 0.597497 0.782437 -0.17547
vn 0.597497 0.782437 -0.17547
vn 0.597497 0.782437 -0.17547
vn 0.499796 0.77895 -0.378736
vn 0.499796 0.77895 -0.378736
vn 0.499796 0.77895 -0.378736
vn 0.507709 0.774567 -0.377198
vn 0.507709 0.774567 -0.377198
vn 0.507709 0.774567 -0.377198
vn 0.293099 0.794209 -0.532284
vn 0.293099 0.794209 -0.532284
vn 0.293099 0.794209 -0.532284
vn 0.309758 0.785069 -0.536392
vn 0.309758 0.785069 -0.536392
vn 0.309758 0.785069 -0.536392
vn 0 0.798296 -0.602265
vn 0 0.798296 -0.602265
vn 0 0.798296 -0.602265
vn 0 0.798296 -0.602265
vn 0 0.798296 -0.602265
vn 0 0.798296 -0.602265
vn -0.299377 0.78408 -0.543684
vn -0.299377 0.78408 -0.543684
vn -0.299377 0.78408 -0.543684
vn -0.305036 0.792428 -0.528215
vn -0.305036 0.792428 -0.528215
vn -0.305036 0.792428 -0.528215
vn -0.504672 0.773986 -0.38243
vn -0.504672 0.773986 -0.38243
vn -0.504672 0.773986 -0.38243
vn -0.504122 0.778195 -0.374533
vn -0.504122 0.778195 -0.374533
vn -0.504122 0.778195 -0.374533
vn -0.598609 0.783892 -0.164866
vn -0.598609 0.783892 -0.164866
vn -0.598609 0.783892 -0.164866
vn -0.605107 0.776058 -0.177704
vn -0.605107 0.776058 -0.177704
vn -0.605107 0.776058 -0.177704
vn -0.816107 0.561733 0.135742
vn -0.816107 0.561733 0.135742
vn -0.816107 0.561733 0.135742
vn -0.824933 0.550425 0.128524
vn -0.824933 0.550425 0.128524
vn -0.824933 0.550425 0.128524
vn -0.631392 0.558073 0.538422
vn -0.631392 0.558073 0.538422
vn -0.631392 0.558073 0.538422
vn -0.625303 0.564003 0.539348
vn -0.625303 0.564003 0.539348
vn -0.625303 0.564003 0.539348
vn -0.308717 0.531876 0.788544
vn -0.308717 0.531876 0.788544
vn -0.308717 0.531876 0.788544
vn -0.295027 0.545998 0.784121
vn -0.295027 0.545998 0.784121
vn -0.295027 0.545998 0.784121
vn 0 0.526434 0.850216
vn 0 0.526434 0.850216
vn 0 0.526434 0.850216
vn 0 0.526434 0.850216
vn 0 0.526434 0.850216
vn 0 0.526434 0.850216
vn 0.305039 0.547612 0.779149
vn 0.305039 0.547612 0.779149
vn 0.305039 0.547612 0.779149
vn 0.298048 0.532602 0.792151
vn 0.298048 0.532602 0.792151
vn 0.298048 0.532602 0.792151
vn 0.628034 0.56458 0.535558
vn 0.628034 0.56458 0.535558
vn 0.628034 0.56458 0.535558
vn 0.628136 0.558487 0.541791
vn 0.628136 0.558487 0.541791
vn 0.628136 0.558487 0.541791
vn 0.823983 0.549791 0.137052
vn 0.823983 0.549791 0.137052
vn 0.823983 0.549791 0.137052
vn 0.818243 0.560559 0.127482
vn 0.818243 0.560559 0.127482
vn 0.818243 0.560559 0.127482
vn 0.815891 0.526223 -0.239606
vn 0.815891 0.526223 -0.239606
vn 0.815891 0.526223 -0.239606
vn 0.806199 0.537925 -0.246332
vn 0.806199 0.537925 -0.246332
vn 0.806199 0.537925 -0.246332
vn 0.67984 0.531705 -0.505081
vn 0.67984 0.531705 -0.505081
vn 0.67984 0.531705 -0.505081
vn 0.686381 0.524831 -0.503421
vn 0.686381 0.524831 -0.503421
vn 0.686381 0.524831 -0.503421
vn 0.415787 0.555628 -0.719999
vn 0.415787 0.555628 -0.719999
vn 0.415787 0.555628 -0.719999
vn 0.430006 0.541058 -0.722739
vn 0.430006 0.541058 -0.722739
vn 0.430006 0.541058 -0.722739
vn 0 0.563347 -0.82622
vn 0 0.563347 -0.82622
vn 0 0.563347 -0.82622
vn 0 0.563348 -0.82622
vn 0 0.563348 -0.82622
vn 0 0.563348 -0.82622
vn -0.420796 0.540341 -0.728671
vn -0.420796 0.540341 -0.728671
vn -0.420796 0.540341 -0.728671
vn -0.425659 0.554051 -0.715432
vn -0.425659 0.554051 -0.715432
vn -0.425659 0.554051 -0.715432
vn -0.683492 0.524389 -0.507794
vn -0.683492 0.524389 -0.507794
vn -0.683492 0.524389 -0.507794
vn -0.68325 0.531077 -0.501125
vn -0.68325 0.531077 -0.501125
vn -0.68325 0.531077 -0.501125
vn -0.80807 0.539173 -0.237309
vn -0.80807 0.539173 -0.237309
vn -0.80807 0.539173 -0.237309
vn -0.812842 0.526883 -0.248362
vn -0.812842 0.526883 -0.248362
vn -0.812842 0.526883 -0.248362
vn -0.966654 0.207118 0.150604
vn -0.966654 0.207118 0.150604
vn -0.966654 0.207118 0.150604
vn -0.968466 0.200868 0.147395
vn -0.968466 0.200868 0.147395
vn -0.968466 0.200868 0.147395
vn -0.741088 0.2054 0.639217
vn -0.741088 0.2054 0.639217
vn -0.741088 0.2054 0.639217
vn -0.739308 0.208796 0.640178
vn -0.739308 0.208796 0.640178
vn -0.739308 0.208796 0.640178
vn -0.34567 0.190956 0.918721
vn -0.34567 0.190956 0.918721
vn -0.34567 0.190956 0.918721
vn -0.340918 0.198803 0.918832
vn -0.340918 0.198803 0.918832
vn -0.340918 0.198803 0.918832
vn 0 0.187999 0.982169
vn 0 0.187999 0.982169
vn 0 0.187999 0.982169
vn 0 0.187999 0.982169
vn 0 0.187999 0.982169
vn 0 0.187999 0.982169
vn 0.345101 0.199089 0.917207
vn 0.345101 0.199089 0.917207
vn 0.345101 0.199089 0.917207
vn 0.341453 0.191069 0.920273
vn 0.341453 0.191069 0.920273
vn 0.341453 0.191069 0.920273
vn 0.740527 0.208901 0.638733
vn 0.740527 0.208901 0.638733
vn 0.740527 0.208901 0.638733
vn 0.73984 0.205471 0.640639
vn 0.73984 0.205471 0.640639
vn 0.73984 0.205471 0.640639
vn 0.967962 0.200763 0.150808
vn 0.967962 0.200763 0.150808
vn 0.967962 0.200763 0.150808
vn 0.967223 0.206906 0.147206
vn 0.967223 0.206906 0.147206
vn 0.967223 0.206906 0.147206
vn 0.93931 0.18795 -0.287004
vn 0.93931 0.18795 -0.287004
vn 0.93931 0.18795 -0.287004
vn 0.937033 0.194348 -0.290168
vn 0.937033 0.194348 -0.290168
vn 0.937033 0.194348 -0.290168
vn 0.791567 0.190685 -0.580569
vn 0.791567 0.190685 -0.580569
vn 0.791567 0.190685 -0.580569
vn 0.793366 0.187046 -0.579297
vn 0.793366 0.187046 -0.579297
vn 0.793366 0.187046 -0.579297
vn 0.500607 0.20356 -0.841401
vn 0.500607 0.20356 -0.841401
vn 0.500607 0.20356 -0.841401
vn 0.505194 0.195656 -0.840534
vn 0.505194 0.195656 -0.840534
vn 0.505194 0.195656 -0.840534
vn 0 0.20833 -0.978059
vn 0 0.20833 -0.978059
vn 0 0.20833 -0.978059
vn 0 0.20833 -0.978059
vn 0 0.20833 -0.978059
vn 0 0.20833 -0.978059
vn -0.501442 0.195542 -0.842805
vn -0.501442 0.195542 -0.842805
vn -0.501442 0.195542 -0.842805
vn -0.504395 0.203276 -0.839205
vn -0.504395 0.203276 -0.839205
vn -0.504395 0.203276 -0.839205
vn -0.792143 0.186975 -0.580991
vn -0.792143 0.186975 -0.580991
vn -0.792143 0.186975 -0.580991
vn -0.792818 0.190578 -0.578896
vn -0.792818 0.190578 -0.578896
vn -0.792818 0.190578 -0.578896
vn -0.938078 0.194565 -0.286627
vn -0.938078 0.194565 -0.286627
vn -0.938078 0.194565 -0.286627
vn -0.938205 0.188053 -0.29053
vn -0.938205 0.188053 -0.29053
vn -0.938205 0.188053 -0.29053
vn -0.967223 -0.206906 0.147206
vn -0.967223 -0.206906 0.147206
vn -0.967223 -0.206906 0.147206
vn -0.967962 -0.200764 0.150808
vn -0.967962 -0.200764 0.150808
vn -0.967962 -0.200764 0.150808
vn -0.73984 -0.205472 0.640639
vn -0.73984 -0.205472 0.640639
vn -0.73984 -0.205472 0.640639
vn -0.740527 -0.208901 0.638733
vn -0.740527 -0.208901 0.638733
vn -0.740527 -0.208901 0.638733
vn -0.341453 -0.191069 0.920273
vn -0.341453 -0.191069 0.920273
vn -0.341453 -0.191069 0.920273
vn -0.345101 -0.199089 0.917207
vn -0.345101 -0.199089 0.917207
vn -0.345101 -0.199089 0.917207
vn 0 -0.188 0.982169
vn 0 -0.188 0.982169
vn 0 -0.188 0.982169
vn 0 -0.187999 0.982169
vn 0 -0.187999 0.982169
vn 0 -0.187999 0.982169
vn 0.340918 -0.198804 0.918832
vn 0.340918 -0.198804 0.918832
vn 0.340918 -0.198804 0.918832
vn 0.345671 -0.190957 0.918721
vn 0.345671 -0.190957 0.918721
vn 0.345671 -0.190957 0.918721
vn 0.739308 -0.208797 0.640178
vn 0.739308 -0.208797 0.640178
vn 0.739308 -0.208797 0.640178
vn 0.741089 -0.2054 0.639217
vn 0.741089 -0.2054 0.639217
vn 0.741089 -0.2054 0.639217
vn 0.968466 -0.200868 0.147395
vn 0.968466 -0.200868 0.147395
vn 0.968466 -0.200868 0.147395
vn 0.966654 -0.207119 0.150604
vn 0.966654 -0.207119 0.150604
vn 0.966654 -0.207119 0.150604
vn 0.938205 -0.188053 -0.29053
vn 0.938205 -0.188053 -0.29053
vn 0.938205 -0.188053 -0.29053
vn 0.938078 -0.194565 -0.286627
vn 0.938078 -0.194565 -0.286627
vn 0.938078 -0.194565 -0.286627
vn 0.792817 -0.190578 -0.578896
vn 0.792817 -0.190578 -0.578896
vn 0.792817 -0.190578 -0.578896
vn 0.792142 -0.186975 -0.580991
vn 0.792142 -0.186975 -0.580991
vn 0.792142 -0.186975 -0.580991
vn 0.504395 -0.203276 -0.839205
vn 0.504395 -0.203276 -0.839205
vn 0.504395 -0.203276 -0.839205
vn 0.501442 -0.195542 -0.842805
vn 0.501442 -0.195542 -0.842805
vn 0.501442 -0.195542 -0.842805
vn 0 -0.208331 -0.978059
vn 0 -0.208331 -0.978059
vn 0 -0.208331 -0.978059
vn 0 -0.208331 -0.978059
vn 0 -0.208331 -0.978059
vn 0 -0.208331 -0.978059
vn -0.505194 -0.195656 -0.840534
vn -0.505194 -0.195656 -0.840534
vn -0.505194 -0.195656 -0.840534
vn -0.500607 -0.20356 -0.841401
vn -0.500607 -0.20356 -0.841401
vn -0.500607 -0.20356 -0.841401
vn -0.793366 -0.187046 -0.579296
vn -0.793366 -0.187046 -0.579296
vn -0.793366 -0.187046 -0.579296
vn -0.791567 -0.190685 -0.580569
vn -0.791567 -0.190685 -0.580569
vn -0.791567 -0.190685 -0.580569
vn -0.937033 -0.194349 -0.290167
vn -0.937033 -0.194349 -0.290167
vn -0.937033 -0.194349 -0.290167
vn -0.93931 -0.18795 -0.287004
vn -0.93931 -0.18795 -0.287004
vn -0.93931 -0.18795 -0.287004
vn -0.818243 -0.560559 0.127482
vn -0.818243 -0.560559 0.127482
vn -0.818243 -0.560559 0.127482
vn -0.823983 -0.549791 0.137051
vn -0.823983 -0.549791 0.137051
vn -0.823983 -0.549791 0.137051
vn -0.628136 -0.558487 0.541791
vn -0.628136 -0.558487 0.541791
vn -0.628136 -0.558487 0.541791
vn -0.628034 -0.56458 0.535559
vn -0.628034 -0.56458 0.535559
vn -0.628034 -0.56458 0.535559
vn -0.298048 -0.532602 0.792151
vn -0.298048 -0.532602 0.792151
vn -0.298048 -0.532602 0.792151
vn -0.305039 -0.547612 0.779149
vn -0.305039 -0.547612 0.779149
vn -0.305039 -0.547612 0.779149
vn 0 -0.526434 0.850216
vn 0 -0.526434 0.850216
vn 0 -0.526434 0.850216
vn 0 -0.526434 0.850216
vn 0 -0.526434 0.850216
vn 0 -0.526434 0.850216
vn 0.295027 -0.545998 0.784121
vn 0.295027 -0.545998 0.784121
vn 0.295027 -0.545998 0.784121
vn 0.308717 -0.531876 0.788544
vn 0.308717 -0.531876 0.788544
vn 0.308717 -0.531876 0.788544
vn 0.625303 -0.564003 0.539348
vn 0.625303 -0.564003 0.539348
vn 0.625303 -0.564003 0.539348
vn 0.631392 -0.558073 0.538422
vn 0.631392 -0.558073 0.538422
vn 0.631392 -0.558073 0.538422
vn 0.824933 -0.550425 0.128524
vn 0.824933 -0.550425 0.128524
vn 0.824933 -0.550425 0.128524
vn 0.816107 -0.561733 0.135742
vn 0.816107 -0.561733 0.135742
vn 0.816107 -0.561733 0.135742
vn 0.812841 -0.526883 -0.248362
vn 0.812841 -0.526883 -0.248362
vn 0.812841 -0.526883 -0.248362
vn 0.80807 -0.539173 -0.237309
vn 0.80807 -0.539173 -0.237309
vn 0.80807 -0.539173 -0.237309
vn 0.68325 -0.531077 -0.501125
vn 0.68325 -0.531077 -0.501125
vn 0.68325 -0.531077 -0.501125
vn 0.683492 -0.524389 -0.507794
vn 0.683492 -0.524389 -0.507794
vn 0.683492 -0.524389 -0.507794
vn 0.425659 -0.554051 -0.715432
vn 0.425659 -0.554051 -0.715432
vn 0.425659 -0.554051 -0.715432
vn 0.420796 -0.540341 -0.728671
vn 0.420796 -0.540341 -0.728671
vn 0.420796 -0.540341 -0.728671
vn 0 -0.563348 -0.82622
vn 0 -0.563348 -0.82622
vn 0 -0.563348 -0.82622
vn 0 -0.563347 -0.82622
vn 0 -0.563347 -0.82622
vn 0 -0.563347 -0.82622
vn -0.430006 -0.541058 -0.722738
vn -0.430006 -0.541058 -0.722738
vn -0.430006 -0.541058 -0.722738
vn -0.415788 -0.555628 -0.719998
vn -0.415788 -0.555628 -0.719998
vn -0.415788 -0.555628 -0.719998
vn -0.686381 -0.524832 -0.503421
vn -0.686381 -0.524832 -0.503421
vn -0.686381 -0.524832 -0.503421
vn -0.67984 -0.531705 -0.505081
vn -0.67984 -0.531705 -0.505081
vn -0.67984 -0.531705 -0.505081
vn -0.806199 -0.537925 -0.246332
vn -0.806199 -0.537925 -0.246332
vn -0.806199 -0.537925 -0.246332
vn -0.815891 -0.526223 -0.239606
vn -0.815891 -0.526223 -0.239606
vn -0.815891 -0.526223 -0.239606
vn -0.596538 -0.796428 0.099221
vn -0.596538 -0.796428 0.099221
vn -0.596538 -0.796428 0.099221
vn -0.603208 -0.789915 0.110343
vn -0.603208 -0.789915 0.110343
vn -0.603208 -0.789915 0.110343
vn -0.461062 -0.79551 0.393173
vn -0.461062 -0.79551 0.393173
vn -0.461062 -0.79551 0.393173
vn -0.460752 -0.799239 0.385908
vn -0.460752 -0.799239 0.385908
vn -0.460752 -0.799239 0.385908
vn -0.228233 -0.779783 0.582965
vn -0.228233 -0.779783 0.582965
vn -0.228233 -0.779783 0.582965
vn -0.235636 -0.789295 0.567
vn -0.235636 -0.789295 0.567
vn -0.235636 -0.789295 0.567
vn 0 -0.775391 0.631481
vn 0 -0.775391 0.631481
vn 0 -0.775391 0.631481
vn 0 -0.775391 0.631481
vn 0 -0.775391 0.631481
vn 0 -0.775391 0.631481
vn 0.224705 -0.787453 0.573955
vn 0.224705 -0.787453 0.573955
vn 0.224705 -0.787453 0.573955
vn 0.240741 -0.778766 0.579282
vn 0.240741 -0.778766 0.579282
vn 0.240741 -0.778766 0.579282
vn 0.457983 -0.798577 0.390546
vn 0.457983 -0.798577 0.390546
vn 0.457983 -0.798577 0.390546
vn 0.465046 -0.794996 0.389505
vn 0.465046 -0.794996 0.389505
vn 0.465046 -0.794996 0.389505
vn 0.603845 -0.790749 0.100436
vn 0.603845 -0.790749 0.100436
vn 0.603845 -0.790749 0.100436
vn 0.593142 -0.797753 0.108501
vn 0.593142 -0.797753 0.108501
vn 0.593142 -0.797753 0.108501
vn 0.605107 -0.776058 -0.177705
vn 0.605107 -0.776058 -0.177705
vn 0.605107 -0.776058 -0.177705
vn 0.598609 -0.783892 -0.164866
vn 0.598609 -0.783892 -0.164866
vn 0.598609 -0.783892 -0.164866
vn 0.504122 -0.778194 -0.374533
vn 0.504122 -0.778194 -0.374533
vn 0.504122 -0.778194 -0.374533
vn 0.504672 -0.773985 -0.38243
vn 0.504672 -0.773985 -0.38243
vn 0.504672 -0.773985 -0.38243
vn 0.305036 -0.792428 -0.528216
vn 0.305036 -0.792428 -0.528216
vn 0.305036 -0.792428 -0.528216
vn 0.299377 -0.78408 -0.543684
vn 0.299377 -0.78408 -0.543684
vn 0.299377 -0.78408 -0.543684
vn 0 -0.798296 -0.602265
vn 0 -0.798296 -0.602265
vn 0 -0.798296 -0.602265
vn 0 -0.798296 -0.602265
vn 0 -0.798296 -0.602265
vn 0 -0.798296 -0.602265
vn -0.309758 -0.785069 -0.536392
vn -0.309758 -0.785069 -0.536392
vn -0.309758 -0.785069 -0.536392
vn -0.293099 -0.794209 -0.532284
vn -0.293099 -0.794209 -0.532284
vn -0.293099 -0.794209 -0.532284
vn -0.507709 -0.774567 -0.377198
vn -0.507709 -0.774567 -0.377198
vn -0.507709 -0.774567 -0.377198
vn -0.499797 -0.77895 -0.378736
vn -0.499797 -0.77895 -0.378736
vn -0.499797 -0.77895 -0.378736
vn -0.597497 -0.782437 -0.17547
vn -0.597497 -0.782437 -0.17547
vn -0.597497 -0.782437 -0.17547
vn -0.609094 -0.775153 -0.167754
vn -0.609094 -0.775153 -0.167754
vn -0.609094 -0.775153 -0.167754
vn -0.358608 -0.931181 0.065599
vn -0.358608 -0.931181 0.065599
vn -0.358608 -0.931181 0.065599
vn -0.361621 -0.929397 0.073841
vn -0.361621 -0.929397 0.073841
vn -0.361621 -0.929397 0.073841
vn -0.279603 -0.931117 0.234185
vn -0.279603 -0.931117 0.234185
vn -0.279603 -0.931117 0.234185
vn -0.280172 -0.932156 0.229321
vn -0.280172 -0.932156 0.229321
vn -0.280172 -0.932156 0.229321
vn -0.14396 -0.926974 0.346403
vn -0.14396 -0.926974 0.346403
vn -0.14396 -0.926974 0.346403
vn -0.150281 -0.929591 0.336567
vn -0.150281 -0.929591 0.336567
vn -0.150281 -0.929591 0.336567
vn 0 -0.925532 0.378671
vn 0 -0.925532 0.378671
vn 0 -0.925532 0.378671
vn 0 -0.925532 0.378671
vn 0 -0.925532 0.378671
vn 0 -0.925532 0.378671
vn 0.142324 -0.928687 0.342468
vn 0.142324 -0.928687 0.342468
vn 0.142324 -0.928687 0.342468
vn 0.153577 -0.926344 0.34395
vn 0.153577 -0.926344 0.34395
vn 0.153577 -0.926344 0.34395
vn 0.278237 -0.931813 0.233041
vn 0.278237 -0.931813 0.233041
vn 0.278237 -0.931813 0.233041
vn 0.282812 -0.930824 0.231482
vn 0.282812 -0.930824 0.231482
vn 0.282812 -0.930824 0.231482
vn 0.361816 -0.929897 0.066186
vn 0.361816 -0.929897 0.066186
vn 0.361816 -0.929897 0.066186
vn 0.355518 -0.931846 0.072595
vn 0.355518 -0.931846 0.072595
vn 0.355518 -0.931846 0.072595
vn 0.364183 -0.925911 -0.100302
vn 0.364183 -0.925911 -0.100302
vn 0.364183 -0.925911 -0.100302
vn 0.361097 -0.92805 -0.091287
vn 0.361097 -0.92805 -0.091287
vn 0.361097 -0.92805 -0.091287
vn 0.300472 -0.926214 -0.227692
vn 0.300472 -0.926214 -0.227692
vn 0.300472 -0.926214 -0.227692
vn 0.299946 -0.925083 -0.232925
vn 0.299946 -0.925083 -0.232925
vn 0.299946 -0.925083 -0.232925
vn 0.177222 -0.930059 -0.321844
vn 0.177222 -0.930059 -0.321844
vn 0.177222 -0.930059 -0.321844
vn 0.171475 -0.927792 -0.33136
vn 0.171475 -0.927792 -0.33136
vn 0.171475 -0.927792 -0.33136
vn 0 -0.9318 -0.362972
vn 0 -0.9318 -0.362972
vn 0 -0.9318 -0.362972
vn 0 -0.9318 -0.362972
vn 0 -0.9318 -0.362972
vn 0 -0.9318 -0.362972
vn -0.179228 -0.928405 -0.325487
vn -0.179228 -0.928405 -0.325487
vn -0.179228 -0.928405 -0.325487
vn -0.167837 -0.930936 -0.324328
vn -0.167837 -0.930936 -0.324328
vn -0.167837 -0.930936 -0.324328
vn -0.30204 -0.925411 -0.22888
vn -0.30204 -0.925411 -0.22888
vn -0.30204 -0.925411 -0.22888
vn -0.297012 -0.926599 -0.230646
vn -0.297012 -0.926599 -0.230646
vn -0.297012 -0.926599 -0.230646
vn -0.360816 -0.927328 -0.099374
vn -0.360816 -0.927328 -0.099374
vn -0.360816 -0.927328 -0.099374
vn -0.367504 -0.92537 -0.092907
vn -0.367504 -0.92537 -0.092907
vn -0.367504 -0.92537 -0.092907
vn -0.120037 -0.992467 0.024511
vn -0.120037 -0.992467 0.024511
vn -0.120037 -0.992467 0.024511
vn -0.094569 -0.992505 0.077405
vn -0.094569 -0.992505 0.077405
vn -0.094569 -0.992505 0.077405
vn -0.050311 -0.992357 0.112677
vn -0.050311 -0.992357 0.112677
vn -0.050311 -0.992357 0.112677
vn 0 -0.992264 0.124148
vn 0 -0.992264 0.124148
vn 0 -0.992264 0.124148
vn 0.050311 -0.992357 0.112677
vn 0.050311 -0.992357 0.112677
vn 0.050311 -0.992357 0.112677
vn 0.094569 -0.992505 0.077405
vn 0.094569 -0.992505 0.077405
vn 0.094569 -0.992505 0.077405
vn 0.120037 -0.992467 0.024511
vn 0.120037 -0.992467 0.024511
vn 0.120037 -0.992467 0.024511
vn 0.120018 -0.992308 -0.030341
vn 0.120018 -0.992308 -0.030341
vn 0.120018 -0.992308 -0.030341
vn 0.097982 -0.992275 -0.076089
vn 0.097982 -0.992275 -0.076089
vn 0.097982 -0.992275 -0.076089
vn 0.056504 -0.992414 -0.109188
vn 0.056504 -0.992414 -0.109188
vn 0.056504 -0.992414 -0.109188
vn 0 -0.992518 -0.122098
vn 0 -0.992518 -0.122098
vn 0 -0.992518 -0.122098
vn -0.056504 -0.992414 -0.109188
vn -0.056504 -0.992414 -0.109188
vn -0.056504 -0.992414 -0.109188
vn -0.097982 -0.992275 -0.076089
vn -0.097982 -0.992275 -0.076089
vn -0.097982 -0.992275 -0.076089
vn -0.120018 -0.992308 -0.030341
vn -0.120018 -0.992308 -0.030341
vn -0.120018 -0.992308 -0.030341
f 1//1 3//3 2//2
f 4//4 6//6 5//5
f 7//7 9//9 8//8
f 10//10 12//12 11//11
f 13//13 15//15 14//14
f 16//16 18//18 17//17
f 19//19 21//21 20//20
f 22//22 24//24 23//23
f 25//25 27//27 26//26
f 28//28 30//30 29//29
f 31//31 33//33 32//32
f 34//34 36//36 35//35
f 37//37 39//39 38//38
f 40//40 42//42 41//41
f 43//43 45//45 44//44
f 46//46 48//48 47//47
f 49//49 51//51 50//50
f 52//52 54//54 53//53
f 55//55 57//57 56//56
f 58//58 60//60 59//59
f 61//61 63//63 62//62
f 64//64 66//66 65//65
f 67//67 69//69 68//68
f 70//70 72//72 71//71
f 73//73 75//75 74//74
f 76//76 78//78 77//77
f 79//79 81//81 80//80
f 82//82 84//84 83//83
f 85//85 87//87 86//86
f 88//88 90//90 89//89
f 91//91 93//93 92//92
f 94//94 96//96 95//95
f 97//97 99//99 98//98
f 100//100 102//102 101//101
f 103//103 105//105 104//104
f 106//106 108//108 107//107
f 109//109 111//111 110//110
f 112//112 114//114 113//113
f 115//115 117//117 116//116
f 118//118 120//120 119//119
f 121//121 123//123 122//122
f 124//124 126//126 125//125
f 127//127 129//129 128//128
f 130//130 132//132 131//131
f 133//133 135//135 134//134
f 136//136 138//138 137//137
f 139//139 141//141 140//140
f 142//142 144//144 143//143
f 145//145 147//147 146//146
f 148//148 150//150 149//149
f 151//151 153//153 152//152
f 154//154 156//156 155//155
f 157//157 159//159 158//158
f 160//160 162//162 161//161
f 163//163 165//165 164//164
f 166//166 168//168 167//167
f 169//169 171//171 170//170
f 172//172 174//174 173//173
f 175//175 177//177 176//176
f 178//178 180//180 179//179
f 181//181 183//183 182//182
f 184//184 186//186 185//185
f 187//187 189//189 188//188
f 190//190 192//192 191//191
f 193//193 195//195 194//194
f 196//196 198//198 197//197
f 199//199 201//201 200//200
f 202//202 204//204 203//203
f 205//205 207//207 206//206
f 208//208 210//210 209//209
f 211//211 213//213 212//212
f 214//214 216//216 215//215
f 217//217 219//219 218//218
f 220//220 222//222 221//221
f 223//223 225//225 224//224
f 226//226 228//228 227//227
f 229//229 231//231 230//230
f 232//232 234//234 233//233
f 235//235 237//237 236//236
f 238//238 240//240 239//239
f 241//241 243//243 242//242
f 244//244 246//246 245//245
f 247//247 249//249 248//248
f 250//250 252//252 251//251
f 253//253 255//255 254//254
f 256//256 258//258 257//257
f 259//259 261//261 260//260
f 262//262 264//264 263//263
f 265//265 267//267 266//266
f 268//268 270//270 269//269
f 271//271 273//273 272//272
f 274//274 276//276 275//275
f 277//277 279//279 278//278
f 280//280 282//282 281//281
f 283//283 285//285 284//284
f 286//286 288//288 287//287
f 289//289 291//291 290//290
f 292//292 294//294 293//293
f 295//295 297//297 296//296
f 298//298 300//300 299//299
f 301//301 303//303 302//302
f 304//304 306//306 305//305
f 307//307 309//309 308//308
f 310//310 312//312 311//311
f 313//313 315//315 314//314
f 316//316 318//318 317//317
f 319//319 321//321 320//320
f 322//322 324//324 323//323
f 325//325 327//327 326//326
f 328//328 330//330 329//329
f 331//331 333//333 332//332
f 334//334 336//336 335//335
f 337//337 339//339 338//338
f 340//340 342//342 341//341
f 343//343 345//345 344//344
f 346//346 348//348 347//347
f 349//349 351//351 350//350
f 352//352 354//354 353//353
f 355//355 357//357 356//356
f 358//358 360//360 359//359
f 361//361 363//363 362//362
f 364//364 366//366 365//365
f 367//367 369//369 368//368
f 370//370 372//372 371//371
f 373//373 375//375 374//374
f 376//376 378//378 377//377
f 379//379 381//381 380//380
f 382//382 384//384 383//383
f 385//385 387//387 386//386
f 388//388 390//390 389//389
f 391//391 393//393 392//392
f 394//394 396//396 395//395
f 397//397 399//399 398//398
f 400//400 402//402 401//401
f 403//403 405//405 404//404
f 406//406 408//408 407//407
f 409//409 411//411 410//410
f 412//412 414//414 413//413
f 415//415 417//417 416//416
f 418//418 420//420 419//419
f 421//421 423//423 422//422
f 424//424 426//426 425//425
f 427//427 429//429 428//428
f 430//430 432//432 431//431
f 433//433 435//435 434//434
f 436//436 438//438 437//437
f 439//439 441//441 440//440
f 442//442 444//444 443//443
f 445//445 447//447 446//446
f 448//448 450//450 449//449
f 451//451 453//453 452//452
f 454//454 456//456 455//455
f 457//457 459//459 458//458
f 460//460 462//462 461//461
f 463//463 465//465 464//464
f 466//466 468//468 467//467
f 469//469 471//471 470//470
f 472//472 474//474 473//473
f 475//475 477//477 476//476
f 478//478 480//480 479//479
f 481//481 483//483 482//482
f 484//484 486//486 485//485
f 487//487 489//489 488//488
f 490//490 492//492 491//491
f 493//493 495//495 494//494
f 496//496 498//498 497//497
f 499//499 501//501 500//500
f 502//502 504//504 503//503
f 505//505 507//507 506//506
f 508//508 510//510 509//509
f 511//511 513//513 512//512
f 514//514 516//516 515//515
f 517//517 519//519 518//518
f 520//520 522//522 521//521
f 523//523 525//525 524//524
f 526//526 528//528 527//527
f 529//529 531//531 530//530
f 532//532 534//534 533//533
f 535//535 537//537 536//536
f 538//538 540//540 539//539
f 541//541 543//543 542//542
f 544//544 546//546 545//545
f 547//547 549//549 548//548
f 550//550 552//552 551//551
f 553//553 555//555 554//554
f 556//556 558//558 557//557
f 559//559 561//561 560//560
f 562//562 564//564 563//563
f 565//565 567//567 566//566
f 568//568 570//570 569//569
f 571//571 573//573 572//572
f 574//574 576//576 575//575
f 577//577 579//579 578//578
f 580//580 582//582 581//581
f 583//583 585//585 584//584
f 586//586 588//588 587//587
f 589//589 591//591 590//590
f 592//592 594//594 593//593
f 595//595 597//597 596//596
f 598//598 600//600 599//599
f 601//601 603//603 602//602
f 604//604 606//606 605//605
f 607//607 609//609 608//608
f 610//610 612//612 611//611
f 613//613 615//615 614//614
f 616//616 618//618 617//617
f 619//619 621//621 620//620
f 622//622 624//624 623//623
f 625//625 627//627 626//626
f 628//628 630//630 629//629
f 631//631 633//633 632//632
f 634//634 636//636 635//635
f 637//637 639//639 638//638
f 640//640 642//642 641//641
f 643//643 645//645 644//644
f 646//646 648//648 647//647
f 649//649 651//651 650//650
f 652//652 654//654 653//653
f 655//655 657//657 656//656
f 658//658 660//660 659//659
f 661//661 663//663 662//662
f 664//664 666//666 665//665
f 667//667 669//669 668//668
f 670//670 672//672 671//671
f 673//673 675//675 674//674
f 676//676 678//678 677//677
f 679//679 681//681 680//680
f 682//682 684//684 683//683
f 685//685 687//687 686//686
f 688//688 690//690 689//689
f 691//691 693//693 692//692
f 694//694 696//696 695//695
f 697//697 699//699 698//698
f 700//700 702//702 701//701
f 703//703 705//705 704//704
f 706//706 708//708 707//707
f 709//709 711//711 710//710
f 712//712 714//714 713//713
f 715//715 717//717 716//716
f 718//718 720//720 719//719
f 721//721 723//723 722//722
f 724//724 726//726 725//725
f 727//727 729//729 728//728
f 730//730 732//732 731//731
f 733//733 735//735 734//734
f 736//736 738//738 737//737
f 739//739 741//741 740//740
f 742//742 744//744 743//743
f 745//745 747//747 746//746
f 748//748 750//750 749//749
f 751//751 753//753 752//752
f 754//754 756//756 755//755
o Small_stone
usemtl Cream
v -0.53 0.35 -0.2
v -0.620032 0.338743 -0.159353
v -0.628885 0.338743 -0.2
v -0.53 0.35 -0.2
v -0.591943 0.338743 -0.12718
v -0.620032 0.338743 -0.159353
v -0.53 0.35 -0.2
v -0.551818 0.338743 -0.110384
v -0.591943 0.338743 -0.12718
v -0.53 0.35 -0.2
v -0.508182 0.338743 -0.110384
v -0.551818 0.338743 -0.110384
v -0.53 0.35 -0.2
v -0.468056 0.338743 -0.12718
v -0.508182 0.338743 -0.110384
v -0.53 0.35 -0.2
v -0.439968 0.338743 -0.159353
v -0.468056 0.338743 -0.12718
v -0.53 0.35 -0.2
v -0.431114 0.338743 -0.2
v -0.439968 0.338743 -0.159353
v -0.53 0.35 -0.2
v -0.441847 0.338743 -0.239799
v -0.431114 0.338743 -0.2
v -0.53 0.35 -0.2
v -0.468635 0.338743 -0.27214
v -0.441847 0.338743 -0.239799
v -0.53 0.35 -0.2
v -0.50781 0.338743 -0.291145
v -0.468635 0.338743 -0.27214
v -0.53 0.35 -0.2
v -0.55219 0.338743 -0.291145
v -0.50781 0.338743 -0.291145
v -0.53 0.35 -0.2
v -0.591365 0.338743 -0.27214
v -0.55219 0.338743 -0.291145
v -0.53 0.35 -0.2
v -0.618153 0.338743 -0.239799
v -0.591365 0.338743 -0.27214
v -0.53 0.35 -0.2
v -0.628885 0.338743 -0.2
v -0.618153 0.338743 -0.239799
v -0.628885 0.338743 -0.2
v -0.620032 0.338743 -0.159353
v -0.702863 0.306074 -0.121956
v -0.628885 0.338743 -0.2
v -0.702863 0.306074 -0.121956
v -0.718091 0.306074 -0.2
v -0.620032 0.338743 -0.159353
v -0.591943 0.338743 -0.12718
v -0.64832 0.306074 -0.060905
v -0.620032 0.338743 -0.159353
v -0.64832 0.306074 -0.060905
v -0.702863 0.306074 -0.121956
v -0.591943 0.338743 -0.12718
v -0.551818 0.338743 -0.110384
v -0.571181 0.306074 -0.030851
v -0.591943 0.338743 -0.12718
v -0.571181 0.306074 -0.030851
v -0.64832 0.306074 -0.060905
v -0.551818 0.338743 -0.110384
v -0.508182 0.338743 -0.110384
v -0.488819 0.306074 -0.030851
v -0.551818 0.338743 -0.110384
v -0.488819 0.306074 -0.030851
v -0.571181 0.306074 -0.030851
v -0.508182 0.338743 -0.110384
v -0.468056 0.338743 -0.12718
v -0.41168 0.306074 -0.060905
v -0.508182 0.338743 -0.110384
v -0.41168 0.306074 -0.060905
v -0.488819 0.306074 -0.030851
v -0.468056 0.338743 -0.12718
v -0.439968 0.338743 -0.159353
v -0.357137 0.306074 -0.121956
v -0.468056 0.338743 -0.12718
v -0.357137 0.306074 -0.121956
v -0.41168 0.306074 -0.060905
v -0.439968 0.338743 -0.159353
v -0.431114 0.338743 -0.2
v -0.341909 0.306074 -0.2
v -0.439968 0.338743 -0.159353
v -0.341909 0.306074 -0.2
v -0.357137 0.306074 -0.121956
v -0.431114 0.338743 -0.2
v -0.441847 0.338743 -0.239799
v -0.363934 0.306074 -0.274975
v -0.431114 0.338743 -0.2
v -0.363934 0.306074 -0.274975
v -0.341909 0.306074 -0.2
v -0.441847 0.338743 -0.239799
v -0.468635 0.338743 -0.27214
v -0.413774 0.306074 -0.336634
v -0.441847 0.338743 -0.239799
v -0.413774 0.306074 -0.336634
v -0.363934 0.306074 -0.274975
v -0.468635 0.338743 -0.27214
v -0.50781 0.338743 -0.291145
v -0.487472 0.306074 -0.37468
v -0.468635 0.338743 -0.27214
v -0.487472 0.306074 -0.37468
v -0.413774 0.306074 -0.336634
v -0.50781 0.338743 -0.291145
v -0.55219 0.338743 -0.291145
v -0.572527 0.306074 -0.37468
v -0.50781 0.338743 -0.291145
v -0.572527 0.306074 -0.37468
v -0.487472 0.306074 -0.37468
v -0.55219 0.338743 -0.291145
v -0.591365 0.338743 -0.27214
v -0.646226 0.306074 -0.336634
v -0.55219 0.338743 -0.291145
v -0.646226 0.306074 -0.336634
v -0.572527 0.306074 -0.37468
v -0.591365 0.338743 -0.27214
v -0.618153 0.338743 -0.239799
v -0.696065 0.306074 -0.274975
v -0.591365 0.338743 -0.27214
v -0.696065 0.306074 -0.274975
v -0.646226 0.306074 -0.336634
v -0.618153 0.338743 -0.239799
v -0.628885 0.338743 -0.2
v -0.718091 0.306074 -0.2
v -0.618153 0.338743 -0.239799
v -0.718091 0.306074 -0.2
v -0.696065 0.306074 -0.274975
v -0.718091 0.306074 -0.2
v -0.702863 0.306074 -0.121956
v -0.769686 0.255191 -0.091787
v -0.718091 0.306074 -0.2
v -0.769686 0.255191 -0.091787
v -0.788885 0.255191 -0.2
v -0.702863 0.306074 -0.121956
v -0.64832 0.306074 -0.060905
v -0.693395 0.255191 -0.007914
v -0.702863 0.306074 -0.121956
v -0.693395 0.255191 -0.007914
v -0.769686 0.255191 -0.091787
v -0.64832 0.306074 -0.060905
v -0.571181 0.306074 -0.030851
v -0.586332 0.255191 0.031382
v -0.64832 0.306074 -0.060905
v -0.586332 0.255191 0.031382
v -0.693395 0.255191 -0.007914
v -0.571181 0.306074 -0.030851
v -0.488819 0.306074 -0.030851
v -0.473668 0.255191 0.031382
v -0.571181 0.306074 -0.030851
v -0.473668 0.255191 0.031382
v -0.586332 0.255191 0.031382
v -0.488819 0.306074 -0.030851
v -0.41168 0.306074 -0.060905
v -0.366604 0.255191 -0.007914
v -0.488819 0.306074 -0.030851
v -0.366604 0.255191 -0.007914
v -0.473668 0.255191 0.031382
v -0.41168 0.306074 -0.060905
v -0.357137 0.306074 -0.121956
v -0.290313 0.255191 -0.091787
v -0.41168 0.306074 -0.060905
v -0.290313 0.255191 -0.091787
v -0.366604 0.255191 -0.007914
v -0.357137 0.306074 -0.121956
v -0.341909 0.306074 -0.2
v -0.271114 0.255191 -0.2
v -0.357137 0.306074 -0.121956
v -0.271114 0.255191 -0.2
v -0.290313 0.255191 -0.091787
v -0.341909 0.306074 -0.2
v -0.363934 0.306074 -0.274975
v -0.303191 0.255191 -0.302399
v -0.341909 0.306074 -0.2
v -0.303191 0.255191 -0.302399
v -0.271114 0.255191 -0.2
v -0.363934 0.306074 -0.274975
v -0.413774 0.306074 -0.336634
v -0.37057 0.255191 -0.387423
v -0.363934 0.306074 -0.274975
v -0.37057 0.255191 -0.387423
v -0.303191 0.255191 -0.302399
v -0.413774 0.306074 -0.336634
v -0.487472 0.306074 -0.37468
v -0.471117 0.255191 -0.441858
v -0.413774 0.306074 -0.336634
v -0.471117 0.255191 -0.441858
v -0.37057 0.255191 -0.387423
v -0.487472 0.306074 -0.37468
v -0.572527 0.306074 -0.37468
v -0.588883 0.255191 -0.441858
v -0.487472 0.306074 -0.37468
v -0.588883 0.255191 -0.441858
v -0.471117 0.255191 -0.441858
v -0.572527 0.306074 -0.37468
v -0.646226 0.306074 -0.336634
v -0.689429 0.255191 -0.387423
v -0.572527 0.306074 -0.37468
v -0.689429 0.255191 -0.387423
v -0.588883 0.255191 -0.441858
v -0.646226 0.306074 -0.336634
v -0.696065 0.306074 -0.274975
v -0.756809 0.255191 -0.302399
v -0.646226 0.306074 -0.336634
v -0.756809 0.255191 -0.302399
v -0.689429 0.255191 -0.387423
v -0.696065 0.306074 -0.274975
v -0.718091 0.306074 -0.2
v -0.788885 0.255191 -0.2
v -0.696065 0.306074 -0.274975
v -0.788885 0.255191 -0.2
v -0.756809 0.255191 -0.302399
v -0.788885 0.255191 -0.2
v -0.769686 0.255191 -0.091787
v -0.813097 0.191074 -0.072188
v -0.788885 0.255191 -0.2
v -0.813097 0.191074 -0.072188
v -0.834338 0.191074 -0.2
v -0.769686 0.255191 -0.091787
v -0.693395 0.255191 -0.007914
v -0.722492 0.191074 0.026291
v -0.769686 0.255191 -0.091787
v -0.722492 0.191074 0.026291
v -0.813097 0.191074 -0.072188
v -0.693395 0.255191 -0.007914
v -0.586332 0.255191 0.031382
v -0.595959 0.191074 0.070924
v -0.693395 0.255191 -0.007914
v -0.595959 0.191074 0.070924
v -0.722492 0.191074 0.026291
v -0.586332 0.255191 0.031382
v -0.473668 0.255191 0.031382
v -0.464041 0.191074 0.070924
v -0.586332 0.255191 0.031382
v -0.464041 0.191074 0.070924
v -0.595959 0.191074 0.070924
v -0.473668 0.255191 0.031382
v -0.366604 0.255191 -0.007914
v -0.337508 0.191074 0.026291
v -0.473668 0.255191 0.031382
v -0.337508 0.191074 0.026291
v -0.464041 0.191074 0.070924
v -0.366604 0.255191 -0.007914
v -0.290313 0.255191 -0.091787
v -0.246902 0.191074 -0.072188
v -0.366604 0.255191 -0.007914
v -0.246902 0.191074 -0.072188
v -0.337508 0.191074 0.026291
v -0.290313 0.255191 -0.091787
v -0.271114 0.255191 -0.2
v -0.225662 0.191074 -0.2
v -0.290313 0.255191 -0.091787
v -0.225662 0.191074 -0.2
v -0.246902 0.191074 -0.072188
v -0.271114 0.255191 -0.2
v -0.303191 0.255191 -0.302399
v -0.264699 0.191074 -0.319777
v -0.271114 0.255191 -0.2
v -0.264699 0.191074 -0.319777
v -0.225662 0.191074 -0.2
v -0.303191 0.255191 -0.302399
v -0.37057 0.255191 -0.387423
v -0.342989 0.191074 -0.419848
v -0.303191 0.255191 -0.302399
v -0.342989 0.191074 -0.419848
v -0.264699 0.191074 -0.319777
v -0.37057 0.255191 -0.387423
v -0.471117 0.255191 -0.441858
v -0.460516 0.191074 -0.485403
v -0.37057 0.255191 -0.387423
v -0.460516 0.191074 -0.485403
v -0.342989 0.191074 -0.419848
v -0.471117 0.255191 -0.441858
v -0.588883 0.255191 -0.441858
v -0.599484 0.191074 -0.485403
v -0.471117 0.255191 -0.441858
v -0.599484 0.191074 -0.485403
v -0.460516 0.191074 -0.485403
v -0.588883 0.255191 -0.441858
v -0.689429 0.255191 -0.387423
v -0.717011 0.191074 -0.419848
v -0.588883 0.255191 -0.441858
v -0.717011 0.191074 -0.419848
v -0.599484 0.191074 -0.485403
v -0.689429 0.255191 -0.387423
v -0.756809 0.255191 -0.302399
v -0.7953 0.191074 -0.319777
v -0.689429 0.255191 -0.387423
v -0.7953 0.191074 -0.319777
v -0.717011 0.191074 -0.419848
v -0.756809 0.255191 -0.302399
v -0.788885 0.255191 -0.2
v -0.834338 0.191074 -0.2
v -0.756809 0.255191 -0.302399
v -0.834338 0.191074 -0.2
v -0.7953 0.191074 -0.319777
v -0.834338 0.191074 -0.2
v -0.813097 0.191074 -0.072188
v -0.828148 0.12 -0.065393
v -0.834338 0.191074 -0.2
v -0.828148 0.12 -0.065393
v -0.85 0.12 -0.2
v -0.813097 0.191074 -0.072188
v -0.722492 0.191074 0.026291
v -0.732546 0.12 0.038111
v -0.813097 0.191074 -0.072188
v -0.732546 0.12 0.038111
v -0.828148 0.12 -0.065393
v -0.722492 0.191074 0.026291
v -0.595959 0.191074 0.070924
v -0.599258 0.12 0.084475
v -0.722492 0.191074 0.026291
v -0.599258 0.12 0.084475
v -0.732546 0.12 0.038111
v -0.595959 0.191074 0.070924
v -0.464041 0.191074 0.070924
v -0.460742 0.12 0.084475
v -0.595959 0.191074 0.070924
v -0.460742 0.12 0.084475
v -0.599258 0.12 0.084475
v -0.464041 0.191074 0.070924
v -0.337508 0.191074 0.026291
v -0.327453 0.12 0.038111
v -0.464041 0.191074 0.070924
v -0.327453 0.12 0.038111
v -0.460742 0.12 0.084475
v -0.337508 0.191074 0.026291
v -0.246902 0.191074 -0.072188
v -0.231852 0.12 -0.065393
v -0.337508 0.191074 0.026291
v -0.231852 0.12 -0.065393
v -0.327453 0.12 0.038111
v -0.246902 0.191074 -0.072188
v -0.225662 0.191074 -0.2
v -0.21 0.12 -0.2
v -0.246902 0.191074 -0.072188
v -0.21 0.12 -0.2
v -0.231852 0.12 -0.065393
v -0.225662 0.191074 -0.2
v -0.264699 0.191074 -0.319777
v -0.251528 0.12 -0.325724
v -0.225662 0.191074 -0.2
v -0.251528 0.12 -0.325724
v -0.21 0.12 -0.2
v -0.264699 0.191074 -0.319777
v -0.342989 0.191074 -0.419848
v -0.333513 0.12 -0.430988
v -0.264699 0.191074 -0.319777
v -0.333513 0.12 -0.430988
v -0.251528 0.12 -0.325724
v -0.342989 0.191074 -0.419848
v -0.460516 0.191074 -0.485403
v -0.456845 0.12 -0.500482
v -0.342989 0.191074 -0.419848
v -0.456845 0.12 -0.500482
v -0.333513 0.12 -0.430988
v -0.460516 0.191074 -0.485403
v -0.599484 0.191074 -0.485403
v -0.603155 0.12 -0.500482
v -0.460516 0.191074 -0.485403
v -0.603155 0.12 -0.500482
v -0.456845 0.12 -0.500482
v -0.599484 0.191074 -0.485403
v -0.717011 0.191074 -0.419848
v -0.726487 0.12 -0.430988
v -0.599484 0.191074 -0.485403
v -0.726487 0.12 -0.430988
v -0.603155 0.12 -0.500482
v -0.717011 0.191074 -0.419848
v -0.7953 0.191074 -0.319777
v -0.808472 0.12 -0.325724
v -0.717011 0.191074 -0.419848
v -0.808472 0.12 -0.325724
v -0.726487 0.12 -0.430988
v -0.7953 0.191074 -0.319777
v -0.834338 0.191074 -0.2
v -0.85 0.12 -0.2
v -0.7953 0.191074 -0.319777
v -0.85 0.12 -0.2
v -0.808472 0.12 -0.325724
v -0.85 0.12 -0.2
v -0.828148 0.12 -0.065393
v -0.813097 0.048926 -0.072188
v -0.85 0.12 -0.2
v -0.813097 0.048926 -0.072188
v -0.834338 0.048926 -0.2
v -0.828148 0.12 -0.065393
v -0.732546 0.12 0.038111
v -0.722492 0.048926 0.026291
v -0.828148 0.12 -0.065393
v -0.722492 0.048926 0.026291
v -0.813097 0.048926 -0.072188
v -0.732546 0.12 0.038111
v -0.599258 0.12 0.084475
v -0.595959 0.048926 0.070924
v -0.732546 0.12 0.038111
v -0.595959 0.048926 0.070924
v -0.722492 0.048926 0.026291
v -0.599258 0.12 0.084475
v -0.460742 0.12 0.084475
v -0.464041 0.048926 0.070924
v -0.599258 0.12 0.084475
v -0.464041 0.048926 0.070924
v -0.595959 0.048926 0.070924
v -0.460742 0.12 0.084475
v -0.327453 0.12 0.038111
v -0.337508 0.048926 0.026291
v -0.460742 0.12 0.084475
v -0.337508 0.048926 0.026291
v -0.464041 0.048926 0.070924
v -0.327453 0.12 0.038111
v -0.231852 0.12 -0.065393
v -0.246902 0.048926 -0.072188
v -0.327453 0.12 0.038111
v -0.246902 0.048926 -0.072188
v -0.337508 0.048926 0.026291
v -0.231852 0.12 -0.065393
v -0.21 0.12 -0.2
v -0.225662 0.048926 -0.2
v -0.231852 0.12 -0.065393
v -0.225662 0.048926 -0.2
v -0.246902 0.048926 -0.072188
v -0.21 0.12 -0.2
v -0.251528 0.12 -0.325724
v -0.264699 0.048926 -0.319777
v -0.21 0.12 -0.2
v -0.264699 0.048926 -0.319777
v -0.225662 0.048926 -0.2
v -0.251528 0.12 -0.325724
v -0.333513 0.12 -0.430988
v -0.342989 0.048926 -0.419848
v -0.251528 0.12 -0.325724
v -0.342989 0.048926 -0.419848
v -0.264699 0.048926 -0.319777
v -0.333513 0.12 -0.430988
v -0.456845 0.12 -0.500482
v -0.460516 0.048926 -0.485403
v -0.333513 0.12 -0.430988
v -0.460516 0.048926 -0.485403
v -0.342989 0.048926 -0.419848
v -0.456845 0.12 -0.500482
v -0.603155 0.12 -0.500482
v -0.599484 0.048926 -0.485403
v -0.456845 0.12 -0.500482
v -0.599484 0.048926 -0.485403
v -0.460516 0.048926 -0.485403
v -0.603155 0.12 -0.500482
v -0.726487 0.12 -0.430988
v -0.717011 0.048926 -0.419848
v -0.603155 0.12 -0.500482
v -0.717011 0.048926 -0.419848
v -0.599484 0.048926 -0.485403
v -0.726487 0.12 -0.430988
v -0.808472 0.12 -0.325724
v -0.7953 0.048926 -0.319777
v -0.726487 0.12 -0.430988
v -0.7953 0.048926 -0.319777
v -0.717011 0.048926 -0.419848
v -0.808472 0.12 -0.325724
v -0.85 0.12 -0.2
v -0.834338 0.048926 -0.2
v -0.808472 0.12 -0.325724
v -0.834338 0.048926 -0.2
v -0.7953 0.048926 -0.319777
v -0.834338 0.048926 -0.2
v -0.813097 0.048926 -0.072188
v -0.769686 -0.015191 -0.091787
v -0.834338 0.048926 -0.2
v -0.769686 -0.015191 -0.091787
v -0.788885 -0.015191 -0.2
v -0.813097 0.048926 -0.072188
v -0.722492 0.048926 0.026291
v -0.693395 -0.015191 -0.007914
v -0.813097 0.048926 -0.072188
v -0.693395 -0.015191 -0.007914
v -0.769686 -0.015191 -0.091787
v -0.722492 0.048926 0.026291
v -0.595959 0.048926 0.070924
v -0.586332 -0.015191 0.031382
v -0.722492 0.048926 0.026291
v -0.586332 -0.015191 0.031382
v -0.693395 -0.015191 -0.007914
v -0.595959 0.048926 0.070924
v -0.464041 0.048926 0.070924
v -0.473668 -0.015191 0.031382
v -0.595959 0.048926 0.070924
v -0.473668 -0.015191 0.031382
v -0.586332 -0.015191 0.031382
v -0.464041 0.048926 0.070924
v -0.337508 0.048926 0.026291
v -0.366604 -0.015191 -0.007914
v -0.464041 0.048926 0.070924
v -0.366604 -0.015191 -0.007914
v -0.473668 -0.015191 0.031382
v -0.337508 0.048926 0.026291
v -0.246902 0.048926 -0.072188
v -0.290313 -0.015191 -0.091787
v -0.337508 0.048926 0.026291
v -0.290313 -0.015191 -0.091787
v -0.366604 -0.015191 -0.007914
v -0.246902 0.048926 -0.072188
v -0.225662 0.048926 -0.2
v -0.271114 -0.015191 -0.2
v -0.246902 0.048926 -0.072188
v -0.271114 -0.015191 -0.2
v -0.290313 -0.015191 -0.091787
v -0.225662 0.048926 -0.2
v -0.264699 0.048926 -0.319777
v -0.303191 -0.015191 -0.302399
v -0.225662 0.048926 -0.2
v -0.303191 -0.015191 -0.302399
v -0.271114 -0.015191 -0.2
v -0.264699 0.048926 -0.319777
v -0.342989 0.048926 -0.419848
v -0.37057 -0.015191 -0.387423
v -0.264699 0.048926 -0.319777
v -0.37057 -0.015191 -0.387423
v -0.303191 -0.015191 -0.302399
v -0.342989 0.048926 -0.419848
v -0.460516 0.048926 -0.485403
v -0.471117 -0.015191 -0.441858
v -0.342989 0.048926 -0.419848
v -0.471117 -0.015191 -0.441858
v -0.37057 -0.015191 -0.387423
v -0.460516 0.048926 -0.485403
v -0.599484 0.048926 -0.485403
v -0.588883 -0.015191 -0.441858
v -0.460516 0.048926 -0.485403
v -0.588883 -0.015191 -0.441858
v -0.471117 -0.015191 -0.441858
v -0.599484 0.048926 -0.485403
v -0.717011 0.048926 -0.419848
v -0.689429 -0.015191 -0.387423
v -0.599484 0.048926 -0.485403
v -0.689429 -0.015191 -0.387423
v -0.588883 -0.015191 -0.441858
v -0.717011 0.048926 -0.419848
v -0.7953 0.048926 -0.319777
v -0.756809 -0.015191 -0.302399
v -0.717011 0.048926 -0.419848
v -0.756809 -0.015191 -0.302399
v -0.689429 -0.015191 -0.387423
v -0.7953 0.048926 -0.319777
v -0.834338 0.048926 -0.2
v -0.788885 -0.015191 -0.2
v -0.7953 0.048926 -0.319777
v -0.788885 -0.015191 -0.2
v -0.756809 -0.015191 -0.302399
v -0.788885 -0.015191 -0.2
v -0.769686 -0.015191 -0.091787
v -0.702863 -0.066074 -0.121956
v -0.788885 -0.015191 -0.2
v -0.702863 -0.066074 -0.121956
v -0.718091 -0.066074 -0.2
v -0.769686 -0.015191 -0.091787
v -0.693395 -0.015191 -0.007914
v -0.64832 -0.066074 -0.060905
v -0.769686 -0.015191 -0.091787
v -0.64832 -0.066074 -0.060905
v -0.702863 -0.066074 -0.121956
v -0.693395 -0.015191 -0.007914
v -0.586332 -0.015191 0.031382
v -0.571181 -0.066074 -0.030851
v -0.693395 -0.015191 -0.007914
v -0.571181 -0.066074 -0.030851
v -0.64832 -0.066074 -0.060905
v -0.586332 -0.015191 0.031382
v -0.473668 -0.015191 0.031382
v -0.488819 -0.066074 -0.030851
v -0.586332 -0.015191 0.031382
v -0.488819 -0.066074 -0.030851
v -0.571181 -0.066074 -0.030851
v -0.473668 -0.015191 0.031382
v -0.366604 -0.015191 -0.007914
v -0.41168 -0.066074 -0.060905
v -0.473668 -0.015191 0.031382
v -0.41168 -0.066074 -0.060905
v -0.488819 -0.066074 -0.030851
v -0.366604 -0.015191 -0.007914
v -0.290313 -0.015191 -0.091787
v -0.357137 -0.066074 -0.121956
v -0.366604 -0.015191 -0.007914
v -0.357137 -0.066074 -0.121956
v -0.41168 -0.066074 -0.060905
v -0.290313 -0.015191 -0.091787
v -0.271114 -0.015191 -0.2
v -0.341909 -0.066074 -0.2
v -0.290313 -0.015191 -0.091787
v -0.341909 -0.066074 -0.2
v -0.357137 -0.066074 -0.121956
v -0.271114 -0.015191 -0.2
v -0.303191 -0.015191 -0.302399
v -0.363934 -0.066074 -0.274975
v -0.271114 -0.015191 -0.2
v -0.363934 -0.066074 -0.274975
v -0.341909 -0.066074 -0.2
v -0.303191 -0.015191 -0.302399
v -0.37057 -0.015191 -0.387423
v -0.413774 -0.066074 -0.336634
v -0.303191 -0.015191 -0.302399
v -0.413774 -0.066074 -0.336634
v -0.363934 -0.066074 -0.274975
v -0.37057 -0.015191 -0.387423
v -0.471117 -0.015191 -0.441858
v -0.487472 -0.066074 -0.37468
v -0.37057 -0.015191 -0.387423
v -0.487472 -0.066074 -0.37468
v -0.413774 -0.066074 -0.336634
v -0.471117 -0.015191 -0.441858
v -0.588883 -0.015191 -0.441858
v -0.572527 -0.066074 -0.37468
v -0.471117 -0.015191 -0.441858
v -0.572527 -0.066074 -0.37468
v -0.487472 -0.066074 -0.37468
v -0.588883 -0.015191 -0.441858
v -0.689429 -0.015191 -0.387423
v -0.646226 -0.066074 -0.336634
v -0.588883 -0.015191 -0.441858
v -0.646226 -0.066074 -0.336634
v -0.572527 -0.066074 -0.37468
v -0.689429 -0.015191 -0.387423
v -0.756809 -0.015191 -0.302399
v -0.696065 -0.066074 -0.274975
v -0.689429 -0.015191 -0.387423
v -0.696065 -0.066074 -0.274975
v -0.646226 -0.066074 -0.336634
v -0.756809 -0.015191 -0.302399
v -0.788885 -0.015191 -0.2
v -0.718091 -0.066074 -0.2
v -0.756809 -0.015191 -0.302399
v -0.718091 -0.066074 -0.2
v -0.696065 -0.066074 -0.274975
v -0.718091 -0.066074 -0.2
v -0.702863 -0.066074 -0.121956
v -0.620032 -0.098743 -0.159353
v -0.718091 -0.066074 -0.2
v -0.620032 -0.098743 -0.159353
v -0.628885 -0.098743 -0.2
v -0.702863 -0.066074 -0.121956
v -0.64832 -0.066074 -0.060905
v -0.591943 -0.098743 -0.12718
v -0.702863 -0.066074 -0.121956
v -0.591943 -0.098743 -0.12718
v -0.620032 -0.098743 -0.159353
v -0.64832 -0.066074 -0.060905
v -0.571181 -0.066074 -0.030851
v -0.551818 -0.098743 -0.110384
v -0.64832 -0.066074 -0.060905
v -0.551818 -0.098743 -0.110384
v -0.591943 -0.098743 -0.12718
v -0.571181 -0.066074 -0.030851
v -0.488819 -0.066074 -0.030851
v -0.508182 -0.098743 -0.110384
v -0.571181 -0.066074 -0.030851
v -0.508182 -0.098743 -0.110384
v -0.551818 -0.098743 -0.110384
v -0.488819 -0.066074 -0.030851
v -0.41168 -0.066074 -0.060905
v -0.468056 -0.098743 -0.12718
v -0.488819 -0.066074 -0.030851
v -0.468056 -0.098743 -0.12718
v -0.508182 -0.098743 -0.110384
v -0.41168 -0.066074 -0.060905
v -0.357137 -0.066074 -0.121956
v -0.439968 -0.098743 -0.159353
v -0.41168 -0.066074 -0.060905
v -0.439968 -0.098743 -0.159353
v -0.468056 -0.098743 -0.12718
v -0.357137 -0.066074 -0.121956
v -0.341909 -0.066074 -0.2
v -0.431114 -0.098743 -0.2
v -0.357137 -0.066074 -0.121956
v -0.431114 -0.098743 -0.2
v -0.439968 -0.098743 -0.159353
v -0.341909 -0.066074 -0.2
v -0.363934 -0.066074 -0.274975
v -0.441847 -0.098743 -0.239799
v -0.341909 -0.066074 -0.2
v -0.441847 -0.098743 -0.239799
v -0.431114 -0.098743 -0.2
v -0.363934 -0.066074 -0.274975
v -0.413774 -0.066074 -0.336634
v -0.468635 -0.098743 -0.27214
v -0.363934 -0.066074 -0.274975
v -0.468635 -0.098743 -0.27214
v -0.441847 -0.098743 -0.239799
v -0.413774 -0.066074 -0.336634
v -0.487472 -0.066074 -0.37468
v -0.50781 -0.098743 -0.291145
v -0.413774 -0.066074 -0.336634
v -0.50781 -0.098743 -0.291145
v -0.468635 -0.098743 -0.27214
v -0.487472 -0.066074 -0.37468
v -0.572527 -0.066074 -0.37468
v -0.55219 -0.098743 -0.291145
v -0.487472 -0.066074 -0.37468
v -0.55219 -0.098743 -0.291145
v -0.50781 -0.098743 -0.291145
v -0.572527 -0.066074 -0.37468
v -0.646226 -0.066074 -0.336634
v -0.591364 -0.098743 -0.27214
v -0.572527 -0.066074 -0.37468
v -0.591364 -0.098743 -0.27214
v -0.55219 -0.098743 -0.291145
v -0.646226 -0.066074 -0.336634
v -0.696065 -0.066074 -0.274975
v -0.618153 -0.098743 -0.239799
v -0.646226 -0.066074 -0.336634
v -0.618153 -0.098743 -0.239799
v -0.591364 -0.098743 -0.27214
v -0.696065 -0.066074 -0.274975
v -0.718091 -0.066074 -0.2
v -0.628885 -0.098743 -0.2
v -0.696065 -0.066074 -0.274975
v -0.628885 -0.098743 -0.2
v -0.618153 -0.098743 -0.239799
v -0.628885 -0.098743 -0.2
v -0.620032 -0.098743 -0.159353
v -0.53 -0.11 -0.2
v -0.620032 -0.098743 -0.159353
v -0.591943 -0.098743 -0.12718
v -0.53 -0.11 -0.2
v -0.591943 -0.098743 -0.12718
v -0.551818 -0.098743 -0.110384
v -0.53 -0.11 -0.2
v -0.551818 -0.098743 -0.110384
v -0.508182 -0.098743 -0.110384
v -0.53 -0.11 -0.2
v -0.508182 -0.098743 -0.110384
v -0.468056 -0.098743 -0.12718
v -0.53 -0.11 -0.2
v -0.468056 -0.098743 -0.12718
v -0.439968 -0.098743 -0.159353
v -0.53 -0.11 -0.2
v -0.439968 -0.098743 -0.159353
v -0.431114 -0.098743 -0.2
v -0.53 -0.11 -0.2
v -0.431114 -0.098743 -0.2
v -0.441847 -0.098743 -0.239799
v -0.53 -0.11 -0.2
v -0.441847 -0.098743 -0.239799
v -0.468635 -0.098743 -0.27214
v -0.53 -0.11 -0.2
v -0.468635 -0.098743 -0.27214
v -0.50781 -0.098743 -0.291145
v -0.53 -0.11 -0.2
v -0.50781 -0.098743 -0.291145
v -0.55219 -0.098743 -0.291145
v -0.53 -0.11 -0.2
v -0.55219 -0.098743 -0.291145
v -0.591364 -0.098743 -0.27214
v -0.53 -0.11 -0.2
v -0.591364 -0.098743 -0.27214
v -0.618153 -0.098743 -0.239799
v -0.53 -0.11 -0.2
v -0.618153 -0.098743 -0.239799
v -0.628885 -0.098743 -0.2
v -0.53 -0.11 -0.2
vn -0.113074 0.993281 0.024628
vn -0.113074 0.993281 0.024628
vn -0.113074 0.993281 0.024628
vn -0.089054 0.992988 0.07775
vn -0.089054 0.992988 0.07775
vn -0.089054 0.992988 0.07775
vn -0.047359 0.99245 0.113135
vn -0.047359 0.99245 0.113135
vn -0.047359 0.99245 0.113135
vn 0 0.992203 0.124634
vn 0 0.992203 0.124634
vn 0 0.992203 0.124634
vn 0.047359 0.99245 0.113135
vn 0.047359 0.99245 0.113135
vn 0.047359 0.99245 0.113135
vn 0.089054 0.992988 0.07775
vn 0.089054 0.992988 0.07775
vn 0.089054 0.992988 0.07775
vn 0.113074 0.993281 0.024628
vn 0.113074 0.993281 0.024628
vn 0.113074 0.993281 0.024628
vn 0.113056 0.993121 -0.030486
vn 0.113056 0.993121 -0.030486
vn 0.113056 0.993121 -0.030486
vn 0.092271 0.992796 -0.076431
vn 0.092271 0.992796 -0.076431
vn 0.092271 0.992796 -0.076431
vn 0.05319 0.992548 -0.109636
vn 0.05319 0.992548 -0.109636
vn 0.05319 0.992548 -0.109636
vn 0 0.992459 -0.122575
vn 0 0.992459 -0.122575
vn 0 0.992459 -0.122575
vn -0.05319 0.992548 -0.109636
vn -0.05319 0.992548 -0.109636
vn -0.05319 0.992548 -0.109636
vn -0.092271 0.992796 -0.076431
vn -0.092271 0.992796 -0.076431
vn -0.092271 0.992796 -0.076431
vn -0.113056 0.993121 -0.030486
vn -0.113056 0.993121 -0.030486
vn -0.113056 0.993121 -0.030486
vn -0.337053 0.938619 0.073413
vn -0.337053 0.938619 0.073413
vn -0.337053 0.938619 0.073413
vn -0.343115 0.936905 0.066949
vn -0.343115 0.936905 0.066949
vn -0.343115 0.936905 0.066949
vn -0.267354 0.9349 0.233418
vn -0.267354 0.9349 0.233418
vn -0.267354 0.9349 0.233418
vn -0.26299 0.935753 0.234955
vn -0.26299 0.935753 0.234955
vn -0.26299 0.935753 0.234955
vn -0.144677 0.927155 0.345618
vn -0.144677 0.927155 0.345618
vn -0.144677 0.927155 0.345618
vn -0.134051 0.929328 0.344064
vn -0.134051 0.929328 0.344064
vn -0.134051 0.929328 0.344064
vn 0 0.925004 0.379957
vn 0 0.925004 0.379957
vn 0 0.925004 0.379957
vn 0 0.925004 0.379957
vn 0 0.925004 0.379957
vn 0 0.925004 0.379957
vn 0.141566 0.930371 0.338186
vn 0.141566 0.930371 0.338186
vn 0.141566 0.930371 0.338186
vn 0.135594 0.927628 0.348023
vn 0.135594 0.927628 0.348023
vn 0.135594 0.927628 0.348023
vn 0.264837 0.936162 0.23122
vn 0.264837 0.936162 0.23122
vn 0.264837 0.936162 0.23122
vn 0.264292 0.935093 0.236118
vn 0.264292 0.935093 0.236118
vn 0.264292 0.935093 0.236118
vn 0.342926 0.936388 0.074692
vn 0.342926 0.936388 0.074692
vn 0.342926 0.936388 0.074692
vn 0.340027 0.938072 0.066347
vn 0.340027 0.938072 0.066347
vn 0.340027 0.938072 0.066347
vn 0.348586 0.932551 -0.093999
vn 0.348586 0.932551 -0.093999
vn 0.348586 0.932551 -0.093999
vn 0.342145 0.934256 -0.100514
vn 0.342145 0.934256 -0.100514
vn 0.342145 0.934256 -0.100514
vn 0.280911 0.931099 -0.232686
vn 0.280911 0.931099 -0.232686
vn 0.280911 0.931099 -0.232686
vn 0.285718 0.93007 -0.230945
vn 0.285718 0.93007 -0.230945
vn 0.285718 0.93007 -0.230945
vn 0.158159 0.932045 -0.326003
vn 0.158159 0.932045 -0.326003
vn 0.158159 0.932045 -0.326003
vn 0.168931 0.929718 -0.327241
vn 0.168931 0.929718 -0.327241
vn 0.168931 0.929718 -0.327241
vn 0 0.931312 -0.364222
vn 0 0.931312 -0.364222
vn 0 0.931312 -0.364222
vn 0 0.931312 -0.364222
vn 0 0.931312 -0.364222
vn 0 0.931312 -0.364222
vn -0.161597 0.928945 -0.333088
vn -0.161597 0.928945 -0.333088
vn -0.161597 0.928945 -0.333088
vn -0.167036 0.931345 -0.323568
vn -0.167036 0.931345 -0.323568
vn -0.167036 0.931345 -0.323568
vn -0.283714 0.929665 -0.235008
vn -0.283714 0.929665 -0.235008
vn -0.283714 0.929665 -0.235008
vn -0.28422 0.930828 -0.229734
vn -0.28422 0.930828 -0.229734
vn -0.28422 0.930828 -0.229734
vn -0.342417 0.935 -0.092336
vn -0.342417 0.935 -0.092336
vn -0.342417 0.935 -0.092336
vn -0.345386 0.932959 -0.101466
vn -0.345386 0.932959 -0.101466
vn -0.345386 0.932959 -0.101466
vn -0.569804 0.814225 0.111181
vn -0.569804 0.814225 0.111181
vn -0.569804 0.814225 0.111181
vn -0.580532 0.807697 0.102996
vn -0.580532 0.807697 0.102996
vn -0.580532 0.807697 0.102996
vn -0.442939 0.804493 0.395722
vn -0.442939 0.804493 0.395722
vn -0.442939 0.804493 0.395722
vn -0.436044 0.807807 0.396628
vn -0.436044 0.807807 0.396628
vn -0.436044 0.807807 0.396628
vn -0.227038 0.780307 0.582731
vn -0.227038 0.780307 0.582731
vn -0.227038 0.780307 0.582731
vn -0.21183 0.788693 0.57714
vn -0.21183 0.788693 0.57714
vn -0.21183 0.788693 0.57714
vn 0 0.774165 0.632984
vn 0 0.774165 0.632984
vn 0 0.774165 0.632984
vn 0 0.774165 0.632984
vn 0 0.774165 0.632984
vn 0 0.774165 0.632984
vn 0.222206 0.790791 0.570328
vn 0.222206 0.790791 0.570328
vn 0.222206 0.790791 0.570328
vn 0.215166 0.78105 0.586229
vn 0.215166 0.78105 0.586229
vn 0.215166 0.78105 0.586229
vn 0.438752 0.808608 0.391981
vn 0.438752 0.808608 0.391981
vn 0.438752 0.808608 0.391981
vn 0.439046 0.804831 0.399358
vn 0.439046 0.804831 0.399358
vn 0.439046 0.804831 0.399358
vn 0.579888 0.806801 0.113149
vn 0.579888 0.806801 0.113149
vn 0.579888 0.806801 0.113149
vn 0.573209 0.813074 0.101697
vn 0.573209 0.813074 0.101697
vn 0.573209 0.813074 0.101697
vn 0.585757 0.792008 -0.172082
vn 0.585757 0.792008 -0.172082
vn 0.585757 0.792008 -0.172082
vn 0.57412 0.798776 -0.179845
vn 0.57412 0.798776 -0.179845
vn 0.57412 0.798776 -0.179845
vn 0.476989 0.789831 -0.38555
vn 0.476989 0.789831 -0.38555
vn 0.476989 0.789831 -0.38555
vn 0.48477 0.785757 -0.384166
vn 0.48477 0.785757 -0.384166
vn 0.48477 0.785757 -0.384166
vn 0.276918 0.797224 -0.536424
vn 0.276918 0.797224 -0.536424
vn 0.276918 0.797224 -0.536424
vn 0.292821 0.788491 -0.540868
vn 0.292821 0.788491 -0.540868
vn 0.292821 0.788491 -0.540868
vn 0 0.797147 -0.603785
vn 0 0.797147 -0.603785
vn 0 0.797147 -0.603785
vn 0 0.797147 -0.603785
vn 0 0.797147 -0.603785
vn 0 0.797147 -0.603785
vn -0.282896 0.787186 -0.548004
vn -0.282896 0.787186 -0.548004
vn -0.282896 0.787186 -0.548004
vn -0.288319 0.795776 -0.532552
vn -0.288319 0.795776 -0.532552
vn -0.288319 0.795776 -0.532552
vn -0.481775 0.785013 -0.389418
vn -0.481775 0.785013 -0.389418
vn -0.481775 0.785013 -0.389418
vn -0.481246 0.789276 -0.381373
vn -0.481246 0.789276 -0.381373
vn -0.481246 0.789276 -0.381373
vn -0.575242 0.800336 -0.168993
vn -0.575242 0.800336 -0.168993
vn -0.575242 0.800336 -0.168993
vn -0.581747 0.792693 -0.182234
vn -0.581747 0.792693 -0.182234
vn -0.581747 0.792693 -0.182234
vn -0.799038 0.584331 0.141763
vn -0.799038 0.584331 0.141763
vn -0.799038 0.584331 0.141763
vn -0.808409 0.573085 0.134346
vn -0.808409 0.573085 0.134346
vn -0.808409 0.573085 0.134346
vn -0.607542 0.570528 0.552623
vn -0.607542 0.570528 0.552623
vn -0.607542 0.570528 0.552623
vn -0.601406 0.576325 0.553318
vn -0.601406 0.576325 0.553318
vn -0.601406 0.576325 0.553318
vn -0.291437 0.533461 0.794031
vn -0.291437 0.533461 0.794031
vn -0.291437 0.533461 0.794031
vn -0.278388 0.54738 0.789224
vn -0.278388 0.54738 0.789224
vn -0.278388 0.54738 0.789224
vn 0 0.524927 0.851147
vn 0 0.524927 0.851147
vn 0 0.524927 0.851147
vn 0 0.524927 0.851147
vn 0 0.524927 0.851147
vn 0 0.524927 0.851147
vn 0.287944 0.549204 0.784515
vn 0.287944 0.549204 0.784515
vn 0.287944 0.549204 0.784515
vn 0.281254 0.533978 0.797348
vn 0.281254 0.533978 0.797348
vn 0.281254 0.533978 0.797348
vn 0.604166 0.577042 0.549552
vn 0.604166 0.577042 0.549552
vn 0.604166 0.577042 0.549552
vn 0.604252 0.570802 0.555936
vn 0.604252 0.570802 0.555936
vn 0.604252 0.570802 0.555936
vn 0.807391 0.572364 0.143245
vn 0.807391 0.572364 0.143245
vn 0.807391 0.572364 0.143245
vn 0.80131 0.583241 0.133166
vn 0.80131 0.583241 0.133166
vn 0.80131 0.583241 0.133166
vn 0.798675 0.547289 -0.250187
vn 0.798675 0.547289 -0.250187
vn 0.798675 0.547289 -0.250187
vn 0.788412 0.558909 -0.256957
vn 0.788412 0.558909 -0.256957
vn 0.788412 0.558909 -0.256957
vn 0.656747 0.545722 -0.520453
vn 0.656747 0.545722 -0.520453
vn 0.656747 0.545722 -0.520453
vn 0.663427 0.53896 -0.519025
vn 0.663427 0.53896 -0.519025
vn 0.663427 0.53896 -0.519025
vn 0.394437 0.560015 -0.728562
vn 0.394437 0.560015 -0.728562
vn 0.394437 0.560015 -0.728562
vn 0.408204 0.545701 -0.731833
vn 0.408204 0.545701 -0.731833
vn 0.408204 0.545701 -0.731833
vn 0 0.561825 -0.827256
vn 0 0.561825 -0.827256
vn 0 0.561825 -0.827256
vn 0 0.561825 -0.827256
vn 0 0.561825 -0.827256
vn 0 0.561825 -0.827256
vn -0.399265 0.544712 -0.73748
vn -0.399265 0.544712 -0.73748
vn -0.399265 0.544712 -0.73748
vn -0.404007 0.558709 -0.724309
vn -0.404007 0.558709 -0.724309
vn -0.404007 0.558709 -0.724309
vn -0.660465 0.538367 -0.523399
vn -0.660465 0.538367 -0.523399
vn -0.660465 0.538367 -0.523399
vn -0.660237 0.545239 -0.516529
vn -0.660237 0.545239 -0.516529
vn -0.660237 0.545239 -0.516529
vn -0.790403 0.560321 -0.247596
vn -0.790403 0.560321 -0.247596
vn -0.790403 0.560321 -0.247596
vn -0.795431 0.547797 -0.259245
vn -0.795431 0.547797 -0.259245
vn -0.795431 0.547797 -0.259245
vn -0.9625 0.219107 0.159954
vn -0.9625 0.219107 0.159954
vn -0.9625 0.219107 0.159954
vn -0.964525 0.212544 0.156581
vn -0.964525 0.212544 0.156581
vn -0.964525 0.212544 0.156581
vn -0.719222 0.211788 0.661714
vn -0.719222 0.211788 0.661714
vn -0.719222 0.211788 0.661714
vn -0.717376 0.215255 0.662599
vn -0.717376 0.215255 0.662599
vn -0.717376 0.215255 0.662599
vn -0.326484 0.19162 0.925575
vn -0.326484 0.19162 0.925575
vn -0.326484 0.19162 0.925575
vn -0.321935 0.199457 0.925513
vn -0.321935 0.199457 0.925513
vn -0.321935 0.199457 0.925513
vn 0 0.187282 0.982306
vn 0 0.187282 0.982306
vn 0 0.187282 0.982306
vn 0 0.187282 0.982306
vn 0 0.187282 0.982306
vn 0 0.187282 0.982306
vn 0.325942 0.199779 0.92404
vn 0.325942 0.199779 0.92404
vn 0.325942 0.199779 0.92404
vn 0.322443 0.1917 0.926975
vn 0.322443 0.1917 0.926975
vn 0.322443 0.1917 0.926975
vn 0.718643 0.215388 0.661181
vn 0.718643 0.215388 0.661181
vn 0.718643 0.215388 0.661181
vn 0.717925 0.211836 0.663106
vn 0.717925 0.211836 0.663106
vn 0.717925 0.211836 0.663106
vn 0.963958 0.212419 0.160196
vn 0.963958 0.212419 0.160196
vn 0.963958 0.212419 0.160196
vn 0.963139 0.218899 0.156356
vn 0.963139 0.218899 0.156356
vn 0.963139 0.218899 0.156356
vn 0.931931 0.198119 -0.303733
vn 0.931931 0.198119 -0.303733
vn 0.931931 0.198119 -0.303733
vn 0.929413 0.204806 -0.306995
vn 0.929413 0.204806 -0.306995
vn 0.929413 0.204806 -0.306995
vn 0.772078 0.197605 -0.604027
vn 0.772078 0.197605 -0.604027
vn 0.772078 0.197605 -0.604027
vn 0.773972 0.193869 -0.602811
vn 0.773972 0.193869 -0.602811
vn 0.773972 0.193869 -0.602811
vn 0.476687 0.205938 -0.854611
vn 0.476687 0.205938 -0.854611
vn 0.476687 0.205938 -0.854611
vn 0.481187 0.197996 -0.853965
vn 0.481187 0.197996 -0.853965
vn 0.481187 0.197996 -0.853965
vn 0 0.207542 -0.978226
vn 0 0.207542 -0.978226
vn 0 0.207542 -0.978226
vn 0 0.207542 -0.978226
vn 0 0.207542 -0.978226
vn 0 0.207542 -0.978226
vn -0.477501 0.197835 -0.856069
vn -0.477501 0.197835 -0.856069
vn -0.477501 0.197835 -0.856069
vn -0.480408 0.2057 -0.852582
vn -0.480408 0.2057 -0.852582
vn -0.480408 0.2057 -0.852582
vn -0.772681 0.193771 -0.604498
vn -0.772681 0.193771 -0.604498
vn -0.772681 0.193771 -0.604498
vn -0.773398 0.19752 -0.602364
vn -0.773398 0.19752 -0.602364
vn -0.773398 0.19752 -0.602364
vn -0.930573 0.205062 -0.30329
vn -0.930573 0.205062 -0.30329
vn -0.930573 0.205062 -0.30329
vn -0.930704 0.1982 -0.307421
vn -0.930704 0.1982 -0.307421
vn -0.930704 0.1982 -0.307421
vn -0.963139 -0.218899 0.156356
vn -0.963139 -0.218899 0.156356
vn -0.963139 -0.218899 0.156356
vn -0.963958 -0.212419 0.160196
vn -0.963958 -0.212419 0.160196
vn -0.963958 -0.212419 0.160196
vn -0.717925 -0.211837 0.663106
vn -0.717925 -0.211837 0.663106
vn -0.717925 -0.211837 0.663106
vn -0.718643 -0.215388 0.661181
vn -0.718643 -0.215388 0.661181
vn -0.718643 -0.215388 0.661181
vn -0.322443 -0.1917 0.926975
vn -0.322443 -0.1917 0.926975
vn -0.322443 -0.1917 0.926975
vn -0.325942 -0.19978 0.92404
vn -0.325942 -0.19978 0.92404
vn -0.325942 -0.19978 0.92404
vn 0 -0.187283 0.982306
vn 0 -0.187283 0.982306
vn 0 -0.187283 0.982306
vn 0 -0.187282 0.982306
vn 0 -0.187282 0.982306
vn 0 -0.187282 0.982306
vn 0.321935 -0.199458 0.925513
vn 0.321935 -0.199458 0.925513
vn 0.321935 -0.199458 0.925513
vn 0.326484 -0.191621 0.925575
vn 0.326484 -0.191621 0.925575
vn 0.326484 -0.191621 0.925575
vn 0.717376 -0.215255 0.662599
vn 0.717376 -0.215255 0.662599
vn 0.717376 -0.215255 0.662599
vn 0.719222 -0.211789 0.661714
vn 0.719222 -0.211789 0.661714
vn 0.719222 -0.211789 0.661714
vn 0.964525 -0.212544 0.156581
vn 0.964525 -0.212544 0.156581
vn 0.964525 -0.212544 0.156581
vn 0.9625 -0.219108 0.159954
vn 0.9625 -0.219108 0.159954
vn 0.9625 -0.219108 0.159954
vn 0.930704 -0.1982 -0.307421
vn 0.930704 -0.1982 -0.307421
vn 0.930704 -0.1982 -0.307421
vn 0.930573 -0.205062 -0.30329
vn 0.930573 -0.205062 -0.30329
vn 0.930573 -0.205062 -0.30329
vn 0.773398 -0.19752 -0.602364
vn 0.773398 -0.19752 -0.602364
vn 0.773398 -0.19752 -0.602364
vn 0.77268 -0.193771 -0.604498
vn 0.77268 -0.193771 -0.604498
vn 0.77268 -0.193771 -0.604498
vn 0.480408 -0.2057 -0.852582
vn 0.480408 -0.2057 -0.852582
vn 0.480408 -0.2057 -0.852582
vn 0.4775 -0.197835 -0.85607
vn 0.4775 -0.197835 -0.85607
vn 0.4775 -0.197835 -0.85607
vn 0 -0.207543 -0.978226
vn 0 -0.207543 -0.978226
vn 0 -0.207543 -0.978226
vn 0 -0.207543 -0.978226
vn 0 -0.207543 -0.978226
vn 0 -0.207543 -0.978226
vn -0.481187 -0.197997 -0.853965
vn -0.481187 -0.197997 -0.853965
vn -0.481187 -0.197997 -0.853965
vn -0.476687 -0.205938 -0.854611
vn -0.476687 -0.205938 -0.854611
vn -0.476687 -0.205938 -0.854611
vn -0.773973 -0.193869 -0.602811
vn -0.773973 -0.193869 -0.602811
vn -0.773973 -0.193869 -0.602811
vn -0.772078 -0.197605 -0.604027
vn -0.772078 -0.197605 -0.604027
vn -0.772078 -0.197605 -0.604027
vn -0.929413 -0.204807 -0.306995
vn -0.929413 -0.204807 -0.306995
vn -0.929413 -0.204807 -0.306995
vn -0.931931 -0.198119 -0.303732
vn -0.931931 -0.198119 -0.303732
vn -0.931931 -0.198119 -0.303732
vn -0.80131 -0.583241 0.133167
vn -0.80131 -0.583241 0.133167
vn -0.80131 -0.583241 0.133167
vn -0.807391 -0.572364 0.143245
vn -0.807391 -0.572364 0.143245
vn -0.807391 -0.572364 0.143245
vn -0.604252 -0.570802 0.555936
vn -0.604252 -0.570802 0.555936
vn -0.604252 -0.570802 0.555936
vn -0.604166 -0.577042 0.549552
vn -0.604166 -0.577042 0.549552
vn -0.604166 -0.577042 0.549552
vn -0.281254 -0.533978 0.797348
vn -0.281254 -0.533978 0.797348
vn -0.281254 -0.533978 0.797348
vn -0.287944 -0.549204 0.784515
vn -0.287944 -0.549204 0.784515
vn -0.287944 -0.549204 0.784515
vn 0 -0.524927 0.851147
vn 0 -0.524927 0.851147
vn 0 -0.524927 0.851147
vn 0 -0.524927 0.851147
vn 0 -0.524927 0.851147
vn 0 -0.524927 0.851147
vn 0.278388 -0.54738 0.789224
vn 0.278388 -0.54738 0.789224
vn 0.278388 -0.54738 0.789224
vn 0.291437 -0.533461 0.794031
vn 0.291437 -0.533461 0.794031
vn 0.291437 -0.533461 0.794031
vn 0.601406 -0.576325 0.553318
vn 0.601406 -0.576325 0.553318
vn 0.601406 -0.576325 0.553318
vn 0.607542 -0.570527 0.552622
vn 0.607542 -0.570527 0.552622
vn 0.607542 -0.570527 0.552622
vn 0.808409 -0.573085 0.134346
vn 0.808409 -0.573085 0.134346
vn 0.808409 -0.573085 0.134346
vn 0.799038 -0.584331 0.141763
vn 0.799038 -0.584331 0.141763
vn 0.799038 -0.584331 0.141763
vn 0.795431 -0.547797 -0.259245
vn 0.795431 -0.547797 -0.259245
vn 0.795431 -0.547797 -0.259245
vn 0.790403 -0.560321 -0.247596
vn 0.790403 -0.560321 -0.247596
vn 0.790403 -0.560321 -0.247596
vn 0.660237 -0.545239 -0.516529
vn 0.660237 -0.545239 -0.516529
vn 0.660237 -0.545239 -0.516529
vn 0.660465 -0.538367 -0.523399
vn 0.660465 -0.538367 -0.523399
vn 0.660465 -0.538367 -0.523399
vn 0.404007 -0.558709 -0.724309
vn 0.404007 -0.558709 -0.724309
vn 0.404007 -0.558709 -0.724309
vn 0.399265 -0.544712 -0.73748
vn 0.399265 -0.544712 -0.73748
vn 0.399265 -0.544712 -0.73748
vn 0 -0.561825 -0.827256
vn 0 -0.561825 -0.827256
vn 0 -0.561825 -0.827256
vn 0 -0.561825 -0.827256
vn 0 -0.561825 -0.827256
vn 0 -0.561825 -0.827256
vn -0.408204 -0.545701 -0.731833
vn -0.408204 -0.545701 -0.731833
vn -0.408204 -0.545701 -0.731833
vn -0.394437 -0.560015 -0.728562
vn -0.394437 -0.560015 -0.728562
vn -0.394437 -0.560015 -0.728562
vn -0.663427 -0.53896 -0.519025
vn -0.663427 -0.53896 -0.519025
vn -0.663427 -0.53896 -0.519025
vn -0.656747 -0.545722 -0.520453
vn -0.656747 -0.545722 -0.520453
vn -0.656747 -0.545722 -0.520453
vn -0.788412 -0.558909 -0.256957
vn -0.788412 -0.558909 -0.256957
vn -0.788412 -0.558909 -0.256957
vn -0.798675 -0.547289 -0.250187
vn -0.798675 -0.547289 -0.250187
vn -0.798675 -0.547289 -0.250187
vn -0.573209 -0.813074 0.101697
vn -0.573209 -0.813074 0.101697
vn -0.573209 -0.813074 0.101697
vn -0.579888 -0.806801 0.113149
vn -0.579888 -0.806801 0.113149
vn -0.579888 -0.806801 0.113149
vn -0.439046 -0.804831 0.399358
vn -0.439046 -0.804831 0.399358
vn -0.439046 -0.804831 0.399358
vn -0.438752 -0.808608 0.391981
vn -0.438752 -0.808608 0.391981
vn -0.438752 -0.808608 0.391981
vn -0.215166 -0.78105 0.586229
vn -0.215166 -0.78105 0.586229
vn -0.215166 -0.78105 0.586229
vn -0.222206 -0.790791 0.570328
vn -0.222206 -0.790791 0.570328
vn -0.222206 -0.790791 0.570328
vn 0 -0.774165 0.632984
vn 0 -0.774165 0.632984
vn 0 -0.774165 0.632984
vn 0 -0.774165 0.632984
vn 0 -0.774165 0.632984
vn 0 -0.774165 0.632984
vn 0.21183 -0.788693 0.57714
vn 0.21183 -0.788693 0.57714
vn 0.21183 -0.788693 0.57714
vn 0.227038 -0.780307 0.582731
vn 0.227038 -0.780307 0.582731
vn 0.227038 -0.780307 0.582731
vn 0.436044 -0.807807 0.396628
vn 0.436044 -0.807807 0.396628
vn 0.436044 -0.807807 0.396628
vn 0.442939 -0.804493 0.395722
vn 0.442939 -0.804493 0.395722
vn 0.442939 -0.804493 0.395722
vn 0.580532 -0.807697 0.102996
vn 0.580532 -0.807697 0.102996
vn 0.580532 -0.807697 0.102996
vn 0.569804 -0.814225 0.111181
vn 0.569804 -0.814225 0.111181
vn 0.569804 -0.814225 0.111181
vn 0.581747 -0.792692 -0.182234
vn 0.581747 -0.792692 -0.182234
vn 0.581747 -0.792692 -0.182234
vn 0.575242 -0.800336 -0.168993
vn 0.575242 -0.800336 -0.168993
vn 0.575242 -0.800336 -0.168993
vn 0.481246 -0.789276 -0.381374
vn 0.481246 -0.789276 -0.381374
vn 0.481246 -0.789276 -0.381374
vn 0.481775 -0.785013 -0.389419
vn 0.481775 -0.785013 -0.389419
vn 0.481775 -0.785013 -0.389419
vn 0.288319 -0.795776 -0.532553
vn 0.288319 -0.795776 -0.532553
vn 0.288319 -0.795776 -0.532553
vn 0.282896 -0.787186 -0.548004
vn 0.282896 -0.787186 -0.548004
vn 0.282896 -0.787186 -0.548004
vn 0 -0.797147 -0.603785
vn 0 -0.797147 -0.603785
vn 0 -0.797147 -0.603785
vn 0 -0.797147 -0.603785
vn 0 -0.797147 -0.603785
vn 0 -0.797147 -0.603785
vn -0.292821 -0.788491 -0.540868
vn -0.292821 -0.788491 -0.540868
vn -0.292821 -0.788491 -0.540868
vn -0.276918 -0.797223 -0.536424
vn -0.276918 -0.797223 -0.536424
vn -0.276918 -0.797223 -0.536424
vn -0.48477 -0.785757 -0.384166
vn -0.48477 -0.785757 -0.384166
vn -0.48477 -0.785757 -0.384166
vn -0.47699 -0.789831 -0.38555
vn -0.47699 -0.789831 -0.38555
vn -0.47699 -0.789831 -0.38555
vn -0.57412 -0.798775 -0.179845
vn -0.57412 -0.798775 -0.179845
vn -0.57412 -0.798775 -0.179845
vn -0.585757 -0.792008 -0.172082
vn -0.585757 -0.792008 -0.172082
vn -0.585757 -0.792008 -0.172082
vn -0.340027 -0.938072 0.066347
vn -0.340027 -0.938072 0.066347
vn -0.340027 -0.938072 0.066347
vn -0.342925 -0.936389 0.074692
vn -0.342925 -0.936389 0.074692
vn -0.342925 -0.936389 0.074692
vn -0.264292 -0.935093 0.236118
vn -0.264292 -0.935093 0.236118
vn -0.264292 -0.935093 0.236118
vn -0.264837 -0.936162 0.23122
vn -0.264837 -0.936162 0.23122
vn -0.264837 -0.936162 0.23122
vn -0.135594 -0.927628 0.348023
vn -0.135594 -0.927628 0.348023
vn -0.135594 -0.927628 0.348023
vn -0.141566 -0.930371 0.338186
vn -0.141566 -0.930371 0.338186
vn -0.141566 -0.930371 0.338186
vn 0 -0.925004 0.379957
vn 0 -0.925004 0.379957
vn 0 -0.925004 0.379957
vn 0 -0.925004 0.379957
vn 0 -0.925004 0.379957
vn 0 -0.925004 0.379957
vn 0.134051 -0.929328 0.344064
vn 0.134051 -0.929328 0.344064
vn 0.134051 -0.929328 0.344064
vn 0.144677 -0.927156 0.345617
vn 0.144677 -0.927156 0.345617
vn 0.144677 -0.927156 0.345617
vn 0.26299 -0.935753 0.234955
vn 0.26299 -0.935753 0.234955
vn 0.26299 -0.935753 0.234955
vn 0.267354 -0.9349 0.233418
vn 0.267354 -0.9349 0.233418
vn 0.267354 -0.9349 0.233418
vn 0.343114 -0.936905 0.066949
vn 0.343114 -0.936905 0.066949
vn 0.343114 -0.936905 0.066949
vn 0.337053 -0.938619 0.073413
vn 0.337053 -0.938619 0.073413
vn 0.337053 -0.938619 0.073413
vn 0.345386 -0.932959 -0.101466
vn 0.345386 -0.932959 -0.101466
vn 0.345386 -0.932959 -0.101466
vn 0.342417 -0.935 -0.092336
vn 0.342417 -0.935 -0.092336
vn 0.342417 -0.935 -0.092336
vn 0.28422 -0.930828 -0.229734
vn 0.28422 -0.930828 -0.229734
vn 0.28422 -0.930828 -0.229734
vn 0.283714 -0.929665 -0.235008
vn 0.283714 -0.929665 -0.235008
vn 0.283714 -0.929665 -0.235008
vn 0.167035 -0.931345 -0.323568
vn 0.167035 -0.931345 -0.323568
vn 0.167035 -0.931345 -0.323568
vn 0.161597 -0.928945 -0.333088
vn 0.161597 -0.928945 -0.333088
vn 0.161597 -0.928945 -0.333088
vn 0 -0.931312 -0.364222
vn 0 -0.931312 -0.364222
vn 0 -0.931312 -0.364222
vn 0 -0.931312 -0.364222
vn 0 -0.931312 -0.364222
vn 0 -0.931312 -0.364222
vn -0.168931 -0.929718 -0.327241
vn -0.168931 -0.929718 -0.327241
vn -0.168931 -0.929718 -0.327241
vn -0.158159 -0.932045 -0.326003
vn -0.158159 -0.932045 -0.326003
vn -0.158159 -0.932045 -0.326003
vn -0.285718 -0.93007 -0.230945
vn -0.285718 -0.93007 -0.230945
vn -0.285718 -0.93007 -0.230945
vn -0.280911 -0.9311 -0.232686
vn -0.280911 -0.9311 -0.232686
vn -0.280911 -0.9311 -0.232686
vn -0.342144 -0.934256 -0.100514
vn -0.342144 -0.934256 -0.100514
vn -0.342144 -0.934256 -0.100514
vn -0.348586 -0.932551 -0.093999
vn -0.348586 -0.932551 -0.093999
vn -0.348586 -0.932551 -0.093999
vn -0.113074 -0.993281 0.024628
vn -0.113074 -0.993281 0.024628
vn -0.113074 -0.993281 0.024628
vn -0.089054 -0.992988 0.07775
vn -0.089054 -0.992988 0.07775
vn -0.089054 -0.992988 0.07775
vn -0.047359 -0.99245 0.113135
vn -0.047359 -0.99245 0.113135
vn -0.047359 -0.99245 0.113135
vn 0 -0.992203 0.124634
vn 0 -0.992203 0.124634
vn 0 -0.992203 0.124634
vn 0.047359 -0.99245 0.113135
vn 0.047359 -0.99245 0.113135
vn 0.047359 -0.99245 0.113135
vn 0.089054 -0.992988 0.07775
vn 0.089054 -0.992988 0.07775
vn 0.089054 -0.992988 0.07775
vn 0.113074 -0.993281 0.024628
vn 0.113074 -0.993281 0.024628
vn 0.113074 -0.993281 0.024628
vn 0.113056 -0.993121 -0.030486
vn 0.113056 -0.993121 -0.030486
vn 0.113056 -0.993121 -0.030486
vn 0.092271 -0.992796 -0.076431
vn 0.092271 -0.992796 -0.076431
vn 0.092271 -0.992796 -0.076431
vn 0.05319 -0.992548 -0.109636
vn 0.05319 -0.992548 -0.109636
vn 0.05319 -0.992548 -0.109636
vn 0 -0.992459 -0.122575
vn 0 -0.992459 -0.122575
vn 0 -0.992459 -0.122575
vn -0.05319 -0.992548 -0.109636
vn -0.05319 -0.992548 -0.109636
vn -0.05319 -0.992548 -0.109636
vn -0.092271 -0.992796 -0.076431
vn -0.092271 -0.992796 -0.076431
vn -0.092271 -0.992796 -0.076431
vn -0.113056 -0.993121 -0.030486
vn -0.113056 -0.993121 -0.030486
vn -0.113056 -0.993121 -0.030486
f 757//757 759//759 758//758
f 760//760 762//762 761//761
f 763//763 765//765 764//764
f 766//766 768//768 767//767
f 769//769 771//771 770//770
f 772//772 774//774 773//773
f 775//775 777//777 776//776
f 778//778 780//780 779//779
f 781//781 783//783 782//782
f 784//784 786//786 785//785
f 787//787 789//789 788//788
f 790//790 792//792 791//791
f 793//793 795//795 794//794
f 796//796 798//798 797//797
f 799//799 801//801 800//800
f 802//802 804//804 803//803
f 805//805 807//807 806//806
f 808//808 810//810 809//809
f 811//811 813//813 812//812
f 814//814 816//816 815//815
f 817//817 819//819 818//818
f 820//820 822//822 821//821
f 823//823 825//825 824//824
f 826//826 828//828 827//827
f 829//829 831//831 830//830
f 832//832 834//834 833//833
f 835//835 837//837 836//836
f 838//838 840//840 839//839
f 841//841 843//843 842//842
f 844//844 846//846 845//845
f 847//847 849//849 848//848
f 850//850 852//852 851//851
f 853//853 855//855 854//854
f 856//856 858//858 857//857
f 859//859 861//861 860//860
f 862//862 864//864 863//863
f 865//865 867//867 866//866
f 868//868 870//870 869//869
f 871//871 873//873 872//872
f 874//874 876//876 875//875
f 877//877 879//879 878//878
f 880//880 882//882 881//881
f 883//883 885//885 884//884
f 886//886 888//888 887//887
f 889//889 891//891 890//890
f 892//892 894//894 893//893
f 895//895 897//897 896//896
f 898//898 900//900 899//899
f 901//901 903//903 902//902
f 904//904 906//906 905//905
f 907//907 909//909 908//908
f 910//910 912//912 911//911
f 913//913 915//915 914//914
f 916//916 918//918 917//917
f 919//919 921//921 920//920
f 922//922 924//924 923//923
f 925//925 927//927 926//926
f 928//928 930//930 929//929
f 931//931 933//933 932//932
f 934//934 936//936 935//935
f 937//937 939//939 938//938
f 940//940 942//942 941//941
f 943//943 945//945 944//944
f 946//946 948//948 947//947
f 949//949 951//951 950//950
f 952//952 954//954 953//953
f 955//955 957//957 956//956
f 958//958 960//960 959//959
f 961//961 963//963 962//962
f 964//964 966//966 965//965
f 967//967 969//969 968//968
f 970//970 972//972 971//971
f 973//973 975//975 974//974
f 976//976 978//978 977//977
f 979//979 981//981 980//980
f 982//982 984//984 983//983
f 985//985 987//987 986//986
f 988//988 990//990 989//989
f 991//991 993//993 992//992
f 994//994 996//996 995//995
f 997//997 999//999 998//998
f 1000//1000 1002//1002 1001//1001
f 1003//1003 1005//1005 1004//1004
f 1006//1006 1008//1008 1007//1007
f 1009//1009 1011//1011 1010//1010
f 1012//1012 1014//1014 1013//1013
f 1015//1015 1017//1017 1016//1016
f 1018//1018 1020//1020 1019//1019
f 1021//1021 1023//1023 1022//1022
f 1024//1024 1026//1026 1025//1025
f 1027//1027 1029//1029 1028//1028
f 1030//1030 1032//1032 1031//1031
f 1033//1033 1035//1035 1034//1034
f 1036//1036 1038//1038 1037//1037
f 1039//1039 1041//1041 1040//1040
f 1042//1042 1044//1044 1043//1043
f 1045//1045 1047//1047 1046//1046
f 1048//1048 1050//1050 1049//1049
f 1051//1051 1053//1053 1052//1052
f 1054//1054 1056//1056 1055//1055
f 1057//1057 1059//1059 1058//1058
f 1060//1060 1062//1062 1061//1061
f 1063//1063 1065//1065 1064//1064
f 1066//1066 1068//1068 1067//1067
f 1069//1069 1071//1071 1070//1070
f 1072//1072 1074//1074 1073//1073
f 1075//1075 1077//1077 1076//1076
f 1078//1078 1080//1080 1079//1079
f 1081//1081 1083//1083 1082//1082
f 1084//1084 1086//1086 1085//1085
f 1087//1087 1089//1089 1088//1088
f 1090//1090 1092//1092 1091//1091
f 1093//1093 1095//1095 1094//1094
f 1096//1096 1098//1098 1097//1097
f 1099//1099 1101//1101 1100//1100
f 1102//1102 1104//1104 1103//1103
f 1105//1105 1107//1107 1106//1106
f 1108//1108 1110//1110 1109//1109
f 1111//1111 1113//1113 1112//1112
f 1114//1114 1116//1116 1115//1115
f 1117//1117 1119//1119 1118//1118
f 1120//1120 1122//1122 1121//1121
f 1123//1123 1125//1125 1124//1124
f 1126//1126 1128//1128 1127//1127
f 1129//1129 1131//1131 1130//1130
f 1132//1132 1134//1134 1133//1133
f 1135//1135 1137//1137 1136//1136
f 1138//1138 1140//1140 1139//1139
f 1141//1141 1143//1143 1142//1142
f 1144//1144 1146//1146 1145//1145
f 1147//1147 1149//1149 1148//1148
f 1150//1150 1152//1152 1151//1151
f 1153//1153 1155//1155 1154//1154
f 1156//1156 1158//1158 1157//1157
f 1159//1159 1161//1161 1160//1160
f 1162//1162 1164//1164 1163//1163
f 1165//1165 1167//1167 1166//1166
f 1168//1168 1170//1170 1169//1169
f 1171//1171 1173//1173 1172//1172
f 1174//1174 1176//1176 1175//1175
f 1177//1177 1179//1179 1178//1178
f 1180//1180 1182//1182 1181//1181
f 1183//1183 1185//1185 1184//1184
f 1186//1186 1188//1188 1187//1187
f 1189//1189 1191//1191 1190//1190
f 1192//1192 1194//1194 1193//1193
f 1195//1195 1197//1197 1196//1196
f 1198//1198 1200//1200 1199//1199
f 1201//1201 1203//1203 1202//1202
f 1204//1204 1206//1206 1205//1205
f 1207//1207 1209//1209 1208//1208
f 1210//1210 1212//1212 1211//1211
f 1213//1213 1215//1215 1214//1214
f 1216//1216 1218//1218 1217//1217
f 1219//1219 1221//1221 1220//1220
f 1222//1222 1224//1224 1223//1223
f 1225//1225 1227//1227 1226//1226
f 1228//1228 1230//1230 1229//1229
f 1231//1231 1233//1233 1232//1232
f 1234//1234 1236//1236 1235//1235
f 1237//1237 1239//1239 1238//1238
f 1240//1240 1242//1242 1241//1241
f 1243//1243 1245//1245 1244//1244
f 1246//1246 1248//1248 1247//1247
f 1249//1249 1251//1251 1250//1250
f 1252//1252 1254//1254 1253//1253
f 1255//1255 1257//1257 1256//1256
f 1258//1258 1260//1260 1259//1259
f 1261//1261 1263//1263 1262//1262
f 1264//1264 1266//1266 1265//1265
f 1267//1267 1269//1269 1268//1268
f 1270//1270 1272//1272 1271//1271
f 1273//1273 1275//1275 1274//1274
f 1276//1276 1278//1278 1277//1277
f 1279//1279 1281//1281 1280//1280
f 1282//1282 1284//1284 1283//1283
f 1285//1285 1287//1287 1286//1286
f 1288//1288 1290//1290 1289//1289
f 1291//1291 1293//1293 1292//1292
f 1294//1294 1296//1296 1295//1295
f 1297//1297 1299//1299 1298//1298
f 1300//1300 1302//1302 1301//1301
f 1303//1303 1305//1305 1304//1304
f 1306//1306 1308//1308 1307//1307
f 1309//1309 1311//1311 1310//1310
f 1312//1312 1314//1314 1313//1313
f 1315//1315 1317//1317 1316//1316
f 1318//1318 1320//1320 1319//1319
f 1321//1321 1323//1323 1322//1322
f 1324//1324 1326//1326 1325//1325
f 1327//1327 1329//1329 1328//1328
f 1330//1330 1332//1332 1331//1331
f 1333//1333 1335//1335 1334//1334
f 1336//1336 1338//1338 1337//1337
f 1339//1339 1341//1341 1340//1340
f 1342//1342 1344//1344 1343//1343
f 1345//1345 1347//1347 1346//1346
f 1348//1348 1350//1350 1349//1349
f 1351//1351 1353//1353 1352//1352
f 1354//1354 1356//1356 1355//1355
f 1357//1357 1359//1359 1358//1358
f 1360//1360 1362//1362 1361//1361
f 1363//1363 1365//1365 1364//1364
f 1366//1366 1368//1368 1367//1367
f 1369//1369 1371//1371 1370//1370
f 1372//1372 1374//1374 1373//1373
f 1375//1375 1377//1377 1376//1376
f 1378//1378 1380//1380 1379//1379
f 1381//1381 1383//1383 1382//1382
f 1384//1384 1386//1386 1385//1385
f 1387//1387 1389//1389 1388//1388
f 1390//1390 1392//1392 1391//1391
f 1393//1393 1395//1395 1394//1394
f 1396//1396 1398//1398 1397//1397
f 1399//1399 1401//1401 1400//1400
f 1402//1402 1404//1404 1403//1403
f 1405//1405 1407//1407 1406//1406
f 1408//1408 1410//1410 1409//1409
f 1411//1411 1413//1413 1412//1412
f 1414//1414 1416//1416 1415//1415
f 1417//1417 1419//1419 1418//1418
f 1420//1420 1422//1422 1421//1421
f 1423//1423 1425//1425 1424//1424
f 1426//1426 1428//1428 1427//1427
f 1429//1429 1431//1431 1430//1430
f 1432//1432 1434//1434 1433//1433
f 1435//1435 1437//1437 1436//1436
f 1438//1438 1440//1440 1439//1439
f 1441//1441 1443//1443 1442//1442
f 1444//1444 1446//1446 1445//1445
f 1447//1447 1449//1449 1448//1448
f 1450//1450 1452//1452 1451//1451
f 1453//1453 1455//1455 1454//1454
f 1456//1456 1458//1458 1457//1457
f 1459//1459 1461//1461 1460//1460
f 1462//1462 1464//1464 1463//1463
f 1465//1465 1467//1467 1466//1466
f 1468//1468 1470//1470 1469//1469
f 1471//1471 1473//1473 1472//1472
f 1474//1474 1476//1476 1475//1475
f 1477//1477 1479//1479 1478//1478
f 1480//1480 1482//1482 1481//1481
f 1483//1483 1485//1485 1484//1484
f 1486//1486 1488//1488 1487//1487
f 1489//1489 1491//1491 1490//1490
f 1492//1492 1494//1494 1493//1493
f 1495//1495 1497//1497 1496//1496
f 1498//1498 1500//1500 1499//1499
f 1501//1501 1503//1503 1502//1502
f 1504//1504 1506//1506 1505//1505
f 1507//1507 1509//1509 1508//1508
f 1510//1510 1512//1512 1511//1511
o Moss
usemtl MintLight
v 0.08 0.6 -0.04
v -0.004405 0.595106 -0.000708
v -0.012705 0.595106 -0.04
v 0.08 0.6 -0.04
v 0.021928 0.595106 0.030393
v -0.004405 0.595106 -0.000708
v 0.08 0.6 -0.04
v 0.059546 0.595106 0.046629
v 0.021928 0.595106 0.030393
v 0.08 0.6 -0.04
v 0.100454 0.595106 0.046629
v 0.059546 0.595106 0.046629
v 0.08 0.6 -0.04
v 0.138072 0.595106 0.030393
v 0.100454 0.595106 0.046629
v 0.08 0.6 -0.04
v 0.164405 0.595106 -0.000708
v 0.138072 0.595106 0.030393
v 0.08 0.6 -0.04
v 0.172705 0.595106 -0.04
v 0.164405 0.595106 -0.000708
v 0.08 0.6 -0.04
v 0.162644 0.595106 -0.078472
v 0.172705 0.595106 -0.04
v 0.08 0.6 -0.04
v 0.137529 0.595106 -0.109735
v 0.162644 0.595106 -0.078472
v 0.08 0.6 -0.04
v 0.100803 0.595106 -0.128107
v 0.137529 0.595106 -0.109735
v 0.08 0.6 -0.04
v 0.059197 0.595106 -0.128107
v 0.100803 0.595106 -0.128107
v 0.08 0.6 -0.04
v 0.02247 0.595106 -0.109735
v 0.059197 0.595106 -0.128107
v 0.08 0.6 -0.04
v -0.002644 0.595106 -0.078472
v 0.02247 0.595106 -0.109735
v 0.08 0.6 -0.04
v -0.012705 0.595106 -0.04
v -0.002644 0.595106 -0.078472
v -0.012705 0.595106 -0.04
v -0.004405 0.595106 -0.000708
v -0.082059 0.580902 0.035442
v -0.012705 0.595106 -0.04
v -0.082059 0.580902 0.035442
v -0.096336 0.580902 -0.04
v -0.004405 0.595106 -0.000708
v 0.021928 0.595106 0.030393
v -0.030925 0.580902 0.094459
v -0.004405 0.595106 -0.000708
v -0.030925 0.580902 0.094459
v -0.082059 0.580902 0.035442
v 0.021928 0.595106 0.030393
v 0.059546 0.595106 0.046629
v 0.041393 0.580902 0.123511
v 0.021928 0.595106 0.030393
v 0.041393 0.580902 0.123511
v -0.030925 0.580902 0.094459
v 0.059546 0.595106 0.046629
v 0.100454 0.595106 0.046629
v 0.118607 0.580902 0.123511
v 0.059546 0.595106 0.046629
v 0.118607 0.580902 0.123511
v 0.041393 0.580902 0.123511
v 0.100454 0.595106 0.046629
v 0.138072 0.595106 0.030393
v 0.190925 0.580902 0.094459
v 0.100454 0.595106 0.046629
v 0.190925 0.580902 0.094459
v 0.118607 0.580902 0.123511
v 0.138072 0.595106 0.030393
v 0.164405 0.595106 -0.000708
v 0.242059 0.580902 0.035442
v 0.138072 0.595106 0.030393
v 0.242059 0.580902 0.035442
v 0.190925 0.580902 0.094459
v 0.164405 0.595106 -0.000708
v 0.172705 0.595106 -0.04
v 0.256336 0.580902 -0.04
v 0.164405 0.595106 -0.000708
v 0.256336 0.580902 -0.04
v 0.242059 0.580902 0.035442
v 0.172705 0.595106 -0.04
v 0.162644 0.595106 -0.078472
v 0.235686 0.580902 -0.112475
v 0.172705 0.595106 -0.04
v 0.235686 0.580902 -0.112475
v 0.256336 0.580902 -0.04
v 0.162644 0.595106 -0.078472
v 0.137529 0.595106 -0.109735
v 0.188962 0.580902 -0.17208
v 0.162644 0.595106 -0.078472
v 0.188962 0.580902 -0.17208
v 0.235686 0.580902 -0.112475
v 0.137529 0.595106 -0.109735
v 0.100803 0.595106 -0.128107
v 0.119869 0.580902 -0.208857
v 0.137529 0.595106 -0.109735
v 0.119869 0.580902 -0.208857
v 0.188962 0.580902 -0.17208
v 0.100803 0.595106 -0.128107
v 0.059197 0.595106 -0.128107
v 0.04013 0.580902 -0.208857
v 0.100803 0.595106 -0.128107
v 0.04013 0.580902 -0.208857
v 0.119869 0.580902 -0.208857
v 0.059197 0.595106 -0.128107
v 0.02247 0.595106 -0.109735
v -0.028962 0.580902 -0.17208
v 0.059197 0.595106 -0.128107
v -0.028962 0.580902 -0.17208
v 0.04013 0.580902 -0.208857
v 0.02247 0.595106 -0.109735
v -0.002644 0.595106 -0.078472
v -0.075686 0.580902 -0.112475
v 0.02247 0.595106 -0.109735
v -0.075686 0.580902 -0.112475
v -0.028962 0.580902 -0.17208
v -0.002644 0.595106 -0.078472
v -0.012705 0.595106 -0.04
v -0.096336 0.580902 -0.04
v -0.002644 0.595106 -0.078472
v -0.096336 0.580902 -0.04
v -0.075686 0.580902 -0.112475
v -0.096336 0.580902 -0.04
v -0.082059 0.580902 0.035442
v -0.144706 0.558779 0.064606
v -0.096336 0.580902 -0.04
v -0.144706 0.558779 0.064606
v -0.162705 0.558779 -0.04
v -0.082059 0.580902 0.035442
v -0.030925 0.580902 0.094459
v -0.073183 0.558779 0.145683
v -0.082059 0.580902 0.035442
v -0.073183 0.558779 0.145683
v -0.144706 0.558779 0.064606
v -0.030925 0.580902 0.094459
v 0.041393 0.580902 0.123511
v 0.027189 0.558779 0.183669
v -0.030925 0.580902 0.094459
v 0.027189 0.558779 0.183669
v -0.073183 0.558779 0.145683
v 0.041393 0.580902 0.123511
v 0.118607 0.580902 0.123511
v 0.132811 0.558779 0.183669
v 0.041393 0.580902 0.123511
v 0.132811 0.558779 0.183669
v 0.027189 0.558779 0.183669
v 0.118607 0.580902 0.123511
v 0.190925 0.580902 0.094459
v 0.233183 0.558779 0.145683
v 0.118607 0.580902 0.123511
v 0.233183 0.558779 0.145683
v 0.132811 0.558779 0.183669
v 0.190925 0.580902 0.094459
v 0.242059 0.580902 0.035442
v 0.304706 0.558779 0.064606
v 0.190925 0.580902 0.094459
v 0.304706 0.558779 0.064606
v 0.233183 0.558779 0.145683
v 0.242059 0.580902 0.035442
v 0.256336 0.580902 -0.04
v 0.322705 0.558779 -0.04
v 0.242059 0.580902 0.035442
v 0.322705 0.558779 -0.04
v 0.304706 0.558779 0.064606
v 0.256336 0.580902 -0.04
v 0.235686 0.580902 -0.112475
v 0.292633 0.558779 -0.138985
v 0.256336 0.580902 -0.04
v 0.292633 0.558779 -0.138985
v 0.322705 0.558779 -0.04
v 0.235686 0.580902 -0.112475
v 0.188962 0.580902 -0.17208
v 0.229465 0.558779 -0.221176
v 0.235686 0.580902 -0.112475
v 0.229465 0.558779 -0.221176
v 0.292633 0.558779 -0.138985
v 0.188962 0.580902 -0.17208
v 0.119869 0.580902 -0.208857
v 0.135203 0.558779 -0.273796
v 0.188962 0.580902 -0.17208
v 0.135203 0.558779 -0.273796
v 0.229465 0.558779 -0.221176
v 0.119869 0.580902 -0.208857
v 0.04013 0.580902 -0.208857
v 0.024797 0.558779 -0.273796
v 0.119869 0.580902 -0.208857
v 0.024797 0.558779 -0.273796
v 0.135203 0.558779 -0.273796
v 0.04013 0.580902 -0.208857
v -0.028962 0.580902 -0.17208
v -0.069465 0.558779 -0.221176
v 0.04013 0.580902 -0.208857
v -0.069465 0.558779 -0.221176
v 0.024797 0.558779 -0.273796
v -0.028962 0.580902 -0.17208
v -0.075686 0.580902 -0.112475
v -0.132633 0.558779 -0.138985
v -0.028962 0.580902 -0.17208
v -0.132633 0.558779 -0.138985
v -0.069465 0.558779 -0.221176
v -0.075686 0.580902 -0.112475
v -0.096336 0.580902 -0.04
v -0.162705 0.558779 -0.04
v -0.075686 0.580902 -0.112475
v -0.162705 0.558779 -0.04
v -0.132633 0.558779 -0.138985
v -0.162705 0.558779 -0.04
v -0.144706 0.558779 0.064606
v -0.185404 0.530902 0.083551
v -0.162705 0.558779 -0.04
v -0.185404 0.530902 0.083551
v -0.205317 0.530902 -0.04
v -0.144706 0.558779 0.064606
v -0.073183 0.558779 0.145683
v -0.100462 0.530902 0.178749
v -0.144706 0.558779 0.064606
v -0.100462 0.530902 0.178749
v -0.185404 0.530902 0.083551
v -0.073183 0.558779 0.145683
v 0.027189 0.558779 0.183669
v 0.018163 0.530902 0.221894
v -0.073183 0.558779 0.145683
v 0.018163 0.530902 0.221894
v -0.100462 0.530902 0.178749
v 0.027189 0.558779 0.183669
v 0.132811 0.558779 0.183669
v 0.141837 0.530902 0.221894
v 0.027189 0.558779 0.183669
v 0.141837 0.530902 0.221894
v 0.018163 0.530902 0.221894
v 0.132811 0.558779 0.183669
v 0.233183 0.558779 0.145683
v 0.260461 0.530902 0.178749
v 0.132811 0.558779 0.183669
v 0.260461 0.530902 0.178749
v 0.141837 0.530902 0.221894
v 0.233183 0.558779 0.145683
v 0.304706 0.558779 0.064606
v 0.345404 0.530902 0.083551
v 0.233183 0.558779 0.145683
v 0.345404 0.530902 0.083551
v 0.260461 0.530902 0.178749
v 0.304706 0.558779 0.064606
v 0.322705 0.558779 -0.04
v 0.365317 0.530902 -0.04
v 0.304706 0.558779 0.064606
v 0.365317 0.530902 -0.04
v 0.345404 0.530902 0.083551
v 0.322705 0.558779 -0.04
v 0.292633 0.558779 -0.138985
v 0.328719 0.530902 -0.155784
v 0.322705 0.558779 -0.04
v 0.328719 0.530902 -0.155784
v 0.365317 0.530902 -0.04
v 0.292633 0.558779 -0.138985
v 0.229465 0.558779 -0.221176
v 0.255323 0.530902 -0.25252
v 0.292633 0.558779 -0.138985
v 0.255323 0.530902 -0.25252
v 0.328719 0.530902 -0.155784
v 0.229465 0.558779 -0.221176
v 0.135203 0.558779 -0.273796
v 0.145141 0.530902 -0.315889
v 0.229465 0.558779 -0.221176
v 0.145141 0.530902 -0.315889
v 0.255323 0.530902 -0.25252
v 0.135203 0.558779 -0.273796
v 0.024797 0.558779 -0.273796
v 0.014859 0.530902 -0.315889
v 0.135203 0.558779 -0.273796
v 0.014859 0.530902 -0.315889
v 0.145141 0.530902 -0.315889
v 0.024797 0.558779 -0.273796
v -0.069465 0.558779 -0.221176
v -0.095323 0.530902 -0.25252
v 0.024797 0.558779 -0.273796
v -0.095323 0.530902 -0.25252
v 0.014859 0.530902 -0.315889
v -0.069465 0.558779 -0.221176
v -0.132633 0.558779 -0.138985
v -0.16872 0.530902 -0.155784
v -0.069465 0.558779 -0.221176
v -0.16872 0.530902 -0.155784
v -0.095323 0.530902 -0.25252
v -0.132633 0.558779 -0.138985
v -0.162705 0.558779 -0.04
v -0.205317 0.530902 -0.04
v -0.132633 0.558779 -0.138985
v -0.205317 0.530902 -0.04
v -0.16872 0.530902 -0.155784
v -0.205317 0.530902 -0.04
v -0.185404 0.530902 0.083551
v -0.199514 0.5 0.09012
v -0.205317 0.530902 -0.04
v -0.199514 0.5 0.09012
v -0.22 0.5 -0.04
v -0.185404 0.530902 0.083551
v -0.100462 0.530902 0.178749
v -0.109888 0.5 0.190174
v -0.185404 0.530902 0.083551
v -0.109888 0.5 0.190174
v -0.199514 0.5 0.09012
v -0.100462 0.530902 0.178749
v 0.018163 0.530902 0.221894
v 0.01507 0.5 0.234993
v -0.100462 0.530902 0.178749
v 0.01507 0.5 0.234993
v -0.109888 0.5 0.190174
v 0.018163 0.530902 0.221894
v 0.141837 0.530902 0.221894
v 0.14493 0.5 0.234993
v 0.018163 0.530902 0.221894
v 0.14493 0.5 0.234993
v 0.01507 0.5 0.234993
v 0.141837 0.530902 0.221894
v 0.260461 0.530902 0.178749
v 0.269887 0.5 0.190174
v 0.141837 0.530902 0.221894
v 0.269887 0.5 0.190174
v 0.14493 0.5 0.234993
v 0.260461 0.530902 0.178749
v 0.345404 0.530902 0.083551
v 0.359514 0.5 0.09012
v 0.260461 0.530902 0.178749
v 0.359514 0.5 0.09012
v 0.269887 0.5 0.190174
v 0.345404 0.530902 0.083551
v 0.365317 0.530902 -0.04
v 0.38 0.5 -0.04
v 0.345404 0.530902 0.083551
v 0.38 0.5 -0.04
v 0.359514 0.5 0.09012
v 0.365317 0.530902 -0.04
v 0.328719 0.530902 -0.155784
v 0.341068 0.5 -0.161533
v 0.365317 0.530902 -0.04
v 0.341068 0.5 -0.161533
v 0.38 0.5 -0.04
v 0.328719 0.530902 -0.155784
v 0.255323 0.530902 -0.25252
v 0.264206 0.5 -0.263288
v 0.328719 0.530902 -0.155784
v 0.264206 0.5 -0.263288
v 0.341068 0.5 -0.161533
v 0.255323 0.530902 -0.25252
v 0.145141 0.530902 -0.315889
v 0.148583 0.5 -0.330466
v 0.255323 0.530902 -0.25252
v 0.148583 0.5 -0.330466
v 0.264206 0.5 -0.263288
v 0.145141 0.530902 -0.315889
v 0.014859 0.530902 -0.315889
v 0.011417 0.5 -0.330466
v 0.145141 0.530902 -0.315889
v 0.011417 0.5 -0.330466
v 0.148583 0.5 -0.330466
v 0.014859 0.530902 -0.315889
v -0.095323 0.530902 -0.25252
v -0.104207 0.5 -0.263288
v 0.014859 0.530902 -0.315889
v -0.104207 0.5 -0.263288
v 0.011417 0.5 -0.330466
v -0.095323 0.530902 -0.25252
v -0.16872 0.530902 -0.155784
v -0.181068 0.5 -0.161533
v -0.095323 0.530902 -0.25252
v -0.181068 0.5 -0.161533
v -0.104207 0.5 -0.263288
v -0.16872 0.530902 -0.155784
v -0.205317 0.530902 -0.04
v -0.22 0.5 -0.04
v -0.16872 0.530902 -0.155784
v -0.22 0.5 -0.04
v -0.181068 0.5 -0.161533
v -0.22 0.5 -0.04
v -0.199514 0.5 0.09012
v -0.185404 0.469098 0.083551
v -0.22 0.5 -0.04
v -0.185404 0.469098 0.083551
v -0.205317 0.469098 -0.04
v -0.199514 0.5 0.09012
v -0.109888 0.5 0.190174
v -0.100462 0.469098 0.178749
v -0.199514 0.5 0.09012
v -0.100462 0.469098 0.178749
v -0.185404 0.469098 0.083551
v -0.109888 0.5 0.190174
v 0.01507 0.5 0.234993
v 0.018163 0.469098 0.221894
v -0.109888 0.5 0.190174
v 0.018163 0.469098 0.221894
v -0.100462 0.469098 0.178749
v 0.01507 0.5 0.234993
v 0.14493 0.5 0.234993
v 0.141837 0.469098 0.221894
v 0.01507 0.5 0.234993
v 0.141837 0.469098 0.221894
v 0.018163 0.469098 0.221894
v 0.14493 0.5 0.234993
v 0.269887 0.5 0.190174
v 0.260461 0.469098 0.178749
v 0.14493 0.5 0.234993
v 0.260461 0.469098 0.178749
v 0.141837 0.469098 0.221894
v 0.269887 0.5 0.190174
v 0.359514 0.5 0.09012
v 0.345404 0.469098 0.083551
v 0.269887 0.5 0.190174
v 0.345404 0.469098 0.083551
v 0.260461 0.469098 0.178749
v 0.359514 0.5 0.09012
v 0.38 0.5 -0.04
v 0.365317 0.469098 -0.04
v 0.359514 0.5 0.09012
v 0.365317 0.469098 -0.04
v 0.345404 0.469098 0.083551
v 0.38 0.5 -0.04
v 0.341068 0.5 -0.161533
v 0.328719 0.469098 -0.155784
v 0.38 0.5 -0.04
v 0.328719 0.469098 -0.155784
v 0.365317 0.469098 -0.04
v 0.341068 0.5 -0.161533
v 0.264206 0.5 -0.263288
v 0.255323 0.469098 -0.25252
v 0.341068 0.5 -0.161533
v 0.255323 0.469098 -0.25252
v 0.328719 0.469098 -0.155784
v 0.264206 0.5 -0.263288
v 0.148583 0.5 -0.330466
v 0.145141 0.469098 -0.315889
v 0.264206 0.5 -0.263288
v 0.145141 0.469098 -0.315889
v 0.255323 0.469098 -0.25252
v 0.148583 0.5 -0.330466
v 0.011417 0.5 -0.330466
v 0.014859 0.469098 -0.315889
v 0.148583 0.5 -0.330466
v 0.014859 0.469098 -0.315889
v 0.145141 0.469098 -0.315889
v 0.011417 0.5 -0.330466
v -0.104207 0.5 -0.263288
v -0.095323 0.469098 -0.25252
v 0.011417 0.5 -0.330466
v -0.095323 0.469098 -0.25252
v 0.014859 0.469098 -0.315889
v -0.104207 0.5 -0.263288
v -0.181068 0.5 -0.161533
v -0.16872 0.469098 -0.155784
v -0.104207 0.5 -0.263288
v -0.16872 0.469098 -0.155784
v -0.095323 0.469098 -0.25252
v -0.181068 0.5 -0.161533
v -0.22 0.5 -0.04
v -0.205317 0.469098 -0.04
v -0.181068 0.5 -0.161533
v -0.205317 0.469098 -0.04
v -0.16872 0.469098 -0.155784
v -0.205317 0.469098 -0.04
v -0.185404 0.469098 0.083551
v -0.144706 0.441222 0.064606
v -0.205317 0.469098 -0.04
v -0.144706 0.441222 0.064606
v -0.162705 0.441222 -0.04
v -0.185404 0.469098 0.083551
v -0.100462 0.469098 0.178749
v -0.073183 0.441222 0.145683
v -0.185404 0.469098 0.083551
v -0.073183 0.441222 0.145683
v -0.144706 0.441222 0.064606
v -0.100462 0.469098 0.178749
v 0.018163 0.469098 0.221894
v 0.027189 0.441222 0.183669
v -0.100462 0.469098 0.178749
v 0.027189 0.441222 0.183669
v -0.073183 0.441222 0.145683
v 0.018163 0.469098 0.221894
v 0.141837 0.469098 0.221894
v 0.132811 0.441222 0.183669
v 0.018163 0.469098 0.221894
v 0.132811 0.441222 0.183669
v 0.027189 0.441222 0.183669
v 0.141837 0.469098 0.221894
v 0.260461 0.469098 0.178749
v 0.233183 0.441222 0.145683
v 0.141837 0.469098 0.221894
v 0.233183 0.441222 0.145683
v 0.132811 0.441222 0.183669
v 0.260461 0.469098 0.178749
v 0.345404 0.469098 0.083551
v 0.304706 0.441222 0.064606
v 0.260461 0.469098 0.178749
v 0.304706 0.441222 0.064606
v 0.233183 0.441222 0.145683
v 0.345404 0.469098 0.083551
v 0.365317 0.469098 -0.04
v 0.322705 0.441222 -0.04
v 0.345404 0.469098 0.083551
v 0.322705 0.441222 -0.04
v 0.304706 0.441222 0.064606
v 0.365317 0.469098 -0.04
v 0.328719 0.469098 -0.155784
v 0.292633 0.441222 -0.138985
v 0.365317 0.469098 -0.04
v 0.292633 0.441222 -0.138985
v 0.322705 0.441222 -0.04
v 0.328719 0.469098 -0.155784
v 0.255323 0.469098 -0.25252
v 0.229465 0.441222 -0.221176
v 0.328719 0.469098 -0.155784
v 0.229465 0.441222 -0.221176
v 0.292633 0.441222 -0.138985
v 0.255323 0.469098 -0.25252
v 0.145141 0.469098 -0.315889
v 0.135203 0.441222 -0.273796
v 0.255323 0.469098 -0.25252
v 0.135203 0.441222 -0.273796
v 0.229465 0.441222 -0.221176
v 0.145141 0.469098 -0.315889
v 0.014859 0.469098 -0.315889
v 0.024797 0.441222 -0.273796
v 0.145141 0.469098 -0.315889
v 0.024797 0.441222 -0.273796
v 0.135203 0.441222 -0.273796
v 0.014859 0.469098 -0.315889
v -0.095323 0.469098 -0.25252
v -0.069465 0.441222 -0.221176
v 0.014859 0.469098 -0.315889
v -0.069465 0.441222 -0.221176
v 0.024797 0.441222 -0.273796
v -0.095323 0.469098 -0.25252
v -0.16872 0.469098 -0.155784
v -0.132633 0.441222 -0.138985
v -0.095323 0.469098 -0.25252
v -0.132633 0.441222 -0.138985
v -0.069465 0.441222 -0.221176
v -0.16872 0.469098 -0.155784
v -0.205317 0.469098 -0.04
v -0.162705 0.441222 -0.04
v -0.16872 0.469098 -0.155784
v -0.162705 0.441222 -0.04
v -0.132633 0.441222 -0.138985
v -0.162705 0.441222 -0.04
v -0.144706 0.441222 0.064606
v -0.082059 0.419098 0.035442
v -0.162705 0.441222 -0.04
v -0.082059 0.419098 0.035442
v -0.096336 0.419098 -0.04
v -0.144706 0.441222 0.064606
v -0.073183 0.441222 0.145683
v -0.030925 0.419098 0.094459
v -0.144706 0.441222 0.064606
v -0.030925 0.419098 0.094459
v -0.082059 0.419098 0.035442
v -0.073183 0.441222 0.145683
v 0.027189 0.441222 0.183669
v 0.041393 0.419098 0.123511
v -0.073183 0.441222 0.145683
v 0.041393 0.419098 0.123511
v -0.030925 0.419098 0.094459
v 0.027189 0.441222 0.183669
v 0.132811 0.441222 0.183669
v 0.118607 0.419098 0.123511
v 0.027189 0.441222 0.183669
v 0.118607 0.419098 0.123511
v 0.041393 0.419098 0.123511
v 0.132811 0.441222 0.183669
v 0.233183 0.441222 0.145683
v 0.190925 0.419098 0.094459
v 0.132811 0.441222 0.183669
v 0.190925 0.419098 0.094459
v 0.118607 0.419098 0.123511
v 0.233183 0.441222 0.145683
v 0.304706 0.441222 0.064606
v 0.242059 0.419098 0.035442
v 0.233183 0.441222 0.145683
v 0.242059 0.419098 0.035442
v 0.190925 0.419098 0.094459
v 0.304706 0.441222 0.064606
v 0.322705 0.441222 -0.04
v 0.256336 0.419098 -0.04
v 0.304706 0.441222 0.064606
v 0.256336 0.419098 -0.04
v 0.242059 0.419098 0.035442
v 0.322705 0.441222 -0.04
v 0.292633 0.441222 -0.138985
v 0.235686 0.419098 -0.112475
v 0.322705 0.441222 -0.04
v 0.235686 0.419098 -0.112475
v 0.256336 0.419098 -0.04
v 0.292633 0.441222 -0.138985
v 0.229465 0.441222 -0.221176
v 0.188962 0.419098 -0.17208
v 0.292633 0.441222 -0.138985
v 0.188962 0.419098 -0.17208
v 0.235686 0.419098 -0.112475
v 0.229465 0.441222 -0.221176
v 0.135203 0.441222 -0.273796
v 0.119869 0.419098 -0.208857
v 0.229465 0.441222 -0.221176
v 0.119869 0.419098 -0.208857
v 0.188962 0.419098 -0.17208
v 0.135203 0.441222 -0.273796
v 0.024797 0.441222 -0.273796
v 0.04013 0.419098 -0.208857
v 0.135203 0.441222 -0.273796
v 0.04013 0.419098 -0.208857
v 0.119869 0.419098 -0.208857
v 0.024797 0.441222 -0.273796
v -0.069465 0.441222 -0.221176
v -0.028962 0.419098 -0.17208
v 0.024797 0.441222 -0.273796
v -0.028962 0.419098 -0.17208
v 0.04013 0.419098 -0.208857
v -0.069465 0.441222 -0.221176
v -0.132633 0.441222 -0.138985
v -0.075686 0.419098 -0.112475
v -0.069465 0.441222 -0.221176
v -0.075686 0.419098 -0.112475
v -0.028962 0.419098 -0.17208
v -0.132633 0.441222 -0.138985
v -0.162705 0.441222 -0.04
v -0.096336 0.419098 -0.04
v -0.132633 0.441222 -0.138985
v -0.096336 0.419098 -0.04
v -0.075686 0.419098 -0.112475
v -0.096336 0.419098 -0.04
v -0.082059 0.419098 0.035442
v -0.004405 0.404894 -0.000708
v -0.096336 0.419098 -0.04
v -0.004405 0.404894 -0.000708
v -0.012705 0.404894 -0.04
v -0.082059 0.419098 0.035442
v -0.030925 0.419098 0.094459
v 0.021928 0.404894 0.030393
v -0.082059 0.419098 0.035442
v 0.021928 0.404894 0.030393
v -0.004405 0.404894 -0.000708
v -0.030925 0.419098 0.094459
v 0.041393 0.419098 0.123511
v 0.059546 0.404894 0.046629
v -0.030925 0.419098 0.094459
v 0.059546 0.404894 0.046629
v 0.021928 0.404894 0.030393
v 0.041393 0.419098 0.123511
v 0.118607 0.419098 0.123511
v 0.100454 0.404894 0.046629
v 0.041393 0.419098 0.123511
v 0.100454 0.404894 0.046629
v 0.059546 0.404894 0.046629
v 0.118607 0.419098 0.123511
v 0.190925 0.419098 0.094459
v 0.138072 0.404894 0.030393
v 0.118607 0.419098 0.123511
v 0.138072 0.404894 0.030393
v 0.100454 0.404894 0.046629
v 0.190925 0.419098 0.094459
v 0.242059 0.419098 0.035442
v 0.164405 0.404894 -0.000708
v 0.190925 0.419098 0.094459
v 0.164405 0.404894 -0.000708
v 0.138072 0.404894 0.030393
v 0.242059 0.419098 0.035442
v 0.256336 0.419098 -0.04
v 0.172705 0.404894 -0.04
v 0.242059 0.419098 0.035442
v 0.172705 0.404894 -0.04
v 0.164405 0.404894 -0.000708
v 0.256336 0.419098 -0.04
v 0.235686 0.419098 -0.112475
v 0.162644 0.404894 -0.078472
v 0.256336 0.419098 -0.04
v 0.162644 0.404894 -0.078472
v 0.172705 0.404894 -0.04
v 0.235686 0.419098 -0.112475
v 0.188962 0.419098 -0.17208
v 0.137529 0.404894 -0.109735
v 0.235686 0.419098 -0.112475
v 0.137529 0.404894 -0.109735
v 0.162644 0.404894 -0.078472
v 0.188962 0.419098 -0.17208
v 0.119869 0.419098 -0.208857
v 0.100803 0.404894 -0.128107
v 0.188962 0.419098 -0.17208
v 0.100803 0.404894 -0.128107
v 0.137529 0.404894 -0.109735
v 0.119869 0.419098 -0.208857
v 0.04013 0.419098 -0.208857
v 0.059197 0.404894 -0.128107
v 0.119869 0.419098 -0.208857
v 0.059197 0.404894 -0.128107
v 0.100803 0.404894 -0.128107
v 0.04013 0.419098 -0.208857
v -0.028962 0.419098 -0.17208
v 0.022471 0.404894 -0.109735
v 0.04013 0.419098 -0.208857
v 0.022471 0.404894 -0.109735
v 0.059197 0.404894 -0.128107
v -0.028962 0.419098 -0.17208
v -0.075686 0.419098 -0.112475
v -0.002644 0.404894 -0.078472
v -0.028962 0.419098 -0.17208
v -0.002644 0.404894 -0.078472
v 0.022471 0.404894 -0.109735
v -0.075686 0.419098 -0.112475
v -0.096336 0.419098 -0.04
v -0.012705 0.404894 -0.04
v -0.075686 0.419098 -0.112475
v -0.012705 0.404894 -0.04
v -0.002644 0.404894 -0.078472
v -0.012705 0.404894 -0.04
v -0.004405 0.404894 -0.000708
v 0.08 0.4 -0.04
v -0.004405 0.404894 -0.000708
v 0.021928 0.404894 0.030393
v 0.08 0.4 -0.04
v 0.021928 0.404894 0.030393
v 0.059546 0.404894 0.046629
v 0.08 0.4 -0.04
v 0.059546 0.404894 0.046629
v 0.100454 0.404894 0.046629
v 0.08 0.4 -0.04
v 0.100454 0.404894 0.046629
v 0.138072 0.404894 0.030393
v 0.08 0.4 -0.04
v 0.138072 0.404894 0.030393
v 0.164405 0.404894 -0.000708
v 0.08 0.4 -0.04
v 0.164405 0.404894 -0.000708
v 0.172705 0.404894 -0.04
v 0.08 0.4 -0.04
v 0.172705 0.404894 -0.04
v 0.162644 0.404894 -0.078472
v 0.08 0.4 -0.04
v 0.162644 0.404894 -0.078472
v 0.137529 0.404894 -0.109735
v 0.08 0.4 -0.04
v 0.137529 0.404894 -0.109735
v 0.100803 0.404894 -0.128107
v 0.08 0.4 -0.04
v 0.100803 0.404894 -0.128107
v 0.059197 0.404894 -0.128107
v 0.08 0.4 -0.04
v 0.059197 0.404894 -0.128107
v 0.022471 0.404894 -0.109735
v 0.08 0.4 -0.04
v 0.022471 0.404894 -0.109735
v -0.002644 0.404894 -0.078472
v 0.08 0.4 -0.04
v -0.002644 0.404894 -0.078472
v -0.012705 0.404894 -0.04
v 0.08 0.4 -0.04
vn -0.052718 0.998547 0.011136
vn -0.052718 0.998547 0.011136
vn -0.052718 0.998547 0.011136
vn -0.04153 0.998518 0.035165
vn -0.04153 0.998518 0.035165
vn -0.04153 0.998518 0.035165
vn -0.022096 0.998444 0.051193
vn -0.022096 0.998444 0.051193
vn -0.022096 0.998444 0.051193
vn 0 0.998408 0.056408
vn 0 0.998408 0.056408
vn 0 0.998408 0.056408
vn 0.022096 0.998444 0.051193
vn 0.022096 0.998444 0.051193
vn 0.022096 0.998444 0.051193
vn 0.04153 0.998518 0.035165
vn 0.04153 0.998518 0.035165
vn 0.04153 0.998518 0.035165
vn 0.052718 0.998547 0.011136
vn 0.052718 0.998547 0.011136
vn 0.052718 0.998547 0.011136
vn 0.052716 0.998514 -0.013787
vn 0.052716 0.998514 -0.013787
vn 0.052716 0.998514 -0.013787
vn 0.043037 0.998475 -0.034573
vn 0.043037 0.998475 -0.034573
vn 0.043037 0.998475 -0.034573
vn 0.024815 0.998461 -0.049606
vn 0.024815 0.998461 -0.049606
vn 0.024815 0.998461 -0.049606
vn 0 0.998461 -0.055465
vn 0 0.998461 -0.055465
vn 0 0.998461 -0.055465
vn -0.024815 0.998461 -0.049606
vn -0.024815 0.998461 -0.049606
vn -0.024815 0.998461 -0.049606
vn -0.043037 0.998475 -0.034573
vn -0.043037 0.998475 -0.034573
vn -0.043037 0.998475 -0.034573
vn -0.052716 0.998514 -0.013787
vn -0.052716 0.998514 -0.013787
vn -0.052716 0.998514 -0.013787
vn -0.164175 0.985821 0.03468
vn -0.164175 0.985821 0.03468
vn -0.164175 0.985821 0.03468
vn -0.16736 0.985387 0.03167
vn -0.16736 0.985387 0.03167
vn -0.16736 0.985387 0.03167
vn -0.130666 0.985234 0.110638
vn -0.130666 0.985234 0.110638
vn -0.130666 0.985234 0.110638
vn -0.128444 0.985453 0.11129
vn -0.128444 0.985453 0.11129
vn -0.128444 0.985453 0.11129
vn -0.071191 0.983732 0.164936
vn -0.071191 0.983732 0.164936
vn -0.071191 0.983732 0.164936
vn -0.065844 0.984277 0.163902
vn -0.065844 0.984277 0.163902
vn -0.065844 0.984277 0.163902
vn 0 0.983358 0.181676
vn 0 0.983358 0.181676
vn 0 0.983358 0.181676
vn 0 0.983358 0.181676
vn 0 0.983358 0.181676
vn 0 0.983358 0.181676
vn 0.069474 0.984513 0.160959
vn 0.069474 0.984513 0.160959
vn 0.069474 0.984513 0.160959
vn 0.066696 0.983864 0.166022
vn 0.066696 0.983864 0.166022
vn 0.066696 0.983864 0.166022
vn 0.129302 0.985543 0.109483
vn 0.129302 0.985543 0.109483
vn 0.129302 0.985543 0.109483
vn 0.12915 0.985291 0.111901
vn 0.12915 0.985291 0.111901
vn 0.12915 0.985291 0.111901
vn 0.167339 0.985266 0.035348
vn 0.167339 0.985266 0.035348
vn 0.167339 0.985266 0.035348
vn 0.165697 0.985678 0.031355
vn 0.165697 0.985678 0.031355
vn 0.165697 0.985678 0.031355
vn 0.170638 0.984323 -0.044626
vn 0.170638 0.984323 -0.044626
vn 0.170638 0.984323 -0.044626
vn 0.167254 0.984762 -0.047653
vn 0.167254 0.984762 -0.047653
vn 0.167254 0.984762 -0.047653
vn 0.137718 0.984273 -0.110633
vn 0.137718 0.984273 -0.110633
vn 0.137718 0.984273 -0.110633
vn 0.140191 0.984007 -0.109897
vn 0.140191 0.984007 -0.109897
vn 0.140191 0.984007 -0.109897
vn 0.077507 0.984879 -0.15494
vn 0.077507 0.984879 -0.15494
vn 0.077507 0.984879 -0.15494
vn 0.082944 0.984296 -0.155825
vn 0.082944 0.984296 -0.155825
vn 0.082944 0.984296 -0.155825
vn 0 0.98488 -0.173241
vn 0 0.98488 -0.173241
vn 0 0.98488 -0.173241
vn 0 0.98488 -0.173241
vn 0 0.98488 -0.173241
vn 0 0.98488 -0.173241
vn -0.079395 0.984127 -0.158714
vn -0.079395 0.984127 -0.158714
vn -0.079395 0.984127 -0.158714
vn -0.081903 0.984691 -0.153869
vn -0.081903 0.984691 -0.153869
vn -0.081903 0.984691 -0.153869
vn -0.139256 0.983917 -0.111869
vn -0.139256 0.983917 -0.111869
vn -0.139256 0.983917 -0.111869
vn -0.139369 0.984195 -0.109253
vn -0.139369 0.984195 -0.109253
vn -0.139369 0.984195 -0.109253
vn -0.167284 0.984938 -0.043748
vn -0.167284 0.984938 -0.043748
vn -0.167284 0.984938 -0.043748
vn -0.169017 0.984436 -0.048155
vn -0.169017 0.984436 -0.048155
vn -0.169017 0.984436 -0.048155
vn -0.308174 0.949541 0.058317
vn -0.308174 0.949541 0.058317
vn -0.308174 0.949541 0.058317
vn -0.315761 0.947282 0.054331
vn -0.315761 0.947282 0.054331
vn -0.315761 0.947282 0.054331
vn -0.241909 0.94739 0.2096
vn -0.241909 0.94739 0.2096
vn -0.241909 0.94739 0.2096
vn -0.237455 0.948544 0.209473
vn -0.237455 0.948544 0.209473
vn -0.237455 0.948544 0.209473
vn -0.126881 0.940292 0.315836
vn -0.126881 0.940292 0.315836
vn -0.126881 0.940292 0.315836
vn -0.117497 0.943295 0.310467
vn -0.117497 0.943295 0.310467
vn -0.117497 0.943295 0.310467
vn 0 0.938547 0.345152
vn 0 0.938547 0.345152
vn 0 0.938547 0.345152
vn 0 0.938547 0.345152
vn 0 0.938547 0.345152
vn 0 0.938547 0.345152
vn 0.123015 0.943982 0.306212
vn 0.123015 0.943982 0.306212
vn 0.123015 0.943982 0.306212
vn 0.120172 0.940602 0.317534
vn 0.120172 0.940602 0.317534
vn 0.120172 0.940602 0.317534
vn 0.238755 0.94879 0.206868
vn 0.238755 0.94879 0.206868
vn 0.238755 0.94879 0.206868
vn 0.239718 0.947532 0.211469
vn 0.239718 0.947532 0.211469
vn 0.239718 0.947532 0.211469
vn 0.315663 0.946989 0.059734
vn 0.315663 0.946989 0.059734
vn 0.315663 0.946989 0.059734
vn 0.31032 0.949131 0.053395
vn 0.31032 0.949131 0.053395
vn 0.31032 0.949131 0.053395
vn 0.323064 0.94189 -0.092045
vn 0.323064 0.94189 -0.092045
vn 0.323064 0.94189 -0.092045
vn 0.314778 0.944336 -0.09563
vn 0.314778 0.944336 -0.09563
vn 0.314778 0.944336 -0.09563
vn 0.263865 0.94212 -0.206847
vn 0.263865 0.94212 -0.206847
vn 0.263865 0.94212 -0.206847
vn 0.269133 0.940629 -0.206845
vn 0.269133 0.940629 -0.206845
vn 0.269133 0.940629 -0.206845
vn 0.152384 0.945951 -0.286281
vn 0.152384 0.945951 -0.286281
vn 0.152384 0.945951 -0.286281
vn 0.16239 0.942872 -0.290899
vn 0.16239 0.942872 -0.290899
vn 0.16239 0.942872 -0.290899
vn 0 0.946578 -0.322475
vn 0 0.946578 -0.322475
vn 0 0.946578 -0.322475
vn 0 0.946578 -0.322475
vn 0 0.946578 -0.322475
vn 0 0.946578 -0.322475
vn -0.157078 0.942466 -0.295099
vn -0.157078 0.942466 -0.295099
vn -0.157078 0.942466 -0.295099
vn -0.158855 0.945403 -0.284567
vn -0.158855 0.945403 -0.284567
vn -0.158855 0.945403 -0.284567
vn -0.267656 0.940392 -0.209818
vn -0.267656 0.940392 -0.209818
vn -0.267656 0.940392 -0.209818
vn -0.266342 0.941892 -0.2047
vn -0.266342 0.941892 -0.2047
vn -0.266342 0.941892 -0.2047
vn -0.314952 0.944856 -0.089734
vn -0.314952 0.944856 -0.089734
vn -0.314952 0.944856 -0.089734
vn -0.32067 0.942168 -0.09742
vn -0.32067 0.942168 -0.09742
vn -0.32067 0.942168 -0.09742
vn -0.5333 0.840935 0.091762
vn -0.5333 0.840935 0.091762
vn -0.5333 0.840935 0.091762
vn -0.54534 0.833594 0.087893
vn -0.54534 0.833594 0.087893
vn -0.54534 0.833594 0.087893
vn -0.412451 0.835164 0.363847
vn -0.412451 0.835164 0.363847
vn -0.412451 0.835164 0.363847
vn -0.406026 0.838981 0.362289
vn -0.406026 0.838981 0.362289
vn -0.406026 0.838981 0.362289
vn -0.206021 0.813148 0.544377
vn -0.206021 0.813148 0.544377
vn -0.206021 0.813148 0.544377
vn -0.19413 0.823058 0.53375
vn -0.19413 0.823058 0.53375
vn -0.19413 0.823058 0.53375
vn 0 0.80796 0.589238
vn 0 0.80796 0.589238
vn 0 0.80796 0.589238
vn 0 0.80796 0.589238
vn 0 0.80796 0.589238
vn 0 0.80796 0.589238
vn 0.200417 0.824251 0.529569
vn 0.200417 0.824251 0.529569
vn 0.200417 0.824251 0.529569
vn 0.198738 0.81359 0.546419
vn 0.198738 0.81359 0.546419
vn 0.198738 0.81359 0.546419
vn 0.407586 0.839401 0.359556
vn 0.407586 0.839401 0.359556
vn 0.407586 0.839401 0.359556
vn 0.41013 0.835388 0.365951
vn 0.41013 0.835388 0.365951
vn 0.41013 0.835388 0.365951
vn 0.545046 0.833144 0.093783
vn 0.545046 0.833144 0.093783
vn 0.545046 0.833144 0.093783
vn 0.535354 0.840209 0.086284
vn 0.535354 0.840209 0.086284
vn 0.535354 0.840209 0.086284
vn 0.552538 0.816409 -0.167862
vn 0.552538 0.816409 -0.167862
vn 0.552538 0.816409 -0.167862
vn 0.539442 0.824578 -0.170509
vn 0.539442 0.824578 -0.170509
vn 0.539442 0.824578 -0.170509
vn 0.456389 0.817725 -0.350763
vn 0.456389 0.817725 -0.350763
vn 0.456389 0.817725 -0.350763
vn 0.46403 0.812846 -0.352076
vn 0.46403 0.812846 -0.352076
vn 0.46403 0.812846 -0.352076
vn 0.271351 0.830715 -0.486088
vn 0.271351 0.830715 -0.486088
vn 0.271351 0.830715 -0.486088
vn 0.28476 0.820835 -0.495118
vn 0.28476 0.820835 -0.495118
vn 0.28476 0.820835 -0.495118
vn 0 0.833738 -0.55216
vn 0 0.833738 -0.55216
vn 0 0.833738 -0.55216
vn 0 0.833738 -0.55216
vn 0 0.833738 -0.55216
vn 0 0.833738 -0.55216
vn -0.278825 0.820231 -0.499477
vn -0.278825 0.820231 -0.499477
vn -0.278825 0.820231 -0.499477
vn -0.278262 0.829753 -0.483819
vn -0.278262 0.829753 -0.483819
vn -0.278262 0.829753 -0.483819
vn -0.462253 0.81247 -0.355269
vn -0.462253 0.81247 -0.355269
vn -0.462253 0.81247 -0.355269
vn -0.459001 0.817333 -0.348259
vn -0.459001 0.817333 -0.348259
vn -0.459001 0.817333 -0.348259
vn -0.540041 0.825493 -0.164065
vn -0.540041 0.825493 -0.164065
vn -0.540041 0.825493 -0.164065
vn -0.550063 0.816824 -0.173866
vn -0.550063 0.816824 -0.173866
vn -0.550063 0.816824 -0.173866
vn -0.888436 0.436095 0.143191
vn -0.888436 0.436095 0.143191
vn -0.888436 0.436095 0.143191
vn -0.894227 0.424895 0.140789
vn -0.894227 0.424895 0.140789
vn -0.894227 0.424895 0.140789
vn -0.674303 0.428148 0.601668
vn -0.674303 0.428148 0.601668
vn -0.674303 0.428148 0.601668
vn -0.671002 0.434139 0.601066
vn -0.671002 0.434139 0.601066
vn -0.671002 0.434139 0.601066
vn -0.313712 0.397018 0.862532
vn -0.313712 0.397018 0.862532
vn -0.313712 0.397018 0.862532
vn -0.307755 0.411136 0.858053
vn -0.307755 0.411136 0.858053
vn -0.307755 0.411136 0.858053
vn 0 0.390276 0.920698
vn 0 0.390276 0.920698
vn 0 0.390276 0.920698
vn 0 0.390275 0.920698
vn 0 0.390275 0.920698
vn 0 0.390275 0.920698
vn 0.311496 0.411681 0.85644
vn 0.311496 0.411681 0.85644
vn 0.311496 0.411681 0.85644
vn 0.309835 0.39719 0.863853
vn 0.309835 0.39719 0.863853
vn 0.309835 0.39719 0.863853
vn 0.672093 0.434346 0.599695
vn 0.672093 0.434346 0.599695
vn 0.672093 0.434346 0.599695
vn 0.673098 0.428251 0.602943
vn 0.673098 0.428251 0.602943
vn 0.673098 0.428251 0.602943
vn 0.893803 0.424693 0.144056
vn 0.893803 0.424693 0.144056
vn 0.893803 0.424693 0.144056
vn 0.889126 0.435729 0.139986
vn 0.889126 0.435729 0.139986
vn 0.889126 0.435729 0.139986
vn 0.873692 0.400497 -0.27616
vn 0.873692 0.400497 -0.27616
vn 0.873692 0.400497 -0.27616
vn 0.867635 0.41226 -0.277942
vn 0.867635 0.41226 -0.277942
vn 0.867635 0.41226 -0.277942
vn 0.729279 0.402467 -0.553329
vn 0.729279 0.402467 -0.553329
vn 0.729279 0.402467 -0.553329
vn 0.732787 0.395785 -0.553514
vn 0.732787 0.395785 -0.553514
vn 0.732787 0.395785 -0.553514
vn 0.452173 0.421219 -0.786203
vn 0.452173 0.421219 -0.786203
vn 0.452173 0.421219 -0.786203
vn 0.458852 0.407112 -0.789756
vn 0.458852 0.407112 -0.789756
vn 0.458852 0.407112 -0.789756
vn 0 0.426625 -0.904429
vn 0 0.426625 -0.904429
vn 0 0.426625 -0.904429
vn 0 0.426625 -0.904429
vn 0 0.426625 -0.904429
vn 0 0.426625 -0.904429
vn -0.455429 0.406863 -0.791863
vn -0.455429 0.406863 -0.791863
vn -0.455429 0.406863 -0.791863
vn -0.455734 0.42076 -0.78439
vn -0.455734 0.42076 -0.78439
vn -0.455734 0.42076 -0.78439
vn -0.731649 0.395631 -0.555127
vn -0.731649 0.395631 -0.555127
vn -0.731649 0.395631 -0.555127
vn -0.730527 0.402295 -0.551806
vn -0.730527 0.402295 -0.551806
vn -0.730527 0.402295 -0.551806
vn -0.868522 0.412681 -0.274525
vn -0.868522 0.412681 -0.274525
vn -0.868522 0.412681 -0.274525
vn -0.872548 0.400664 -0.279516
vn -0.872548 0.400664 -0.279516
vn -0.872548 0.400664 -0.279516
vn -0.889125 -0.435729 0.139986
vn -0.889125 -0.435729 0.139986
vn -0.889125 -0.435729 0.139986
vn -0.893803 -0.424694 0.144056
vn -0.893803 -0.424694 0.144056
vn -0.893803 -0.424694 0.144056
vn -0.673097 -0.428252 0.602943
vn -0.673097 -0.428252 0.602943
vn -0.673097 -0.428252 0.602943
vn -0.672092 -0.434347 0.599695
vn -0.672092 -0.434347 0.599695
vn -0.672092 -0.434347 0.599695
vn -0.309835 -0.39719 0.863853
vn -0.309835 -0.39719 0.863853
vn -0.309835 -0.39719 0.863853
vn -0.311496 -0.411682 0.85644
vn -0.311496 -0.411682 0.85644
vn -0.311496 -0.411682 0.85644
vn 0 -0.390276 0.920698
vn 0 -0.390276 0.920698
vn 0 -0.390276 0.920698
vn 0 -0.390276 0.920698
vn 0 -0.390276 0.920698
vn 0 -0.390276 0.920698
vn 0.307755 -0.411137 0.858052
vn 0.307755 -0.411137 0.858052
vn 0.307755 -0.411137 0.858052
vn 0.313712 -0.397019 0.862532
vn 0.313712 -0.397019 0.862532
vn 0.313712 -0.397019 0.862532
vn 0.671001 -0.43414 0.601066
vn 0.671001 -0.43414 0.601066
vn 0.671001 -0.43414 0.601066
vn 0.674303 -0.428148 0.601668
vn 0.674303 -0.428148 0.601668
vn 0.674303 -0.428148 0.601668
vn 0.894227 -0.424895 0.140789
vn 0.894227 -0.424895 0.140789
vn 0.894227 -0.424895 0.140789
vn 0.888435 -0.436095 0.143191
vn 0.888435 -0.436095 0.143191
vn 0.888435 -0.436095 0.143191
vn 0.872548 -0.400664 -0.279516
vn 0.872548 -0.400664 -0.279516
vn 0.872548 -0.400664 -0.279516
vn 0.868522 -0.412681 -0.274525
vn 0.868522 -0.412681 -0.274525
vn 0.868522 -0.412681 -0.274525
vn 0.730527 -0.402295 -0.551806
vn 0.730527 -0.402295 -0.551806
vn 0.730527 -0.402295 -0.551806
vn 0.731649 -0.395631 -0.555127
vn 0.731649 -0.395631 -0.555127
vn 0.731649 -0.395631 -0.555127
vn 0.455734 -0.420761 -0.78439
vn 0.455734 -0.420761 -0.78439
vn 0.455734 -0.420761 -0.78439
vn 0.455429 -0.406863 -0.791863
vn 0.455429 -0.406863 -0.791863
vn 0.455429 -0.406863 -0.791863
vn 0 -0.426626 -0.904428
vn 0 -0.426626 -0.904428
vn 0 -0.426626 -0.904428
vn 0 -0.426626 -0.904428
vn 0 -0.426626 -0.904428
vn 0 -0.426626 -0.904428
vn -0.458852 -0.407113 -0.789756
vn -0.458852 -0.407113 -0.789756
vn -0.458852 -0.407113 -0.789756
vn -0.452173 -0.421219 -0.786202
vn -0.452173 -0.421219 -0.786202
vn -0.452173 -0.421219 -0.786202
vn -0.732787 -0.395785 -0.553513
vn -0.732787 -0.395785 -0.553513
vn -0.732787 -0.395785 -0.553513
vn -0.729279 -0.402467 -0.553329
vn -0.729279 -0.402467 -0.553329
vn -0.729279 -0.402467 -0.553329
vn -0.867635 -0.41226 -0.277942
vn -0.867635 -0.41226 -0.277942
vn -0.867635 -0.41226 -0.277942
vn -0.873692 -0.400497 -0.27616
vn -0.873692 -0.400497 -0.27616
vn -0.873692 -0.400497 -0.27616
vn -0.535354 -0.840209 0.086284
vn -0.535354 -0.840209 0.086284
vn -0.535354 -0.840209 0.086284
vn -0.545046 -0.833144 0.093783
vn -0.545046 -0.833144 0.093783
vn -0.545046 -0.833144 0.093783
vn -0.41013 -0.835388 0.365951
vn -0.41013 -0.835388 0.365951
vn -0.41013 -0.835388 0.365951
vn -0.407586 -0.839401 0.359556
vn -0.407586 -0.839401 0.359556
vn -0.407586 -0.839401 0.359556
vn -0.198738 -0.81359 0.546419
vn -0.198738 -0.81359 0.546419
vn -0.198738 -0.81359 0.546419
vn -0.200417 -0.824251 0.529569
vn -0.200417 -0.824251 0.529569
vn -0.200417 -0.824251 0.529569
vn 0 -0.80796 0.589238
vn 0 -0.80796 0.589238
vn 0 -0.80796 0.589238
vn 0 -0.80796 0.589238
vn 0 -0.80796 0.589238
vn 0 -0.80796 0.589238
vn 0.19413 -0.823058 0.53375
vn 0.19413 -0.823058 0.53375
vn 0.19413 -0.823058 0.53375
vn 0.206021 -0.813148 0.544377
vn 0.206021 -0.813148 0.544377
vn 0.206021 -0.813148 0.544377
vn 0.406026 -0.838981 0.362289
vn 0.406026 -0.838981 0.362289
vn 0.406026 -0.838981 0.362289
vn 0.412451 -0.835164 0.363847
vn 0.412451 -0.835164 0.363847
vn 0.412451 -0.835164 0.363847
vn 0.54534 -0.833594 0.087893
vn 0.54534 -0.833594 0.087893
vn 0.54534 -0.833594 0.087893
vn 0.5333 -0.840935 0.091762
vn 0.5333 -0.840935 0.091762
vn 0.5333 -0.840935 0.091762
vn 0.550063 -0.816824 -0.173866
vn 0.550063 -0.816824 -0.173866
vn 0.550063 -0.816824 -0.173866
vn 0.540041 -0.825493 -0.164065
vn 0.540041 -0.825493 -0.164065
vn 0.540041 -0.825493 -0.164065
vn 0.459001 -0.817333 -0.348259
vn 0.459001 -0.817333 -0.348259
vn 0.459001 -0.817333 -0.348259
vn 0.462252 -0.81247 -0.355269
vn 0.462252 -0.81247 -0.355269
vn 0.462252 -0.81247 -0.355269
vn 0.278261 -0.829753 -0.483819
vn 0.278261 -0.829753 -0.483819
vn 0.278261 -0.829753 -0.483819
vn 0.278825 -0.820231 -0.499477
vn 0.278825 -0.820231 -0.499477
vn 0.278825 -0.820231 -0.499477
vn 0 -0.833738 -0.55216
vn 0 -0.833738 -0.55216
vn 0 -0.833738 -0.55216
vn 0 -0.833738 -0.55216
vn 0 -0.833738 -0.55216
vn 0 -0.833738 -0.55216
vn -0.28476 -0.820835 -0.495118
vn -0.28476 -0.820835 -0.495118
vn -0.28476 -0.820835 -0.495118
vn -0.271351 -0.830715 -0.486088
vn -0.271351 -0.830715 -0.486088
vn -0.271351 -0.830715 -0.486088
vn -0.46403 -0.812846 -0.352075
vn -0.46403 -0.812846 -0.352075
vn -0.46403 -0.812846 -0.352075
vn -0.456389 -0.817725 -0.350762
vn -0.456389 -0.817725 -0.350762
vn -0.456389 -0.817725 -0.350762
vn -0.539442 -0.824578 -0.170509
vn -0.539442 -0.824578 -0.170509
vn -0.539442 -0.824578 -0.170509
vn -0.552538 -0.816409 -0.167862
vn -0.552538 -0.816409 -0.167862
vn -0.552538 -0.816409 -0.167862
vn -0.31032 -0.949131 0.053395
vn -0.31032 -0.949131 0.053395
vn -0.31032 -0.949131 0.053395
vn -0.315663 -0.946989 0.059734
vn -0.315663 -0.946989 0.059734
vn -0.315663 -0.946989 0.059734
vn -0.239718 -0.947532 0.211469
vn -0.239718 -0.947532 0.211469
vn -0.239718 -0.947532 0.211469
vn -0.238755 -0.94879 0.206868
vn -0.238755 -0.94879 0.206868
vn -0.238755 -0.94879 0.206868
vn -0.120172 -0.940602 0.317534
vn -0.120172 -0.940602 0.317534
vn -0.120172 -0.940602 0.317534
vn -0.123015 -0.943982 0.306212
vn -0.123015 -0.943982 0.306212
vn -0.123015 -0.943982 0.306212
vn 0 -0.938547 0.345152
vn 0 -0.938547 0.345152
vn 0 -0.938547 0.345152
vn 0 -0.938547 0.345152
vn 0 -0.938547 0.345152
vn 0 -0.938547 0.345152
vn 0.117497 -0.943295 0.310467
vn 0.117497 -0.943295 0.310467
vn 0.117497 -0.943295 0.310467
vn 0.126881 -0.940292 0.315836
vn 0.126881 -0.940292 0.315836
vn 0.126881 -0.940292 0.315836
vn 0.237455 -0.948544 0.209473
vn 0.237455 -0.948544 0.209473
vn 0.237455 -0.948544 0.209473
vn 0.241909 -0.94739 0.2096
vn 0.241909 -0.94739 0.2096
vn 0.241909 -0.94739 0.2096
vn 0.315761 -0.947282 0.054331
vn 0.315761 -0.947282 0.054331
vn 0.315761 -0.947282 0.054331
vn 0.308174 -0.949541 0.058317
vn 0.308174 -0.949541 0.058317
vn 0.308174 -0.949541 0.058317
vn 0.32067 -0.942168 -0.09742
vn 0.32067 -0.942168 -0.09742
vn 0.32067 -0.942168 -0.09742
vn 0.314952 -0.944856 -0.089734
vn 0.314952 -0.944856 -0.089734
vn 0.314952 -0.944856 -0.089734
vn 0.266342 -0.941892 -0.2047
vn 0.266342 -0.941892 -0.2047
vn 0.266342 -0.941892 -0.2047
vn 0.267656 -0.940392 -0.209819
vn 0.267656 -0.940392 -0.209819
vn 0.267656 -0.940392 -0.209819
vn 0.158855 -0.945403 -0.284567
vn 0.158855 -0.945403 -0.284567
vn 0.158855 -0.945403 -0.284567
vn 0.157078 -0.942466 -0.295099
vn 0.157078 -0.942466 -0.295099
vn 0.157078 -0.942466 -0.295099
vn 0 -0.946578 -0.322475
vn 0 -0.946578 -0.322475
vn 0 -0.946578 -0.322475
vn 0 -0.946578 -0.322475
vn 0 -0.946578 -0.322475
vn 0 -0.946578 -0.322475
vn -0.16239 -0.942872 -0.290899
vn -0.16239 -0.942872 -0.290899
vn -0.16239 -0.942872 -0.290899
vn -0.152384 -0.94595 -0.286281
vn -0.152384 -0.94595 -0.286281
vn -0.152384 -0.94595 -0.286281
vn -0.269133 -0.940629 -0.206845
vn -0.269133 -0.940629 -0.206845
vn -0.269133 -0.940629 -0.206845
vn -0.263865 -0.94212 -0.206847
vn -0.263865 -0.94212 -0.206847
vn -0.263865 -0.94212 -0.206847
vn -0.314779 -0.944335 -0.09563
vn -0.314779 -0.944335 -0.09563
vn -0.314779 -0.944335 -0.09563
vn -0.323065 -0.94189 -0.092045
vn -0.323065 -0.94189 -0.092045
vn -0.323065 -0.94189 -0.092045
vn -0.165697 -0.985678 0.031355
vn -0.165697 -0.985678 0.031355
vn -0.165697 -0.985678 0.031355
vn -0.167339 -0.985266 0.035348
vn -0.167339 -0.985266 0.035348
vn -0.167339 -0.985266 0.035348
vn -0.12915 -0.985291 0.111901
vn -0.12915 -0.985291 0.111901
vn -0.12915 -0.985291 0.111901
vn -0.129302 -0.985543 0.109483
vn -0.129302 -0.985543 0.109483
vn -0.129302 -0.985543 0.109483
vn -0.066696 -0.983864 0.166022
vn -0.066696 -0.983864 0.166022
vn -0.066696 -0.983864 0.166022
vn -0.069474 -0.984513 0.160959
vn -0.069474 -0.984513 0.160959
vn -0.069474 -0.984513 0.160959
vn 0 -0.983358 0.181676
vn 0 -0.983358 0.181676
vn 0 -0.983358 0.181676
vn 0 -0.983358 0.181676
vn 0 -0.983358 0.181676
vn 0 -0.983358 0.181676
vn 0.065844 -0.984277 0.163902
vn 0.065844 -0.984277 0.163902
vn 0.065844 -0.984277 0.163902
vn 0.071191 -0.983732 0.164936
vn 0.071191 -0.983732 0.164936
vn 0.071191 -0.983732 0.164936
vn 0.128444 -0.985453 0.11129
vn 0.128444 -0.985453 0.11129
vn 0.128444 -0.985453 0.11129
vn 0.130666 -0.985234 0.110638
vn 0.130666 -0.985234 0.110638
vn 0.130666 -0.985234 0.110638
vn 0.16736 -0.985387 0.03167
vn 0.16736 -0.985387 0.03167
vn 0.16736 -0.985387 0.03167
vn 0.164175 -0.985821 0.03468
vn 0.164175 -0.985821 0.03468
vn 0.164175 -0.985821 0.03468
vn 0.169017 -0.984436 -0.048155
vn 0.169017 -0.984436 -0.048155
vn 0.169017 -0.984436 -0.048155
vn 0.167284 -0.984938 -0.043748
vn 0.167284 -0.984938 -0.043748
vn 0.167284 -0.984938 -0.043748
vn 0.139369 -0.984195 -0.109253
vn 0.139369 -0.984195 -0.109253
vn 0.139369 -0.984195 -0.109253
vn 0.139256 -0.983917 -0.111869
vn 0.139256 -0.983917 -0.111869
vn 0.139256 -0.983917 -0.111869
vn 0.081903 -0.984691 -0.153869
vn 0.081903 -0.984691 -0.153869
vn 0.081903 -0.984691 -0.153869
vn 0.079395 -0.984127 -0.158714
vn 0.079395 -0.984127 -0.158714
vn 0.079395 -0.984127 -0.158714
vn 0 -0.98488 -0.173241
vn 0 -0.98488 -0.173241
vn 0 -0.98488 -0.173241
vn 0 -0.98488 -0.173241
vn 0 -0.98488 -0.173241
vn 0 -0.98488 -0.173241
vn -0.082944 -0.984296 -0.155825
vn -0.082944 -0.984296 -0.155825
vn -0.082944 -0.984296 -0.155825
vn -0.077507 -0.984879 -0.15494
vn -0.077507 -0.984879 -0.15494
vn -0.077507 -0.984879 -0.15494
vn -0.140191 -0.984007 -0.109897
vn -0.140191 -0.984007 -0.109897
vn -0.140191 -0.984007 -0.109897
vn -0.137718 -0.984273 -0.110633
vn -0.137718 -0.984273 -0.110633
vn -0.137718 -0.984273 -0.110633
vn -0.167254 -0.984762 -0.047653
vn -0.167254 -0.984762 -0.047653
vn -0.167254 -0.984762 -0.047653
vn -0.170638 -0.984323 -0.044626
vn -0.170638 -0.984323 -0.044626
vn -0.170638 -0.984323 -0.044626
vn -0.052718 -0.998547 0.011136
vn -0.052718 -0.998547 0.011136
vn -0.052718 -0.998547 0.011136
vn -0.04153 -0.998518 0.035165
vn -0.04153 -0.998518 0.035165
vn -0.04153 -0.998518 0.035165
vn -0.022096 -0.998444 0.051192
vn -0.022096 -0.998444 0.051192
vn -0.022096 -0.998444 0.051192
vn 0 -0.998408 0.056408
vn 0 -0.998408 0.056408
vn 0 -0.998408 0.056408
vn 0.022096 -0.998444 0.051192
vn 0.022096 -0.998444 0.051192
vn 0.022096 -0.998444 0.051192
vn 0.04153 -0.998518 0.035165
vn 0.04153 -0.998518 0.035165
vn 0.04153 -0.998518 0.035165
vn 0.052718 -0.998547 0.011136
vn 0.052718 -0.998547 0.011136
vn 0.052718 -0.998547 0.011136
vn 0.052716 -0.998514 -0.013787
vn 0.052716 -0.998514 -0.013787
vn 0.052716 -0.998514 -0.013787
vn 0.043037 -0.998475 -0.034573
vn 0.043037 -0.998475 -0.034573
vn 0.043037 -0.998475 -0.034573
vn 0.024815 -0.998461 -0.049605
vn 0.024815 -0.998461 -0.049605
vn 0.024815 -0.998461 -0.049605
vn 0 -0.998461 -0.055465
vn 0 -0.998461 -0.055465
vn 0 -0.998461 -0.055465
vn -0.024815 -0.998461 -0.049605
vn -0.024815 -0.998461 -0.049605
vn -0.024815 -0.998461 -0.049605
vn -0.043037 -0.998475 -0.034573
vn -0.043037 -0.998475 -0.034573
vn -0.043037 -0.998475 -0.034573
vn -0.052716 -0.998514 -0.013786
vn -0.052716 -0.998514 -0.013786
vn -0.052716 -0.998514 -0.013786
f 1513//1513 1515//1515 1514//1514
f 1516//1516 1518//1518 1517//1517
f 1519//1519 1521//1521 1520//1520
f 1522//1522 1524//1524 1523//1523
f 1525//1525 1527//1527 1526//1526
f 1528//1528 1530//1530 1529//1529
f 1531//1531 1533//1533 1532//1532
f 1534//1534 1536//1536 1535//1535
f 1537//1537 1539//1539 1538//1538
f 1540//1540 1542//1542 1541//1541
f 1543//1543 1545//1545 1544//1544
f 1546//1546 1548//1548 1547//1547
f 1549//1549 1551//1551 1550//1550
f 1552//1552 1554//1554 1553//1553
f 1555//1555 1557//1557 1556//1556
f 1558//1558 1560//1560 1559//1559
f 1561//1561 1563//1563 1562//1562
f 1564//1564 1566//1566 1565//1565
f 1567//1567 1569//1569 1568//1568
f 1570//1570 1572//1572 1571//1571
f 1573//1573 1575//1575 1574//1574
f 1576//1576 1578//1578 1577//1577
f 1579//1579 1581//1581 1580//1580
f 1582//1582 1584//1584 1583//1583
f 1585//1585 1587//1587 1586//1586
f 1588//1588 1590//1590 1589//1589
f 1591//1591 1593//1593 1592//1592
f 1594//1594 1596//1596 1595//1595
f 1597//1597 1599//1599 1598//1598
f 1600//1600 1602//1602 1601//1601
f 1603//1603 1605//1605 1604//1604
f 1606//1606 1608//1608 1607//1607
f 1609//1609 1611//1611 1610//1610
f 1612//1612 1614//1614 1613//1613
f 1615//1615 1617//1617 1616//1616
f 1618//1618 1620//1620 1619//1619
f 1621//1621 1623//1623 1622//1622
f 1624//1624 1626//1626 1625//1625
f 1627//1627 1629//1629 1628//1628
f 1630//1630 1632//1632 1631//1631
f 1633//1633 1635//1635 1634//1634
f 1636//1636 1638//1638 1637//1637
f 1639//1639 1641//1641 1640//1640
f 1642//1642 1644//1644 1643//1643
f 1645//1645 1647//1647 1646//1646
f 1648//1648 1650//1650 1649//1649
f 1651//1651 1653//1653 1652//1652
f 1654//1654 1656//1656 1655//1655
f 1657//1657 1659//1659 1658//1658
f 1660//1660 1662//1662 1661//1661
f 1663//1663 1665//1665 1664//1664
f 1666//1666 1668//1668 1667//1667
f 1669//1669 1671//1671 1670//1670
f 1672//1672 1674//1674 1673//1673
f 1675//1675 1677//1677 1676//1676
f 1678//1678 1680//1680 1679//1679
f 1681//1681 1683//1683 1682//1682
f 1684//1684 1686//1686 1685//1685
f 1687//1687 1689//1689 1688//1688
f 1690//1690 1692//1692 1691//1691
f 1693//1693 1695//1695 1694//1694
f 1696//1696 1698//1698 1697//1697
f 1699//1699 1701//1701 1700//1700
f 1702//1702 1704//1704 1703//1703
f 1705//1705 1707//1707 1706//1706
f 1708//1708 1710//1710 1709//1709
f 1711//1711 1713//1713 1712//1712
f 1714//1714 1716//1716 1715//1715
f 1717//1717 1719//1719 1718//1718
f 1720//1720 1722//1722 1721//1721
f 1723//1723 1725//1725 1724//1724
f 1726//1726 1728//1728 1727//1727
f 1729//1729 1731//1731 1730//1730
f 1732//1732 1734//1734 1733//1733
f 1735//1735 1737//1737 1736//1736
f 1738//1738 1740//1740 1739//1739
f 1741//1741 1743//1743 1742//1742
f 1744//1744 1746//1746 1745//1745
f 1747//1747 1749//1749 1748//1748
f 1750//1750 1752//1752 1751//1751
f 1753//1753 1755//1755 1754//1754
f 1756//1756 1758//1758 1757//1757
f 1759//1759 1761//1761 1760//1760
f 1762//1762 1764//1764 1763//1763
f 1765//1765 1767//1767 1766//1766
f 1768//1768 1770//1770 1769//1769
f 1771//1771 1773//1773 1772//1772
f 1774//1774 1776//1776 1775//1775
f 1777//1777 1779//1779 1778//1778
f 1780//1780 1782//1782 1781//1781
f 1783//1783 1785//1785 1784//1784
f 1786//1786 1788//1788 1787//1787
f 1789//1789 1791//1791 1790//1790
f 1792//1792 1794//1794 1793//1793
f 1795//1795 1797//1797 1796//1796
f 1798//1798 1800//1800 1799//1799
f 1801//1801 1803//1803 1802//1802
f 1804//1804 1806//1806 1805//1805
f 1807//1807 1809//1809 1808//1808
f 1810//1810 1812//1812 1811//1811
f 1813//1813 1815//1815 1814//1814
f 1816//1816 1818//1818 1817//1817
f 1819//1819 1821//1821 1820//1820
f 1822//1822 1824//1824 1823//1823
f 1825//1825 1827//1827 1826//1826
f 1828//1828 1830//1830 1829//1829
f 1831//1831 1833//1833 1832//1832
f 1834//1834 1836//1836 1835//1835
f 1837//1837 1839//1839 1838//1838
f 1840//1840 1842//1842 1841//1841
f 1843//1843 1845//1845 1844//1844
f 1846//1846 1848//1848 1847//1847
f 1849//1849 1851//1851 1850//1850
f 1852//1852 1854//1854 1853//1853
f 1855//1855 1857//1857 1856//1856
f 1858//1858 1860//1860 1859//1859
f 1861//1861 1863//1863 1862//1862
f 1864//1864 1866//1866 1865//1865
f 1867//1867 1869//1869 1868//1868
f 1870//1870 1872//1872 1871//1871
f 1873//1873 1875//1875 1874//1874
f 1876//1876 1878//1878 1877//1877
f 1879//1879 1881//1881 1880//1880
f 1882//1882 1884//1884 1883//1883
f 1885//1885 1887//1887 1886//1886
f 1888//1888 1890//1890 1889//1889
f 1891//1891 1893//1893 1892//1892
f 1894//1894 1896//1896 1895//1895
f 1897//1897 1899//1899 1898//1898
f 1900//1900 1902//1902 1901//1901
f 1903//1903 1905//1905 1904//1904
f 1906//1906 1908//1908 1907//1907
f 1909//1909 1911//1911 1910//1910
f 1912//1912 1914//1914 1913//1913
f 1915//1915 1917//1917 1916//1916
f 1918//1918 1920//1920 1919//1919
f 1921//1921 1923//1923 1922//1922
f 1924//1924 1926//1926 1925//1925
f 1927//1927 1929//1929 1928//1928
f 1930//1930 1932//1932 1931//1931
f 1933//1933 1935//1935 1934//1934
f 1936//1936 1938//1938 1937//1937
f 1939//1939 1941//1941 1940//1940
f 1942//1942 1944//1944 1943//1943
f 1945//1945 1947//1947 1946//1946
f 1948//1948 1950//1950 1949//1949
f 1951//1951 1953//1953 1952//1952
f 1954//1954 1956//1956 1955//1955
f 1957//1957 1959//1959 1958//1958
f 1960//1960 1962//1962 1961//1961
f 1963//1963 1965//1965 1964//1964
f 1966//1966 1968//1968 1967//1967
f 1969//1969 1971//1971 1970//1970
f 1972//1972 1974//1974 1973//1973
f 1975//1975 1977//1977 1976//1976
f 1978//1978 1980//1980 1979//1979
f 1981//1981 1983//1983 1982//1982
f 1984//1984 1986//1986 1985//1985
f 1987//1987 1989//1989 1988//1988
f 1990//1990 1992//1992 1991//1991
f 1993//1993 1995//1995 1994//1994
f 1996//1996 1998//1998 1997//1997
f 1999//1999 2001//2001 2000//2000
f 2002//2002 2004//2004 2003//2003
f 2005//2005 2007//2007 2006//2006
f 2008//2008 2010//2010 2009//2009
f 2011//2011 2013//2013 2012//2012
f 2014//2014 2016//2016 2015//2015
f 2017//2017 2019//2019 2018//2018
f 2020//2020 2022//2022 2021//2021
f 2023//2023 2025//2025 2024//2024
f 2026//2026 2028//2028 2027//2027
f 2029//2029 2031//2031 2030//2030
f 2032//2032 2034//2034 2033//2033
f 2035//2035 2037//2037 2036//2036
f 2038//2038 2040//2040 2039//2039
f 2041//2041 2043//2043 2042//2042
f 2044//2044 2046//2046 2045//2045
f 2047//2047 2049//2049 2048//2048
f 2050//2050 2052//2052 2051//2051
f 2053//2053 2055//2055 2054//2054
f 2056//2056 2058//2058 2057//2057
f 2059//2059 2061//2061 2060//2060
f 2062//2062 2064//2064 2063//2063
f 2065//2065 2067//2067 2066//2066
f 2068//2068 2070//2070 2069//2069
f 2071//2071 2073//2073 2072//2072
f 2074//2074 2076//2076 2075//2075
f 2077//2077 2079//2079 2078//2078
f 2080//2080 2082//2082 2081//2081
f 2083//2083 2085//2085 2084//2084
f 2086//2086 2088//2088 2087//2087
f 2089//2089 2091//2091 2090//2090
f 2092//2092 2094//2094 2093//2093
f 2095//2095 2097//2097 2096//2096
f 2098//2098 2100//2100 2099//2099
f 2101//2101 2103//2103 2102//2102
f 2104//2104 2106//2106 2105//2105
f 2107//2107 2109//2109 2108//2108
f 2110//2110 2112//2112 2111//2111
f 2113//2113 2115//2115 2114//2114
f 2116//2116 2118//2118 2117//2117
f 2119//2119 2121//2121 2120//2120
f 2122//2122 2124//2124 2123//2123
f 2125//2125 2127//2127 2126//2126
f 2128//2128 2130//2130 2129//2129
f 2131//2131 2133//2133 2132//2132
f 2134//2134 2136//2136 2135//2135
f 2137//2137 2139//2139 2138//2138
f 2140//2140 2142//2142 2141//2141
f 2143//2143 2145//2145 2144//2144
f 2146//2146 2148//2148 2147//2147
f 2149//2149 2151//2151 2150//2150
f 2152//2152 2154//2154 2153//2153
f 2155//2155 2157//2157 2156//2156
f 2158//2158 2160//2160 2159//2159
f 2161//2161 2163//2163 2162//2162
f 2164//2164 2166//2166 2165//2165
f 2167//2167 2169//2169 2168//2168
f 2170//2170 2172//2172 2171//2171
f 2173//2173 2175//2175 2174//2174
f 2176//2176 2178//2178 2177//2177
f 2179//2179 2181//2181 2180//2180
f 2182//2182 2184//2184 2183//2183
f 2185//2185 2187//2187 2186//2186
f 2188//2188 2190//2190 2189//2189
f 2191//2191 2193//2193 2192//2192
f 2194//2194 2196//2196 2195//2195
f 2197//2197 2199//2199 2198//2198
f 2200//2200 2202//2202 2201//2201
f 2203//2203 2205//2205 2204//2204
f 2206//2206 2208//2208 2207//2207
f 2209//2209 2211//2211 2210//2210
f 2212//2212 2214//2214 2213//2213
f 2215//2215 2217//2217 2216//2216
f 2218//2218 2220//2220 2219//2219
f 2221//2221 2223//2223 2222//2222
f 2224//2224 2226//2226 2225//2225
f 2227//2227 2229//2229 2228//2228
f 2230//2230 2232//2232 2231//2231
f 2233//2233 2235//2235 2234//2234
f 2236//2236 2238//2238 2237//2237
f 2239//2239 2241//2241 2240//2240
f 2242//2242 2244//2244 2243//2243
f 2245//2245 2247//2247 2246//2246
f 2248//2248 2250//2250 2249//2249
f 2251//2251 2253//2253 2252//2252
f 2254//2254 2256//2256 2255//2255
f 2257//2257 2259//2259 2258//2258
f 2260//2260 2262//2262 2261//2261
f 2263//2263 2265//2265 2264//2264
f 2266//2266 2268//2268 2267//2267
