{"cameraMode":{"drawMode":0,"name":"Shaded","section":"Shading Mode"},"sceneLighting":false,"audioPlay":false,"sceneViewState":{"m_AlwaysRefresh":false,"showFog":false,"showSkybox":false,"showFlares":false,"showImageEffects":false,"showParticleSystems":false,"showVisualEffectGraphs":true,"m_FxEnabled":true},"in2DMode":false,"pivot":{"x":-0.027960926294326783,"y":0.7788844704627991,"z":-0.8219928741455078},"rotation":{"x":0.0011491997865960003,"y":-0.9975669980049133,"z":0.01676907390356064,"w":0.06772903352975846},"size":1.0987462997436524,"orthographic":false}