{
    "name": "WSKill",
    "position": [
        2.1500000953674316,
        0.20000000298023224,
        0.0
    ],
    "rotation": [
        0.0,
        0.0,
        0.0
    ],
    "scale": [
        0.5699999928474426,
        0.5699999928474426,
        1.100000023841858
    ]
}