{
    "name": "WSKill",
    "position": [
        2.15,
        0.20000000298023224,
        0.0
    ],
    "rotation": [
        0.0,
        0.0,
        0.0
    ],
    "scale": [
        0.5699999928474426,
        0.5699999928474426,
        1.0
    ]
}