{
    "name": "UI Panel",
    "position": [
        -0.25,
        -0.13500000536441803,
        0.0
    ],
    "rotation": [
        0.0,
        0.0,
        0.0
    ],
    "scale": [
        0.1080000028014183,
        0.4300000071525574,
        1.0
    ]
}