{
    "name": "Annie",
    "position": [
        6.0,
        1.7599999904632568,
        3.0
    ],
    "rotation": [
        1.5707963705062866,
        0.0,
        0.0
    ],
    "scale": [
        9.999999747378752e-05,
        9.999999747378752e-05,
        9.999999747378752e-05
    ]
}