{
    "name": "UI Button1",
    "position": [
        0.0,
        -2.0999999046325684,
        0.0
    ],
    "rotation": [
        0.0,
        0.0,
        0.0
    ],
    "scale": [
        6.900000095367432,
        1.7999999523162842,
        1.0
    ]
}