{
    "name": "PlayerHUD_Mp",
    "position": [
        2.744999885559082,
        -0.61,
        0.0
    ],
    "rotation": [
        0.0,
        0.0,
        0.0
    ],
    "scale": [
        3.8499999046325684,
        0.14000000059604645,
        1.0
    ]
}