{
    "name": "Rift",
    "position": [
        0.0,
        0.0,
        0.0
    ],
    "rotation": [
        0.0,
        1.5707963705062866,
        0.0
    ],
    "scale": [
        0.0010000000474974513,
        0.0010000000474974513,
        0.0010000000474974513
    ]
}